id,text
0,"usually , he would be tearing around the living room , playing with his toys ."
1,but just one look at a minion sent him practically catatonic .
2,that had been megan 's plan when she got him dressed earlier .
3,"he 'd seen the movie almost by mistake , considering he was a little young for the pg cartoon , but with older cousins , along with her brothers , mason was often exposed to things that were older ."
4,she liked to think being surrounded by adults and older kids was one reason why he was a such a good talker for his age .
5,`` are n't you being a good boy ? ''
6,she said .
7,mason barely acknowledged her .
8,"instead , his baby blues remained focused on the television ."
9,"since the movie was almost over , megan knew she better slip into the bedroom and finish getting ready ."
10,"each time she looked into mason 's face , she was grateful that he looked nothing like his father ."
11,his platinum blond hair and blue eyes were completely hers .
12,it was only his build that he was taking after his father .
13,"where megan was a diminutive 5'3 '' , davis was 6'1 '' and two hundred pounds ."
14,mason was already registering off the charts in height and weight according to his pediatrician .
15,davis had seen mason only twice in his lifetime-the day he had been born and the day he came home from the hospital .
16,"after that , he had n't been interested in any of the pictures and emails megan sent ."
17,"with his professional football career on the rise , davis had n't wanted to be shackled with the responsibilities of a baby ."
18,"instead , he wanted to spend his time off the field partying until all hours of the night ."
19,he only paid child support when megan threatened to have his wages garnished .
20,she dreaded the day when mason was old enough to ask about his father .
21,"she never wanted anything in the world to hurt him , and she knew that being rejected by his father would ."
22,"with a sigh , she stepped into the dress and slid it over her hips ."
23,wrestling around to get the zipper all the way up caused her to huff and puff .
24,"standing back from the mirror , she turned to and fro to take in her appearance ."
25,"she 'd always loved how the dress made her feel sexy , but at the same time was very respectable ."
26,"while it boasted a sweetheart neckline , the hemline fell just below her knees ."
27,"she put on her pearls-a high school graduation gift from her uncle aidan , or `` ankle '' , as she often called him ."
28,aidan was her mother 's baby brother and only son of the family .
29,"when she was born , he was only eight and a half ."
30,"as the first grandchild , megan spent a lot of time with her grandparents , and that in turn , meant she spent a lot of time with aidan ."
31,he had devoted hours to holding her and spoiling her rotten .
32,"when it came time for her to talk , she just could n't seem to get `` uncle aidan '' out ."
33,"instead , she called him `` ankle . ''"
34,it was a nickname that had stuck with him even now that he was thirty-four and married .
35,"while it had been no question that she wanted him as godfather for mason , she had been extremely honored when he and his wife , emma , had asked her to be their son , noah 's , godmother ."
36,she loved her newest cousin very much and planned to be the best godmother she could for him .
37,"as she stepped out of the bedroom , she found that mason had yet to move ."
38,"`` okay buddy , time to go . ''"
39,"when he started to whine , she shook her head ."
40,`` we have such a fun day ahead of us .
41,"it 's noah 's baptism , and then there 's a party at uncle aidan and aunt emma 's house . ''"
42,`` beau ? ''
43,he asked .
44,she laughed .
45,"`` yes , you 'll get to see and play with beau , too . ''"
46,"as she went to the couch and picked him up , she could n't help finding it amusing that out of everyone he was going to see today , he was most excited about being with aidan and emma 's black lab , beau ."
47,"one day when they had their own place again , she would get him a dog ."
48,he loved them too much to be denied .
49,"`` oomph , '' she muttered , as they started up the basement stairs ."
50,`` heawy ? ''
51,he asked .
52,"`` yes , you 're getting to be such a big , heavy boy . ''"
53,"when they made it to the kitchen , megan paused to catch her breath ."
54,"she only had a second before her mother breezed in with sean , and her youngest brother , gavin ."
55,`` ready ? ''
56,she asked .
57,megan nodded .
58,"feeling like she was once again a teenager , she filed behind her parents as they headed into the garage ."
59,"`` i want to drive , '' gavin said ."
60,"with a smirk , sean replied , `` like i 'm gon na let you drive my car . ''"
61,he then slid into the driver 's seat as gavin reluctantly walked around to the passenger 's side .
62,"`` we 'll see you there in just a few , '' her mother called ."
63,sean acknowledged her with a two finger salute before cranking up and pulling down the driveway .
64,megan worked to get mason into the car seat in her parents ' land rover .
65,"once he was safely strapped and buckled in , she hopped in beside him ."
66,her parents rattled along to each other as they made their way through the tree-lined suburbs where megan had grown up .
67,"while some might look on her as having a mark against her character being an unwed mother , she had lived a relatively non-rebellious life ."
68,"even though she 'd been a cheerleader and ran with the popular crowd in school , she rarely partied to excess ."
69,"instead , she had focused on getting good grades ."
70,"at that time , she had her heart set on going to medical school and becoming a doctor ."
71,"from the time she was a little girl , she had wanted nothing more than to help people ."
72,she was always mending birds with broken wings or trying to resuscitate squirrels who had been hit by cars .
73,she ditched playing princess for playing `` hospital . ''
74,her desire to become a doctor was why she needed the best scores and best activities and why she generally shunned any temptations to lead her off the right path .
75,she had even managed to bypass the usual freshman craziness when she went off to the university of georgia .
76,it was n't until she fell in love for the first time in her life that she threw everything away .
77,"sadly , she could n't say that her first love was davis , mason 's father ."
78,"instead , it was another football player , this time a running back at uga , who captured and later broke her heart a year later ."
79,"carsyn ran with the fast crowd , and when she was with him , she partied and drank too much ."
80,"he was controlling and possessive , and he wanted all of her time ."
81,"when she was with him , she had little time for studying ."
82,"with her grades already in the toilet , she was unprepared for the emotional breakdown she experienced when carsyn broke up with her ."
83,"devastated , she stopped going to class and ended up flunking the semester ."
84,"by the time she got back on track with her grades , she had abandoned any hope of medical school ."
85,"instead , she decided that she would become a nurse , which would fulfill her need to care for sick people ."
86,"of course , her relationship with davis ended up derailing shortly before graduation when she got pregnant unexpectedly ."
87,she had to take several semesters off after mason was born .
88,"she was a few years off from when she had originally planned on graduating , but she was excited after everything had that had happened , she was finally finishing ."
89,her mother 's voice brought megan out of her thoughts .
90,"`` here we are , '' she said pleasantly ."
91,"leaning forward in her seat , megan eyed the clock on the dashboard ."
92,she was n't surprised to see they had arrived half an hour before the baptism started .
93,one thing her mother prided herself on was being on time and lending a hand .
94,"as they started into the church , her mother reached for mason ."
95,`` we 'll take him so you can go see if emma needs any help . ''
96,megan bent over to kiss mason 's cheek .
97,"`` see you in a little while , sweetie . ''"
98,"he grinned and then happily dodged her mother 's arms for her father 's instead , which made megan smile ."
99,he was such a man 's man already .
100,he loved sitting between her brothers on the couch and watching tv .
101,"while it was good that he had so many male role models , she only hoped he had n't inherited too much of his father 's personality ."
102,"after megan watched them disappear in the crowd of family and friends waiting in the church alcove , she bypassed everyone by turning right and heading down the hallway ."
103,"at the last door on the right , she knocked ."
104,"`` it 's me , megan . ''"
105,"emma 's best friend , casey , answered the door ."
106,"`` well , if it is n't the fairy godmother , '' she mused with a grin ."
107,"after megan stepped inside , casey threw her arms around her ."
108,"megan had only met her a few times , but it was hard not liking emma 's vivacious and outgoing friend ."
109,"casey 's long brown hair was pulled back in a lose knot , and she wore a demure black slip dress and heels ."
110,`` so how 's it going ? ''
111,"megan asked , gazing from noah 's diapered but na**d form to emma ."
112,she was feeding him a bottle while her upper body was draped in a towel .
113,"peeking out from the covering , she saw emma was wearing her signature color , green ."
114,"as noah sucked on his bottle , he twirled a strand of emma 's auburn hair between his fingers ."
115,both father and son were fans of emma wearing her hair down .
116,emma grinned .
117,"`` good , i guess ."
118,"i mean , i do n't have a lot of experience with baptisms . ''"
119,megan laughed and motioned to the towel and noah .
120,`` it looks like you 're taking all the proper precautions-nothing like spit-up on your dress or his . ''
121,"with a nod , emma replied , `` tell me about it ."
122,especially since his gown is so old . ''
123,megan eyed the lacy baptismal gown hanging on the closet door .
124,she recognized it from pictures of ankle 's baptism .
125,"he had worn it , and now it was being passed down to his son ."
126,casey snorted .
127,"`` i 'm sure aidan would n't appreciate you alluding to the fact his gown is an antique , thus in turn saying he 's old . ''"
128,emma laughed .
129,"`` no , i 'm sure he would n't ."
130,"of course , he 'd probably argue that while the gown might not have held up , he still looks fabulous and much younger than his age . ''"
131,megan smiled .
132,`` that sounds just like him . ''
133,she bent over emma to rub one of noah 's hands .
134,he grabbed her thumb in his fist and held on for dear life .
135,"`` aw , you love your godmother , do n't you noah ? ''"
136,emma asked .
137,"noah momentarily stopped sucking on the bottle to flash a quick smile , which warmed megan 's heart ."
138,"`` he 's such a sweet boy , '' she mused ."
139,"`` and a charmer , just like his old man , '' casey mused ."
140,"`` that too , '' megan agreed ."
141,"thinking about her position , she cocked her head at casey ."
142,`` are you sure you 're fine with me being the godmother ? ''
143,casey waved her hand dismissively .
144,"`` honey , the last thing i need is the responsibility ."
145,i plan on spoiling noah rotten and corrupting him as only a good auntie can do ! ''
146,emma rolled her eyes .
147,"`` i 'm very satisfied with both my choices , megan ."
148,you do n't have to worry . ''
149,`` so who is the godfather again ?
150,i know he 's not part of the family . ''
151,casey gasped as her hand flew to her chest dramatically .
152,"`` you mean , you 've never met dr. mcdreamy bollywood ? ''"
153,megan shrugged .
154,"`` no , i have n't ."
155,"i mean , i 've heard about him and how he flew aidan home in time for noah 's birth . ''"
156,she noticed the pleading look that emma exchanged with casey .
157,`` why ?
158,what should i know about him ? ''
159,casey tapped her chin with her index finger .
160,"`` hmm , what should you know about the good godfather ? ''"
161,she winked at megan .
162,"`` first off , he is seriously delectable ."
163,"i mean , the man is like sex on a stick ."
164,"tall , jet-black hair , dark eyes , and he 's built like a brick shithouse . ''"
165,megan suddenly felt her interest piquing .
166,she had n't imagined that the godfather would be good-looking .
167,it had been such a long time since she had dated anyone .
168,scratch that-it had been a long time since she 'd had sex with anyone .
169,she 'd spent the last two years completely dateless since she and davis broke up .
170,she could practically join one of the local parishes as a nun with how long she had abstained .
171,`` really ? ''
172,"`` mmm , hmm ."
173,"he reminds me of that bollywood actor john abraham , '' casey said ."
174,emma snorted .
175,`` since when do you watch bollywood movies ? ''
176,`` since one of nate 's friends asked us to an indian film festival . ''
177,casey grinned at megan .
178,"`` besides the fact that he 's a serious looker , he 's also kind , compassionate , and caring-an overall wonderful man . ''"
179,`` really now ? ''
180,megan questioned .
181,`` and he 's loaded because he 's a doctor . ''
182,this man was sounding better and better by the minute .
183,`` is he single ? ''
184,"emma made a strangled noise before casey replied , `` oh , yeah , he 's single ."
185,he 's a widower actually . ''
186,megan pursed her lips at the prospect .
187,widowers usually fell into two categories-those who were still devastated by their wives ' deaths or those who were ready to have fun and live a little .
188,she certainly hoped this pesh guy fell into the second category .
189,"more than anything , she wanted to have a little fun herself ."
190,`` do you really think you might be interested in dating pesh ? ''
191,"emma asked , as she moved noah to her shoulder to burp him ."
192,"with a shrug , megan replied , `` dating him or just having some fun with him ."
193,sounds like he could use some . ''
194,emma grimaced as she wiped noah 's face off .
195,`` this is exactly why i told aidan not to try and fix you two up . ''
196,`` what do you mean ? ''
197,"`` pesh needs a relationship , not a hook-up after all he 's been through ."
198,"besides his wife 's death , he has n't had it easy on the dating front . ''"
199,`` what happened ? ''
200,"when casey snorted , emma shot her a death glare ."
201,`` nothing .
202,it 's just he does n't need to get involved with someone who is n't interested in a long-term relationship . ''
203,"`` em , you might as well tell her , '' casey urged ."
204,megan glanced between the two of them .
205,`` tell me what ? ''
206,"`` fine , '' emma huffed resignedly ."
207,she handed noah to casey .
208,`` make yourself useful by changing his diaper . ''
209,"as casey got busy cleaning up noah , emma turned to megan ."
210,"`` when aidan and i broke up- '' `` what you meant to say is , after you left aidan when he did n't show up for noah 's gender ultrasound because he was cheating on you ? ''"
211,"casey interrupted , waving around the wet wipe in her hand ."
212,emma closed her eyes for a moment before shaking her head .
213,"`` yes , that 's right ."
214,thank you so very much for bringing up that aspect of our break-up on today of all days . ''
215,casey gripped noah 's ankles and hoisted up his little butt to slide on the new diaper .
216,`` you 're welcome . ''
217,"`` anyway , as you were saying , '' megan pressed ."
218,`` right .
219,so it was when aidan and i were broken up that i met pesh .
220,"i was with your papa fitzgerald the day of his heart attack at the vfw , and pesh was the doctor who treated him . ''"
221,`` so ... you both struck up a friendship then ? ''
222,megan asked .
223,emma grimaced .
224,`` not exactly .
225,"you see , patrick wanted to force aidan to really fight for me , and he felt the best way to do it would be for him to have some competition . ''"
226,megan felt her eyes widening in surprise .
227,`` papa wanted pesh to date you ? ''
228,`` yeah . ''
229,`` did you ? ''
230,emma was momentarily distracted by casey blowing raspberries on noah 's stomach .
231,a smile spread across her face as noah kicked his legs and giggled at casey .
232,`` want me to get him in his dress ? ''
233,"casey asked , as she glanced up ."
234,`` if you do n't mind . ''
235,"bringing her hand to her hip , megan huffed out an exasperated breath ."
236,"`` um , could you please focus for just a minute considering the bomb you just dropped on me ? ''"
237,`` i 'm sorry .
238,i did n't want to tell you at all .
239,"i mean , whatever was between us is all in the past ."
240,neither one of us really cared for each other like we thought we did . ''
241,`` did you ... '' megan said .
242,"at emma 's confused expression , she wiggled her eyebrows suggestively ."
243,emma 's face flushed .
244,"`` no , of course not ! ''"
245,casey eyed emma as she took the baptism gown off the hanger .
246,`` you did make out with him though . ''
247,`` one time .
248,"and he certainly did n't get to second base , '' emma argued ."
249,"with a wicked grin , casey added , `` pity ."
250,wish you could inform us on what he has going on below the waist . ''
251,emma rolled her eyes .
252,`` you 're impossible . ''
253,she snatched the gown away from casey and then started wrestling noah into the yards of fabric .
254,`` it was n't like we were in a relationship .
255,we did n't really even go out together .
256,"he came to the house once to bring me dinner and check on me when i was on bed rest , and then he took me to the opera ."
257,that was it . ''
258,`` was there no chemistry between you two ? ''
259,megan asked .
260,"without responding , emma pulled noah up into a sitting position and started fastening the row of buttons down the back of the gown ."
261,`` em ? ''
262,megan pressed .
263,she gave a heavy sigh before picking noah up .
264,she stared into his face before she responded .
265,`` we had great chemistry together .
266,he was an amazing kisser who got all my senses up and running in all the right ways .
267,"besides the physical part , he is smart , kind , and intelligent-any woman 's dream . ''"
268,she shook her head .
269,`` but it did n't matter because he was n't aidan .
270,"i could never , ever love another man like i do him . ''"
271,"giving noah a kiss on the cheek , she added , `` neither one of us were really in a good place-i was trying to make sure that aidan really was the one , and after being pressured by family and friends , he was trying to date for the first time after his wife 's death . ''"
272,megan crossed her arms over her chest .
273,"`` i get that he does n't need to be hurt , but who is to say that having a fling is going to hurt him ?"
274,maybe it could give him the confidence he needs to go out and find the real woman of his dreams ? ''
275,casey snorted .
276,`` how could a man that looks like that have any self-confidence issues ? ''
277,megan shrugged .
278,`` you never know .
279,"if he was married a long time before his wife died , he might find it hard to get back into the dating world ."
280,especially if the last woman he cared about loved someone else . ''
281,emma shook her head .
282,"`` trust me , he is n't the fling kind of guy ."
283,he wants a wife and children . ''
284,"although megan had a son , she was n't quite ready for marriage ."
285,maybe in a few years but right now she just wanted to date and have fun .
286,she 'd willingly sacrificed so much to ensure that mason could have all of her attention since he was short a father .
287,"after all , he was the greatest hurdle in her having a committed relationship ."
288,she did n't want to open her son up to any hurt that might come from him getting attached to a man she dated only to have them disappear when they broke up .
289,`` ankle really wants to fix us up ? ''
290,megan questioned .
291,emma nodded .
292,"`` regardless of what happened with pesh when we were broken up , aidan does respect and admire him ."
293,he wants pesh to be happy . ''
294,she gave megan a pointed look .
295,"`` most of all , he wants that for you , too . ''"
296,megan wrinkled her nose .
297,`` but i 'm really not ready for all of that yet . ''
298,`` then think long and hard before you agree to do anything about pesh .
299,"he is unknowingly very persuasive , and in the moment , you might forget your resolve only to have it come back later to hurt you ... or him . ''"
300,megan held up her hands in defeat .
301,"`` okay , okay , i promise . ''"
302,emma smiled .
303,`` nothing would make me happier than if you were to fall in love with pesh . ''
304,"with a laugh , megan said , `` did you just hear anything that i said ?"
305,i 'm anti-love . ''
306,`` so was aidan . ''
307,"just as megan opened her mouth to protest , aidan waltzed into the room ."
308,`` everything okay ? ''
309,`` fine .
310,"just finished feeding and dressing him , '' emma replied `` good ."
311,the natives are getting restless to see the little man of the hour before the baptism . ''
312,he strode over to them and took his son into his arms .
313,"`` you ready to go work the crowd , noah ? ''"
314,noah 's response was to grunt and reach for aidan 's tie .
315,"with a laugh , aidan announced , `` i 'll take that as a yes . ''"
316,he then leaned in to kiss emma 's cheek .
317,`` ready mrs .
318,fitzgerald ? ''
319,she smiled before linking her arm through his .
320,"`` yes , mr. fitzgerald , i am . ''"
321,megan and casey followed them out the door and down the hallway .
322,they entered a noisy room crammed with family and friends .
323,she left aidan and emma 's side to seek out her parents to check on mason .
324,"she found her parents , but their arms were empty ."
325,"in a panic , she demanded , `` where 's mason ? ''"
326,her father smiled and pointed over to where a pile of her younger cousins were .
327,"mason was on the lap of her aunt becky 's oldest son , john ."
328,mason was mesmerized with what whatever john was doing on his phone .
329,megan smiled as she walked up to them .
330,`` everything okay ? ''
331,"without taking his eyes off the screen , john replied , `` we 're fine . ''"
332,`` are you sure he 's not bothering you ? ''
333,what she was n't asking was if john was actually keeping an eye on mason between playing on his phone .
334,john glanced up .
335,"`` considering i have two younger brothers , i think i can handle him ."
336,"besides , he 's really into this game . ''"
337,"`` okay then , '' megan replied ."
338,"she spoke to john 's brothers , percy and georgie , before making her way around the room ."
339,all her relatives were interested to hear how her schooling was going and how mason was .
340,she had just turned away from talking to her great aunt and uncle when someone pressed up against her back .
341,"`` do n't look now , but there 's dr. mcdreamy bollywood now , '' casey whispered into her ear ."
342,"without hesitation , her eyes scanned the crowd ."
343,and then she saw him .
344,ankle was taking him around and making introductions .
345,pesh was impossibly tall and wearing a tailor-made black suit .
346,"even beneath the lines of the clothing , she could make out his large biceps and thick thighs ."
347,he obviously spent his downtime between hospital shifts working out .
348,"his wavy , jet-black hair was cut short , and his dark eyes took in all that ankle was saying ."
349,"and while she may have been in a church about to stand up as a godmother , she could n't help the ni**les tightening and panties moistening reaction of seeing him ."
350,"he was all the way across the room , but he had the same effect as if he were standing by her side , rubbing against her ."
351,`` see what i mean ? ''
352,casey questioned .
353,megan licked her lips .
354,"`` oh my , '' she finally managed ."
355,`` sure you do n't want to give him a chance ? ''
356,"fighting the urge to fan herself , megan quickly replied , `` i 'd like to give him many , many chances . ''"
357,"chances at ripping off my clothes , chances at kissing and licking me all over my body , chances at allowing his hands , fingers , and the promising bulge in his pants to stroke me until i orgasm ... yep , many , many chances ."
358,"as if she could read megan 's mind , casey laughed ."
359,"`` oh girl , this has trouble written all over it . ''"
360,chapter three pesh paced nervously around the back of the cathedral .
361,the fact he was in a catholic church was n't the only reason he felt out of his element .
362,"as he eyed the massive statue of jesus , he fidgeted absently with his tie ."
363,"although emma had sworn aidan was fine with the idea of him as godfather , he was still a little apprehensive about seeing aidan again ."
364,"the last time they 'd been together , pesh was the hero flying aidan from north carolina to atlanta just in time for noah 's unexpected birth ."
365,but that was six months ago .
366,"the euphoria of the moment now had time to fade , and to aidan , pesh could still be the man who almost stole emma away ."
367,"a side door opened , and aidan stepped out ."
368,he immediately met pesh 's anxious gaze .
369,"when his lips curved into a wide smile , pesh exhaled the nervous breath he 'd been holding ."
370,"`` well , there you are , '' aidan said , as he strode up ."
371,"he bypassed throwing out his hand , and instead , he pulled pesh to him for a bear hug ."
372,`` emma was worried about you . ''
373,`` she was ? ''
374,"`` yeah , she asked me to come out and see if i could find you . ''"
375,`` i 'm sorry .
376,"i was n't sure where to go , and no one was out here . ''"
377,`` do n't worry about it . ''
378,aidan pulled away .
379,`` so how the hell are you ? ''
380,"pesh could n't help laughing at aidan 's choice of words , especially in a church ."
381,"`` i 'm good , thank you . ''"
382,he cocked his head at aidan .
383,`` and what about you ?
384,is fatherhood agreeing with you ? ''
385,a beaming smile lit aidan 's face .
386,`` i 'm absolutely fantastic .
387,i never could have imagined that being a father would be this ... amazing . ''
388,pesh nodded .
389,`` i want you to know what an honor it is for me to be noah 's godfather . ''
390,`` we 're glad to have you . ''
391,aidan patted pesh 's back .
392,`` and i do mean that . ''
393,`` i hope you do .
394,i have had my concerns ... '' aidan shook his head .
395,"`` well , do n't ."
396,"i 'll admit i was n't too thrilled with the prospect at first , but em was able to make me see the light ."
397,you were there for us when we really needed you .
398,"i mean , besides my wedding day , i would 've missed the most important days of my life-my son 's birth ."
399,i can never thank you enough .
400,"so when it comes down to it , i do n't think i could ask for a better godfather for my son . ''"
401,aidan 's words touched pesh .
402,`` thank you .
403,that means a lot .
404,you have my word that i will always do what is right by noah . ''
405,"after giving him a hearty thump on the shoulder , aidan said , `` come on back with me ."
406,i want to introduce you to everyone . ''
407,`` do they ... '' pesh was n't sure how to ask if aidan 's family knew the story of how he and emma truly knew each other .
408,aidan chuckled .
409,`` let 's just say that pop 's the only one who knows the truth .
410,the others just think you met us when pop had his heart attack . ''
411,pesh could n't help the relieved breath that whooshed out of him .
412,it would have been a nightmare to have most of aidan 's family hating him for trying to steal emma away .
413,`` i see . ''
414,he followed aidan back into a large room filled with chattering people .
415,"as he craned his neck , he saw emma in the corner with noah in her arms ."
416,she looked radiant as ever in an emerald suit .
417,"noah , however , did n't seem too thrilled to be outfitted in the lacy gown that flowed over emma 's arms and stopped mid-thigh ."
418,his tiny brows wrinkled as he waved his fists back and forth as if any moment he might let loose with a scream .
419,"taking him by the elbow , aidan guided him over to a group of men and women ."
420,aidan introduced him to his four sisters and their husbands .
421,"pesh smiled , nodded , and shook their hands before being bombarded by a hoard of aidan 's nieces and nephews ."
422,"`` now i want you to meet my niece , megan ."
423,she 's the godmother . ''
424,`` it would be my pleasure . ''
425,aidan surprised pesh by leaning in and whispering in his ear .
426,`` i 'm pretty sure over half of the people here are gunning for you two to get together .
427,"you know , a real romantic story to tell future kids about how you two met being the godmother and godfather of this sweet and adorable kid . ''"
428,pesh gulped .
429,why was everyone he knew hell-bent on setting him up ?
430,"had emma harbored some secret , ulterior motive in asking him to be noah 's godfather ?"
431,"`` i 'm flattered , but i do n't know if that 's such a good idea . ''"
432,"pulling back , aidan surmised him before winking ."
433,"`` normally i would agree because she is , after all , my niece-my favorite one if i 'm being honest ."
434,"but as much as it pisses me off to admit it , you two would make a great couple . ''"
435,`` we would ? ''
436,`` hell yeah . ''
437,aidan swept his hand over his chin .
438,"`` megan needs someone strong and stable like you are , and then you need someone who is so full of life like she is ."
439,i can guaran-damn-tee you that you 've never been out with a woman like her before .
440,"emma is like , one tenths the sassiness that megan is . ''"
441,pesh could n't help giving aidan a skeptical look .
442,"`` just keep an open mind , okay ? ''"
443,"with a reluctant nod , pesh replied , `` i will . ''"
444,"`` megan , '' aidan called ."
445,"when the tiny blonde turned around , pesh fought to catch his breath ."
446,everything about her from her sparkling blue eyes to her long blonde hair was just like jade 's .
447,how was it possible for someone to remind him so much of what he had lost ?
448,aidan grinned as he glanced between the two of them .
449,"`` i wanted to introduce you to pesh nadeen , the godfather . ''"
450,"thrusting out her hand , megan smiled warmly at him ."
451,`` it 's very nice to finally meet you . ''
452,he stared at it a moment before his good manners overrode his shock .
453,he took her hand in his and shook it .
454,"`` it 's very nice meeting you , too . ''"
455,"`` i 'll leave you two to get to know each other , '' aidan said ."
456,"before pesh could protest , aidan turned and disappeared into the crowd ."
457,he turned to megan and tried clearing his throat of what felt like a wad of sawdust .
458,"he knew he should try to make polite conversation , but he was still so shell-shocked by the way megan looked ."
459,"finally , she took pity on him ."
460,"`` so , emma tells me you 're a doctor . ''"
461,pesh smiled politely .
462,"`` yes , i am . ''"
463,`` what type of medicine ? ''
464,`` emergency services . ''
465,megan 's face lit up .
466,"`` oh , how interesting ."
467,"i 'm about to finish nursing school , and i 've asked for clinical placement in the er . ''"
468,pesh widened his eyes in surprise .
469,aidan had failed to mention that they had the medical profession in common .
470,`` really ? ''
471,megan nodded .
472,"`` i 'm hoping to get placed at grady , even though my parents would die a thousand deaths . ''"
473,he cocked his brows at her .
474,`` i assume they 're afraid for your safety ? ''
475,`` yes .
476,they ca n't help worrying about the neighborhood .
477,"they sometimes forget i 'm an adult , rather than a child . ''"
478,`` what is it about grady that attracts you ? ''
479,`` besides the fact that it 's nationally recognized for its er ? ''
480,he smiled .
481,"`` yes , besides the accolades . ''"
482,megan tilted her head in thought .
483,`` i guess it 's the fact i really want to feel like i 'm making a difference and saving lives .
484,"i feel like at grady i would be seeing some of the worst cases imaginable , and in turn some people who really do n't have a lot of hope . ''"
485,he was taken aback by her words and the passion with which she delivered them .
486,"while she possessed a beautiful exterior , she certainly seemed to have a greater depth of character than he had originally expected ."
487,he did n't often meet someone like her .
488,most of the women at the hospital who threw themselves at him possessed only surface beauty .
489,he did n't have to be with them very long to perceive their true shallowness and self-centeredness .
490,"to them , he was a prize to be won ."
491,he could n't ever imagine megan feeling that way .
492,she was n't the type of woman to care about a trophy man on her arm-she wanted to make her own way in the world .
493,`` it is so good to hear someone speak with such passion about nursing . ''
494,`` really ? ''
495,he nodded .
496,`` we desperately need more people like you .
497,i know i would love to work alongside someone who had your passion . ''
498,she smiled at his compliments .
499,he could n't help noticing what a nice smile she had .
500,the way it framed her heart shaped face made her appear much less like jade than he had originally thought .
501,`` thank you .
502,maybe we 'll end up together . ''
503,"she licked her lips before adding , `` you know , at the same hospital . ''"
504,`` i would like that .
505,but i 'm afraid that wellstar pales in comparison to grady . ''
506,`` surely the suburbs offer some interesting cases ? ''
507,`` they do .
508,"i 've been there since my residency , so i ca n't imagine working anywhere else ."
509,"after all , i would n't be standing here today with you if it were n't for wellstar and your grandfather . ''"
510,`` that 's true . ''
511,"tilting her head , she gave him a very alluring smile ."
512,`` and what a pity that would be if our paths had n't crossed . ''
513,he sucked in a breath at the directness of her statement .
514,could she really be interested in him ?
515,"sure , it was common knowledge that aidan and others wanted them to get together , but he had imagined that she had not known their intentions ."
516,"and while originally he had been turned off by aidan 's suggestion of fixing them up , he could n't help but be intrigued now ."
517,"there was something so refreshingly different about megan , despite her physical similarities to jade ."
518,`` mommy ! ''
519,a small voice cried .
520,pesh glanced over megan 's shoulder where a fair-haired toddler came bounding over .
521,he wrapped his arms around megan 's thigh .
522,she gave him an apologetic look before bending over .
523,"`` what 's the matter , sweetie ? ''"
524,he grinned up at her .
525,`` miss you . ''
526,"with a smile , she bent over and picked him up ."
527,"when he sat on her hip , she turned her attention back to pesh ."
528,"`` this is my son , mason . ''"
529,pesh could n't help noticing how megan searched his face to see if there was any judgment or even disgust at her having a son .
530,he felt neither of those emotions .
531,he had to admit he was a little surprised .
532,aidan had failed to mention that fact as well .
533,"not to mention , she seemed young to be a mother , considering she was just finishing her clinicals ."
534,"`` it 's nice to meet you , mason . ''"
535,`` can you tell pesh hi ? ''
536,megan urged .
537,"`` hi , esh , '' mason said , with a grin ."
538,"pesh could n't help laughing , and he was thankful that megan giggled as well ."
539,`` how old are you ? ''
540,mason held up two fingers to which megan shook her head .
541,`` he 's seventeen months . ''
542,pesh smiled .
543,`` you must be very proud of him . ''
544,`` i am . ''
545,she snuggled mason against her chest .
546,`` he 's the sweetest and best boy i could ever hope for . ''
547,`` you 're very blessed . ''
548,`` thank you . ''
549,"they were interrupted by aidan 's sister , angie , who pesh had met earlier ."
550,`` looks like it 's time to start .
551,come on mason .
552,mommy has to go be noah 's godmother now . ''
553,mason reluctantly went to his grandmother .
554,"`` be good for grammy , '' megan instructed ."
555,"after angie walked off with mason , the other family members began filing out of the room ."
556,pesh turned to megan and gave her a sheepish smile .
557,"`` i must admit that even though i attended a class with emma , i 'm a little unsure of what i 'm supposed to do . ''"
558,`` it 's okay .
559,"just follow my lead , and you 'll be fine . ''"
560,`` thank you . ''
561,"once it was only the two of them and aidan and emma in the room , aidan motioned for them ."
562,a priest in decorated golden robes appeared at the door with a gleaming crucifix in his hands .
563,pesh tried not to feel intimidated as the odd man out in the situation .
564,"music struck up on the organ , and the priest motioned for them to follow ."
565,"before they went out the door , emma glanced down at noah ."
566,"`` please , please , do not scream in there and act like a demon baby ."
567,be the angel i know you can be . ''
568,he acknowledged her request by sticking his tongue out and flailing his fists .
569,aidan chuckled at emma 's plea .
570,"`` relax , babe ."
571,"if he feels you getting all tense , he 's going to get fussy . ''"
572,emma sighed .
573,`` he 's already fussy .
574,he was fine until i put him in the gown . ''
575,"`` i guess he feels that wearing a dress is insulting to his manhood , '' aidan reasoned with a smile ."
576,"when emma shot aidan a death glare , megan and pesh could n't help laughing at the two of them ."
577,aidan winked at emma before starting out the door .
578,"at megan 's side , pesh walked up the aisle ."
579,"when they reached the baptismal font , the music ended , and the priest began speaking ."
580,he informed the crowd of what was about to take place and the significance of all the religious rites noah was about to receive .
581,aidan and emma made the sign of the cross on noah 's forehead before megan leaned in to do the same .
582,"when megan elbowed him , pesh reached over to clumsily follow their lead ."
583,"after he finished , he glanced at megan ."
584,"she smiled and mouthed , `` good job . ''"
585,he returned her smile .
586,he followed through the rest of the proceedings as aidan and emma pledged to raise noah in the faith .
587,then it came time for him and megan to agree to stand by noah as godparents .
588,the priest took a fussing noah from emma 's arms .
589,"when the first trickles of water hit the base of noah 's head , he cooed and kicked his arms and legs ."
590,emma appeared relieved at how noah was n't behaving like a possessed baby as she had feared .
591,"`` thank god he loves his baths , '' aidan muttered beside pesh ."
592,"once the baptism part was finished , the priest made a final talk , and then it was over ."
593,"just as pesh sighed with relief and was looking forward to making a quick exit , aidan grabbed his arm ."
594,`` do n't go anywhere .
595,we have to do pictures . ''
596,"inwardly , he groaned ."
597,"he wanted , no he needed , a moment alone to process his thoughts ."
598,"everything had been so overwhelming-being outside his usual world , meeting all of aidan 's family , and then having the prospect of megan thrown in as well ."
599,"awkwardly , he stood around as a photographer came forward and proceeded to take several pictures of aidan , emma , and noah ."
600,then it was just aidan and noah or emma and noah .
601,"`` okay , i need the godparents now . ''"
602,pesh smoothed down his tie and allowed the photographer to pose him in the group shot .
603,"after they finished with the four of them , noah was handed to megan for pictures with just the godparents ."
604,"as the photographer pushed megan closer against pesh 's chest , he glanced down at her ."
605,her reassuring smile caused his heartbeat to accelerate .
606,"for the first time , he noticed the sweet aroma of her hair as the long , blonde strands brushed against him ."
607,he could also make out the alluring scent of her perfume .
608,he liked the feel of her against him a little too much .
609,it made him want to draw her into his embrace ... maybe do other things that he should n't be thinking when he was in a church .
610,"glancing over her shoulder at him , she joked , `` jeez , you 're like a giant standing next to me . ''"
611,`` am i ? ''
612,he had n't noticed the differences in their heights-he 'd been focusing on her too much .
613,she laughed .
614,`` just a little bit .
615,"of course , it does n't take much for someone to make me look short . ''"
616,"`` you look perfect to me , '' he said sincerely ."
617,"craning her neck back to look at him , she gave him a teasing grin ."
618,`` do i ?
619,"are you flirting with me , dr ."
620,nadeen ? ''
621,"he stared down at his feet , trying to avoid the heat of her stare ."
622,he tried to hide the red flush he felt entering his cheeks .
623,"`` okay , now just with the godmother , '' the photographer ordered ."
624,"reluctantly , pesh stepped away from megan ."
625,"as the flashes went off , snapping hers and noah 's picture , he kept his gaze on her ."
626,"as she focused on the camera , megan 's blue eyes sparkled as she stretched her face into a wide grin ."
627,"noah 's tiny fingers wrapped around some of the strands of her hair , causing megan to yelp in pain ."
628,`` easy now .
629,"i got ta keep that , '' she said to noah ."
630,"`` okay , that should get it , '' the photographer said ."
631,"`` here godfather , it 's your turn , '' megan said , as she handed noah to him ."
632,"by now , noah was tired of being held and tired of being ensconced in yards of lace ."
633,he peered up at pesh before howling .
634,"`` i 'm sorry , little guy , '' he cooed , trying to bounce noah in his arms ."
635,"as noah continued to cry , pesh looked apologetically at the photographer ."
636,"just before he was ready to give up , megan came up and started clapping her hands and making noises at noah ."
637,the baby instantly stopped crying .
638,"`` that 's right , noah ."
639,"give me a smile , '' megan urged , as she backed up to stand by the photographer ."
640,"she continued making the noises , and she even resorted to flashing one of the strands of her hair at him ."
641,"finally , noah 's quivering lips broke into a grin ."
642,"`` there we go , '' the photographer said ."
643,pesh quickly plastered a smile on his face .
644,"after several flashes went off , the photographer put down his camera ."
645,`` got it . ''
646,both noah and pesh sighed in relief .
647,"gazing down at him , pesh asked , `` bet you 're ready to get home and get out of that dress , huh ? ''"
648,"`` it 's a gown , not a dress , '' megan countered with a smile ."
649,he laughed .
650,"`` regardless of what it 's called , i do n't think he likes it very much . ''"
651,megan brought some of the lace between her fingers .
652,`` probably a little itchy for him . ''
653,`` did your son wear this gown ? ''
654,"`` no , this is aidan 's gown ."
655,"mason wore my mother 's , which my brothers and i also wore . ''"
656,`` i see . ''
657,`` in your culture do they do anything special like this for a baby ? ''
658,pesh nodded .
659,"`` we have the namakaran , or naming ceremony ."
660,it 's sometimes held in a temple .
661,"and like this , it 's all about offering blessings to the child-family and friends coming together in support of the new baby . ''"
662,`` i like it . ''
663,they were momentarily interrupted by aidan and emma walking up .
664,noah immediately reached out for emma .
665,"`` such a mama 's boy , '' aidan muttered , which earned him a glare from emma ."
666,he merely winked at her in response before starting down the aisle .
667,pesh saw megan 's mother beckoning her with a wave .
668,"`` guess you need to go , '' he said ."
669,"`` but i 'll see you at aidan and emma 's , right ? ''"
670,she asked .
671,he swallowed hard .
672,"`` um , yes , i 'll be there . ''"
673,"`` good , '' she replied , with an alluring smile ."
674,she gave him a small wave before walking off to join her parents .
675,"shaking his head , he mumbled , `` this is trouble . ''"
676,"chapter four when megan arrived with her parents at aidan and emma 's , she was surprised to see a catering truck outside in the driveway ."
677,her surprise continued once she got inside the house .
678,"gazing out into the backyard , she saw where tables were set up alongside the pool ."
679,the tables were adorned with blue and white tablecloths and glittering blue and white centerpieces .
680,a low whistle behind her got megan 's attention .
681,"turning around , she saw casey shaking her head ."
682,"`` wow , this is one epic baptism party , '' she remarked ."
683,`` it 's impressive .
684,"that 's for sure , '' megan agreed ."
685,"as emma breezed into the kitchen with noah in a more comfortable outfit , casey cocked her head ."
686,"`` so , i was just wondering where the ice sculptures were ? ''"
687,pink tinged emma 's cheeks .
688,`` i kinda got carried away .
689,"with me not working anymore , the old marketing and pr side of me let loose ."
690,"and with my connections , i was able to get everything ridiculously discounted . ''"
691,megan smiled .
692,`` everything looks wonderful .
693,you waited so long to have a baby that it makes sense you might go a little overboard . ''
694,emma wrinkled her nose .
695,`` i never wanted to be one of those moms who threw the over-the-top parties . ''
696,"while casey started to open her mouth , megan smacked her playfully ."
697,"`` it 's just catered in food , right ? ''"
698,emma nodded .
699,"`` they did the tables , too . ''"
700,`` then i think you 're safe from being a momzilla party monster ... for now . ''
701,casey laughed .
702,`` i 'll anxiously be awaiting noah 's first birthday party . ''
703,"with a scowl , emma mumbled , `` whatever . ''"
704,"realizing she did n't see mason , megan quickly excused herself and went outside ."
705,she did n't like the idea of him being close to the pool .
706,"even with everyone around , it was still too dangerous for her liking ."
707,"just as her chest started to tighten , she saw him on her papa 's lap ."
708,the two of them sat at one of the tables underneath the shade of a massive umbrella .
709,"several of her other younger cousins sat around them , playing on their psps and other hand-held devices ."
710,`` everything okay ? ''
711,she asked .
712,"`` we 're fine , honey , '' papa replied ."
713,`` let me know if he gets to be too much . ''
714,"cocking his head , papa demanded , `` are you trying to say i 'm old or something ? ''"
715,"`` no , not at all ."
716,he 's a handful even for me . ''
717,he waved her away with a hand gnarled with age and time .
718,`` go on and enjoy yourself .
719,i 'll keep an eye on mason . ''
720,she smiled and leaned down to kiss his weathered cheek .
721,"`` thanks , papa . ''"
722,he returned her smile .
723,"`` you know , while you 're enjoying yourself , you might go spend a little time with the godfather . ''"
724,megan 's eyes widened .
725,was he trying to set her up with pesh like he had with emma ?
726,he gave her a knowing look .
727,`` be good for both of you . ''
728,"`` um , okay ."
729,"whatever , papa , '' she murmured , before she turned away ."
730,"although she hated to admit it , she had been looking forward to talking to pesh again ."
731,she had tried to kid herself that she had n't secretly been searching the crowd for him when she was taking in all of emma 's decorations .
732,"when she did finally catch sight of him , her traitorous heart skipped a beat ."
733,"she did n't mind if her body gave a reaction , but it pissed her off that her heart was affected by him as well ."
734,he 'd ditched his suit jacket along with his tie .
735,"with the first button of his shirt undone , she could see a tuft of dark chest hair ."
736,she bit her lip at the sight .
737,she was a sucker for chest hair .
738,"her eyes dipped down to take in how the sleeves of his white shirt had been rolled up to his elbows , giving just a glimpse of his defined biceps ."
739,casey had been absolutely right-he was built like a brick shithouse .
740,"megan wanted nothing more than to get better acquainted with his body , especially with fewer clothes on him ."
741,"at the sound of emma 's voice behind her , she jumped ."
742,`` ready to eat ? ''
743,emma asked .
744,"`` um , sure . ''"
745,emma gave her a puzzled look before nodding in pesh 's direction .
746,`` why do n't you ask pesh to join you at aidan 's and my table ?
747,"he does n't know a lot of people , and i would hate to have him end up with the kids . ''"
748,megan quirked her brows in surprise .
749,`` are you sure ? ''
750,`` why would n't i be ? ''
751,"with a shrug , megan replied , `` i do n't know ."
752,maybe because you did n't like the idea of me getting to know him . ''
753,emma shook her head .
754,`` i never said i did n't want you two to get to know each other-i said i did n't want you using him for a fling . ''
755,megan could n't help rolling her eyes .
756,`` the day is n't over yet .
757,i could still turn on my powers of seduction and lure pesh into a night of seedy passion . ''
758,emma stared at her in shock before busting out laughing .
759,`` seedy passion ?
760,"those words and pesh will never , ever go together in the same sentence . ''"
761,`` are you saying that you and aidan have never had seedy passion ? ''
762,`` aidan and pesh are not in the same league of men .
763,"i love aidan , but he 's not necessarily a gentleman ."
764,pesh is . ''
765,"`` yeah , but you 're a lady , '' megan protested ."
766,"`` maybe in the street , but she 's one hell of a freak in the bedroom , '' aidan said behind them ."
767,emma squealed before whirling around to smack him .
768,"`` people could hear you , '' she admonished ."
769,"as aidan chuckled , megan shook her head ."
770,`` forget other people .
771,me having to hear it was painful enough . ''
772,"crossing his arms over his chest , aidan said , `` i came over here to ask if we were going to eat or not ?"
773,people are getting restless .
774,i had no idea i was going to interrupt such an interesting conversation .
775,"of course , i do n't think i want to know why the two of you are discussing emma 's and my sex life right now . ''"
776,emma waved her hand dismissively .
777,`` we were n't .
778,"and yes , we 're ready to eat ."
779,let 's round everyone up . ''
780,"as emma walked off to call people to sit down , aidan grinned at megan before saying , `` total freak . ''"
781,megan closed her eyes as if in pain .
782,`` spare me .
783,please . ''
784,`` just saying .
785,because you never know if your gentleman might be a super freak too . ''
786,"and with a wink , he walked off to join emma , leaving megan to wonder why everyone seemed so concerned with hers and pesh 's love lives ."
787,"as the sunlight started fading , most of the party guests began to trickle out the door ."
788,"by the time it was dark , it was only a few of aidan and emma 's close friends left ."
789,"megan had let her parents take a sleepy mason home , vowing she wanted to stay to help emma clean up ."
790,the truth was she wanted to spend as much time as she could with pesh .
791,"thankfully , she found herself sitting next to him at one of the poolside tables ."
792,somehow they managed to end up by themselves after some of the other guests had left .
793,"leaning forward in her chair , she asked , `` did you always want to be a doctor ? ''"
794,pesh nodded .
795,"`` for my fifth birthday , my father bypassed the usual play doctor 's kits by giving me a real medical bag with tools from the hospital ."
796,"i examined everyone who would stand still long enough , including the two dogs . ''"
797,megan laughed .
798,`` i bet you were a cute little doctor . ''
799,"`` my mother has some embarrassing pictures , '' he replied , with a smile ."
800,`` so your father was also a doctor ? ''
801,"`` yes , he had a general medicine practice for forty years ."
802,he just recently retired . ''
803,`` did he pressure you to follow in his footsteps ? ''
804,he grinned .
805,`` i 'm starting to feel like i 'm being interrogated . ''
806,she laughed .
807,`` i 'm sorry if you feel that way .
808,i 'm just trying to get to know you . ''
809,"`` you 're certainly a very attractive interrogator , '' he said ."
810,`` i think you 're avoiding the question by flattering me . ''
811,`` there 's flattery and then there 's the truth . ''
812,"cocking her brows , she replied , `` and then there 's not answering my question . ''"
813,he held up his hands in defeat .
814,"`` fine , fine ."
815,"no , i did n't feel pressure to become a doctor ."
816,my father would have never wanted me to pursue a profession where i did n't feel useful . ''
817,megan smiled .
818,`` so you 've always had a need to help people ? ''
819,`` pretty much .
820,"as the oldest , i always looked out for my two younger brothers and sister ."
821,my mother has always called me an old soul . ''
822,`` i can see that about you . ''
823,"leaning forward , he rested his elbows on the table ."
824,`` now it is my turn to be the interrogator . ''
825,"`` okay , i do n't mind . ''"
826,`` what about you ?
827,did you always see nursing in your future ? ''
828,`` yes and no .
829,"originally , i wanted to be a doctor . ''"
830,his brows shot up in surprise .
831,`` really ? ''
832,"when she nodded , he asked , `` what happened ? ''"
833,there was no way she was going to tell him the truth about her past and why she had been forced to abandon medical school .
834,"instead , she shrugged ."
835,"`` life happened , i guess ."
836,"i decided on the next best thing , which was nursing . ''"
837,pesh stared thoughtfully at her .
838,`` was it your son ? ''
839,`` excuse me ? ''
840,`` was it your son who changed your plans about medical school ? ''
841,she shook her head .
842,"`` no , it was before i had mason . ''"
843,`` does he ... are you ... ? ''
844,pesh shook his head .
845,`` forgive me .
846,i was being too forward . ''
847,"`` no , go ahead ."
848,i told you i was n't afraid to answer your questions . ''
849,he grimaced .
850,"`` but it 's rude to pry , and it 's not my business . ''"
851,"`` just ask your question , '' she replied ."
852,"after a resigned sigh , he finally asked , `` were you married ? ''"
853,"`` no , i 'm not divorced ."
854,"and no , mason 's father does n't have anything to do with him . ''"
855,anger flashed in pesh 's dark eyes .
856,"`` even though i know nothing of him , i know that he is not a man ."
857,a man does not abandon his children and his responsibilities . ''
858,`` you would be right .
859,"he 's just a boy playing at being a man , '' she replied , glancing down at the table ."
860,"when pesh took her hand in his , she jerked her head up in surprise ."
861,"in a soft voice that vibrated with empathy , he asked , `` he hurt you very much , did n't he ? ''"
862,"as she shifted in her chair , she tried downplaying the moment by wagging her free finger at pesh ."
863,"`` now you 're really turning the heated questions on me , are n't you ? ''"
864,he quickly released her hand .
865,`` i apologize . ''
866,she sighed .
867,"`` no , it 's okay . ''"
868,she raked her fingers through her hair as she tried processing if she was really going to be honest with pesh .
869,"gazing into his eyes , she did n't detect any judgment or prying-there was only compassion ."
870,"`` yes , he hurt me ."
871,he continues to hurt me each time i look at mason and realize what he 's being denied . ''
872,she jerked her chin over to where aidan cradled a sleeping noah in his arms .
873,"as the others talked and laughed around him , aidan stared down at his son with such love in his eyes and adoration on his face that it cut a jagged hole in megan 's chest ."
874,"her chin trembled as she replied , `` i want that for my son . ''"
875,pesh 's dark eyes pooled with empathy as he once again took her hand in his .
876,"`` it is n't the same pain , but i do know how you feel ."
877,i experience it every time i see a husband and wife sharing a loving moment .
878,it drives home what i do not have ... what i have lost . ''
879,megan wiped her eyes with the back of her hand .
880,`` emma told me about your wife .
881,i 'm very sorry . ''
882,"`` thank you , '' he murmured ."
883,"nibbling her bottom lip , megan then hesitantly asked , `` what was she like ? ''"
884,"by his raised eyebrows , pesh seemed surprised by her question ."
885,megan hoped she had n't stepped over a boundary in asking .
886,he leaned back in his chair and drew in an agonized breath .
887,"`` she was my world-the sun , the moon , and the stars . ''"
888,"he met her intense gaze , checking to see if she really wanted him to continue ."
889,"after she gave a brief nod , he began to talk ."
890,he told her how they had met and all the little attributes that jade possessed that made her special .
891,"as megan listened to him speak with such reverence and love about his late wife , she could n't help feeling just a little bit jealous ."
892,she 'd never had a man possess such intense feelings for her .
893,she could n't imagine ever being loved so completely by a man that not even death could lessen his feelings .
894,"`` what you had with jade , what you still feel for her , it 's really beautiful , '' she murmured when he finished ."
895,pesh jerked a hand through his thick hair .
896,`` it 's interesting to hear you say that .
897,i think most women are turned off by what they perceive is a man who ca n't let go of his dead wife . ''
898,megan shook her head .
899,`` i do n't think so .
900,who would n't be turned on by a man who feels so deeply that he did n't stop loving his wife just because she died ? ''
901,"pesh 's eyes widened at her statement , and he sucked in a harsh breath ."
902,"`` most women do n't want to share your heart , '' he challenged softly ."
903,`` then they 're obviously insecure .
904,all of us have the ability to love people in infinite capacities .
905,"i love my son with all my heart and soul , but there will still be room for a man ... someday . ''"
906,"he stared at her for a moment , unblinking and unmoving ."
907,`` i have to say that i find your reasoning absolutely fascinating . ''
908,`` you do ? ''
909,`` yes . ''
910,the intensity of his gaze caused her to laugh nervously .
911,`` i do n't think a man has ever called me fascinating . ''
912,`` that 's a pity . ''
913,"before she could try changing the subject , aidan came by their table with noah in his arms ."
914,"`` after i put him down , i 'm going to make some drinks ."
915,emma wants one of her margaritas .
916,you game ? ''
917,he asked megan .
918,she nodded .
919,a drink would certainly help cool her off after the conversation she 'd been having with pesh .
920,`` sure .
921,i do n't think i 've had one in forever . ''
922,`` neither has she .
923,"i may be peeling her off the ceiling tonight , '' he teased ."
924,megan laughed .
925,`` you have seriously got to stop with the innuendo .
926,"you are my uncle , and it is mortifying and disgusting to have to think of you in that capacity . ''"
927,`` i am so terribly sorry for scaring your sensitive mind . ''
928,"grinning , aidan turned to pesh ."
929,"`` beer okay with you , or would you like something fruity , too ? ''"
930,"`` i 'm fine with a beer , '' pesh replied ."
931,aidan bobbed his head .
932,`` be right back . ''
933,"after aidan headed in the house , pesh caught her staring at him ."
934,`` what ? ''
935,he asked .
936,"`` just surprised you wanted a beer , that 's all . ''"
937,`` and why is that ? ''
938,she shrugged .
939,`` you just seemed a little too refined for beer . ''
940,he tilted his head at her .
941,`` what other preconceived notions do you have about me ? ''
942,"`` none really , '' she lied ."
943,"in her mind , she could n't help thinking how she wanted to make him be dirty just for her ."
944,she wondered what other surprises he might have up his sleeve .
945,"`` for some reason , i do n't believe that . ''"
946,he crossed his arms over his broad chest .
947,`` let me guess .
948,"you think that i 'm a 'refined ' man who drinks wine , would never think of cussing or have inappropriate thoughts , organizes his underwear drawer , and who considers doing the crossword puzzle a fun friday night ? ''"
949,megan could n't help snorting at his summation .
950,it was a good distraction not to focus on how he had mentioned inappropriate thoughts and his underwear drawer .
951,"at the moment , she was having inappropriate thoughts about his underwear ... or hopefully lack thereof ."
952,"of course , she could n't help judging him as not being the commando type ."
953,"`` no , that 's not what i think of you . ''"
954,`` i would hope not .
955,i know that since i 'm a little older than you- '' `` just a little ? ''
956,the corners of his lips turned up .
957,`` obviously you think i 'm an old man . ''
958,"`` no , i do n't , '' she blurted ."
959,`` how old do you think i am ?
960,just shy of adult diapers and a walker ? ''
961,she scowled at him .
962,`` i was not insinuating that at all .
963,i think you 're probably close to ankle 's age . ''
964,pesh 's brows furrowed in confusion .
965,`` ankle ? ''
966,she laughed before explaining where the nickname came from .
967,`` i see .
968,so just how old is ankle again ? ''
969,`` thirty-four . ''
970,"`` hmm , '' pesh murmured ."
971,`` are you younger than that ? ''
972,`` older actually .
973,i 'm thirty-seven . ''
974,"damn , he was a lot older than her ."
975,twelve years to be exact .
976,`` did i shock you ? ''
977,"he asked , with a teasing lilt in his voice ."
978,she shook her head .
979,`` i 'd hardly call thirty-seven old . ''
980,"`` it 's considerably older than you are , right ? ''"
981,"`` i suppose , '' she lied ."
982,he grinned at her as he leaned on the table with his elbows .
983,`` and just how old are you ? ''
984,`` twenty-five-i 'll be twenty-six in a few months . ''
985,`` twenty-five going on twenty-six . ''
986,`` yes . ''
987,`` i must be positively ancient to you . ''
988,he held out his hand and examined it .
989,`` i might have a liver spot or two . ''
990,she smacked his hand playfully .
991,`` shut up .
992,thirty-seven is not old . ''
993,`` see any grey hairs ? ''
994,"he asked , bending over to where his delicious head of hair was in front of her face ."
995,her fingers itched to run through the dark strands .
996,"her mind ran straight to an illicit image of her fingers tugging on his hair as he went down on her , jerking too hard when he sucked and licked her until she came , and then stroking the damp hair back from his forehead as he rose up to cover her body with his ."
997,she cleared her throat that had run dry .
998,"`` no , of course not . ''"
999,he jerked his head up to wink at her .
1000,`` then there 's hope for me yet . ''
1001,`` i would think so . ''
1002,"aidan appeared then , carrying all the drinks on a tray ."
1003,"`` i expect a tip when you guys finish , '' he teased ."
1004,"`` i 'll remember that , '' megan replied ."
1005,"after jerking his chin toward the table next to him , aidan said , `` why do n't you guys come over here with us ? ''"
1006,she fought the urge to slap him .
1007,she was enjoying having pesh to herself .
1008,"`` um , sure ."
1009,"okay , '' she said , reluctantly rising out of her chair ."
1010,"when they changed tables , she was glad to see pesh take the empty chair beside her , rather than across from her ."
1011,"once she got settled in , she was n't lamenting her seat change too much ."
1012,"between casey , and emma 's other best friend , connor , the table was kept in raucous laughter ."
1013,it was good being with a group of friends .
1014,"after she had gotten pregnant , she did n't have much in common with her sorority sisters anymore ."
1015,"then when she became a mom , she rarely saw anyone from her old group ."
1016,her life moved in an entirely different orbit than theirs now .
1017,the conversation and laughter flowed as easily as the drinks .
1018,megan found herself halfway through her second margarita when she started feeling funny .
1019,a flush filled her cheeks at the same time she felt clammy .
1020,"as aidan came back with another beer , she asked , `` did you put something different in this one ? ''"
1021,"`` yeah , we ran out of the tequila i got for the party , so i gave my favorite niece a good dose of sierra silver . ''"
1022,`` what ? ''
1023,megan demanded .
1024,aidan 's brows furrowed behind his tipped back beer bottle .
1025,"once he swallowed , he asked , `` does it taste bad ? ''"
1026,megan pinched her eyes shut .
1027,the room was beginning to spin around her a little .
1028,"as she brought her hand to her forehead , she heard a smack across the room and aidan cry , `` ow , dammit , em ! ''"
1029,"`` that tequila is a hundred and fifty proof alcohol , aidan , '' emma chastised ."
1030,`` sorry .
1031,i did n't realize it .
1032,i just thought it was the better stuff because it was white tequila .
1033,"that 's your drink of choice , not mine . ''"
1034,"oh god , she was in so much trouble ."
1035,she 'd barely consumed any alcohol since she got pregnant and had mason .
1036,now she 'd had one regular dosed margarita and almost a full one of straight alcohol .
1037,a gentle hand landed on her thigh .
1038,`` are you all right ? ''
1039,pesh asked .
1040,she opened her eyes to see two blurry images of him staring at her with concern .
1041,`` not exactly . ''
1042,`` would you like me to take you home ? ''
1043,"`` yes , please ."
1044,while i can still walk . ''
1045,"as she rose out of her chair , she swayed a little in her heels ."
1046,"after taking two steps , aidan 's apologetic face appeared before her ."
1047,"`` i 'm sorry , meggie . ''"
1048,`` it 's not your fault .
1049,and i 'll be fine . ''
1050,she wagged a finger at him .
1051,"`` but when i get shit for coming home drunk , i 'm so telling mom it was your fault . ''"
1052,he smiled .
1053,`` i 'll gladly take the blame and fear angie 's wrath . ''
1054,he leaned in to hug her .
1055,"`` thanks for today-you know , for being noah 's godmother . ''"
1056,`` you 're welcome .
1057,thanks for me asking you . ''
1058,she shook her head .
1059,"`` i mean , thanks for asking me . ''"
1060,"god , this was bad ."
1061,"after exchanging hugs with emma and reassuring her at least twenty times that she would be fine and that she did need to go home , pesh led megan out the front door ."
1062,he slid a strong arm around her waist to steady her as they went down the porch steps .
1063,"as she staggered to the car , she moaned ."
1064,`` i ca n't go home yet .
1065,not like this . ''
1066,she stared up into his face .
1067,`` i ca n't let mason see me like this . ''
1068,he pushed a strand of hair out of her face .
1069,`` do n't worry .
1070,i 'll take you to my house then . ''
1071,`` just so i can sober up ? ''
1072,"she questioned , although she really did n't mean it ."
1073,"she wanted to go to his house for a lot more , especially after being so close to his fabulously built body ."
1074,"`` yes , of course ."
1075,"i 'll make you some strong , black coffee . ''"
1076,"`` thank you , '' she murmured , trying to still the spinning of her head ."
1077,`` you 're welcome . ''
1078,"always the gentleman , pesh opened the door for her , and she collapsed onto the seat ."
1079,"once he made sure she was comfortable , he closed the door and went around the front of the car ."
1080,megan gazed around at the plush interior of the jaguar with its leather seats and sleek console .
1081,"after pesh slid into his seat , he put the key in the ignition and cranked up ."
1082,"as they started backing out of the driveway , she glanced over at him ."
1083,`` do you have to come to the rescue women of drunken . ''
1084,she shook her head .
1085,"`` i mean , drunken women a lot ? ''"
1086,she asked .
1087,"wait , was she slurring ?"
1088,he cut his eyes over at her and smiled .
1089,he seemed to be trying really hard not to laugh at her .
1090,`` not exactly .
1091,but i 'm always happy to help a damsel in distress . ''
1092,megan giggled .
1093,"oh god , now she was giggling ?"
1094,she never giggled .
1095,she eyed pesh suspiciously .
1096,"`` got a hero complex , huh ?"
1097,wan na be every woman 's knight in shining armor ? ''
1098,"`` not every woman 's , '' he murmured ."
1099,"`` mmm , pesh , you wan na be my knight in shining armor ? ''"
1100,"as soon as the words left her lips , she fought the urge to slap her hand over her mouth ."
1101,alcohol always had this effect on her-it left her completely without a sensor .
1102,"pesh 's jaw clenched , and he did n't reply ."
1103,"pitching her upper body over the armrest , she got as close to him as she could ."
1104,`` you did n't answer my question . ''
1105,"taking his eyes momentarily off the road , he pinned her with an intense gaze ."
1106,"`` i 'd be anything and everything you wanted me to be , if you would give me the chance . ''"
1107,"momentarily dumbfounded , she could only stare at him ."
1108,"`` oh wow , '' she replied , as she collapsed back onto the seat ."
1109,the motion caused her to feel dizzy .
1110,"mumbling almost incoherently , she said , `` mmm , hot as f**k and anything i want ."
1111,lucky me . ''
1112,`` i have a feeling you would n't have asked the original question if you were n't intoxicated . ''
1113,"with a snort , she replied , `` drunk or sober that woulda been a helluva line to hear from a man . ''"
1114,`` i 'm glad you think so . ''
1115,"after spending a few moments in tense silence , megan leaned forward to flick on the radio ."
1116,`` do you mind ? ''
1117,`` go ahead . ''
1118,"humming along with one of the songs , she laid her head back on the seat ."
1119,`` i wo n't hurt your ears by singing . ''
1120,`` do you not sing ? ''
1121,"`` oh , i sing , but i do n't do it well ."
1122,emma 's the one with the voice . ''
1123,`` so i 've heard . ''
1124,"turning to look at him , megan asked , `` did she ever sing for you ? ''"
1125,"`` sadly , no . ''"
1126,megan harrumphed as she crossed her arms over her chest .
1127,"`` she made out with you , but she would n't sing for you ?"
1128,that 's just rude . ''
1129,pesh made a strangled noise .
1130,`` emma told you ... about us ? ''
1131,"`` mmm , hmm . ''"
1132,she grinned at him .
1133,`` i hear you 're a great kisser . ''
1134,"cutting his eyes over to her , he gave her a pained look ."
1135,`` it really was n't like that for us .
1136,"i mean , we were n't in love with each other . ''"
1137,"`` yeah , that 's what she said ."
1138,"course , she did admit that you got her all hot and bothered . ''"
1139,`` s-she did ? ''
1140,"he stammered , embarrassment coloring his cheeks ."
1141,"`` hey , the ability to get a woman hot is nothing to be ashamed of ."
1142,"hell , i got turned on when i first saw you today ."
1143,like my panties got wet . ''
1144,"`` megan , do n't , '' pesh warned , gripping the steering wheel to where his knuckles turned white ."
1145,"turning in her seat , she eyed him before licking her lips ."
1146,`` you do n't want me to say how you got me hot in a church ?
1147,how you still get me hot acting all bashful about the sex talk ? ''
1148,`` please .
1149,just do n't . ''
1150,"`` fine , '' she muttered , before flouncing back in her seat ."
1151,she did n't speak to him for a long time .
1152,"instead , she closed her eyes and laid back with her head cushioned on the head rest ."
1153,"when the car started to slow , she snapped her eyes open ."
1154,she did n't know if she fell asleep or passed out .
1155,"sitting up , she peered out the window at the posh houses of the subdivision they were in ."
1156,"as they pulled into the driveway , megan could n't help staring up at the house ."
1157,"`` holy shit , this place is beautiful . ''"
1158,pesh chuckled .
1159,`` thank you . ''
1160,"`` i know you think it 's just the alcohol talking , but i 'm serious ."
1161,you have great taste . ''
1162,`` i hope you 'll like the inside just as much . ''
1163,`` i 'm sure i will . ''
1164,"after he came around to open the door , she hopped out of the car a little too fast ."
1165,"her wobbly legs wavered , and she ended up crashing into pesh 's chest ."
1166,"staring up at him , she gave an apologetic smile ."
1167,`` sorry about that . ''
1168,`` it 's fine .
1169,need some help ? ''
1170,"with the alcohol fueling her libido , she replied , `` if it means having your hands on me , then sure . ''"
1171,"pesh grimaced , but his arm still came around her waist to steady her ."
1172,she loped along beside him .
1173,"after he unlocked the door and punched in the alarm code , she followed him inside ."
1174,her blurry vision took in the expansive kitchen with his gleaming stainless steel appliances .
1175,she followed him as he made his way into the living room .
1176,"motioning toward the couch , he said , `` why do n't you have a seat while i fix you some coffee ? ''"
1177,"while it was a nice idea to sober herself up , she did n't want any coffee ."
1178,she just wanted pesh .
1179,"grabbing the lapels of his suit coat , she pulled herself flush against him ."
1180,`` when did you put this back on ? ''
1181,she wondered aloud .
1182,she felt so tiny against his massive chest .
1183,it was a good feeling though-one of safety and protection .
1184,it also lit her even more on fire with lust .
1185,"cocking her head , she glanced up at him to survey his expression ."
1186,"even in the semi-darkness , she could see his dark eyes burning with desire ."
1187,she ran her hands up his chest to his neck .
1188,she tugged him down to where his face was inches from hers .
1189,"fortified with liquid courage , she brought her lips to his ."
1190,she could n't help the little moan that came from deep in her throat .
1191,"pesh 's mouth was warm , soft , and inviting ."
1192,the brief connection made her want him all the more-for him to devour her .
1193,"tentatively , she slid her tongue across his bottom lip , beckoning him to open for her ."
1194,"almost instantaneously , the warmth of his tongue met hers ."
1195,"they slid against each other , tasting , searching , and seeking ."
1196,"he gripped her face in his hands , holding her captive as his tongue plunged in and out of her mouth ."
1197,emma had been right-the man could kiss like there was no tomorrow .
1198,"he knew when to be gentle with his mouth and then when to switch to more demanding , almost conquering kisses ."
1199,"if he could practically make her soak her panties with just a kiss , what the hell could he do with his dick ?"
1200,"as she started to feel lightheaded and weak on her legs , they stumbled over to the couch before pesh collapsed back , taking her with him ."
1201,"straddling his lap , she gazed at him momentarily before his mouth attacked hers again ."
1202,"as his tongue once again invaded her mouth , she began to raise her h*ps and grind against him ."
1203,"groaning , he broke the kiss by throwing his head back ."
1204,he gulped in long breaths of air like he was a dying man deprived of his last breath .
1205,she felt the same way .
1206,she kissed a trail over his chin and down his neck .
1207,"`` pesh , i want you , '' she murmured into his skin ."
1208,his chest heaved up and down with her declaration as if he was finding it hard to breathe .
1209,she broke away to stare into his eyes .
1210,`` please . ''
1211,chapter five pesh could n't believe the delicious nightmare he found himself trapped in .
1212,"a beautiful , sexy blonde writhed against him ."
1213,"the hem of megan 's dress had ridden up to her hips , and a tiny scrap of lace underwear was the only thing covering her core as she rubbed herself against his crotch ."
1214,her heat and her arousal scorched through the fabric of his pants to singe the skin of his growing erection .
1215,"he wanted nothing more than to flip her on her back , tear away the underwear , and plunge himself deep inside her ."
1216,"it had been so , so long since he had been within the tight walls of a woman ."
1217,"while his conscious railed against him for even entertaining the thought , his body was onboard ."
1218,"`` please , '' megan whimpered , as she continued to rise and fall over his erection ."
1219,`` we ca n't ... we should n't . ''
1220,she ran her hands up his chest before wrapping them around his neck .
1221,`` but i could make you feel good . ''
1222,`` i 'm sure you could . ''
1223,"`` and i know you could make me feel good , too ."
1224,i 'm already drenched just kissing you . ''
1225,"her fingers raked through his hair , tugging desperately on the strands ."
1226,"`` i need this , and you need this . ''"
1227,his body was completely onboard with how much he needed her .
1228,"if she pressed any closer to him , she was going to set him off and make him do something he had n't since he was a teenager , which was come in his pants ."
1229,but his once hazy mind was starting to refocus and overpower the desire pumping through his body .
1230,he could not and would not take her when she was drunk .
1231,it was completely against his character .
1232,"he 'd never taken advantage of a woman , and he never would ."
1233,he gazed into her hooded eyes .
1234,`` but it would be so very wrong . ''
1235,her lip trembled .
1236,`` do n't you want me ? ''
1237,"`` yes , without a doubt . ''"
1238,`` then why wo n't you have sex with me ? ''
1239,`` because you 're inebriated . ''
1240,she rolled her eyes in a huff .
1241,"`` you 're sooo proper , are n't you ?"
1242,a proper gentleman . ''
1243,he cupped her face in his hands .
1244,"`` if not taking advantage of you in your state of intoxication makes me a gentleman , then i suppose i am ."
1245,what kind of man would i be to take you now only to have you wake up with regret and remorse ? ''
1246,`` the kind of man who wants to get laid ! ''
1247,"her hand dipped between them to grasp his erection , causing him to hiss ."
1248,`` i feel you against me-i know you want this as much as i do . ''
1249,"although the devil on his shoulder raged at him , he quickly removed megan 's hand ."
1250,`` believe me when i say i wo n't have sex with you like this .
1251,i would never disrespect you so much as to not make love to you like you deserve . ''
1252,she blinked a few times as if she was having a hard time processing his words .
1253,"`` regardless of what you have going on in that head of yours , you are better than this ."
1254,you deserve a man who will take his time with you and show you what pleasure through making love really is . ''
1255,"`` i 've never had that , '' she whispered regretfully ."
1256,he gave her a sad smile .
1257,`` i did n't think you had . ''
1258,he brushed the hair out of her face and cupped her cheek .
1259,"`` if i take you , i 'll be making love to you ."
1260,"i 'll have you begging and pleading , but you 'll be coming so many times you 'll lose count ."
1261,you 'll understand the difference between a quick tumble and the all-consuming power of a physical connection fueled by an emotional one . ''
1262,she rapidly blinked her blue eyes in disbelief while her cheeks flushed .
1263,"`` oh god , did you actually just say that ? ''"
1264,`` i did . ''
1265,he gave her a teasing smile .
1266,`` and you 'll be calling out my name more than his . ''
1267,`` i ... '' she began before she quickly clamped her lips shut .
1268,her eyes widened before she scrambled off of his lap .
1269,"before he could question her on what she was doing , she threw up all over the front of her dress ."
1270,"when she wavered on her feet like she was going to collapse , pesh tumbled off the couch , reaching out for her ."
1271,"grabbing both of her shoulders , he steadied her ."
1272,she glanced down at her dress before gazing back at him .
1273,pesh 's heart ached at the sight of tears pooling in her eyes .
1274,`` are you all right ? ''
1275,"her chin trembled before big , fat tears slid down her cheeks ."
1276,"`` oh god , '' she whispered ."
1277,`` please do n't cry . ''
1278,"`` t-this is s-so embarrassing , '' she hiccupped ."
1279,`` it 's okay .
1280,you do n't have to be embarrassed . ''
1281,"moaning , she covered her face with her hands ."
1282,"`` first , i made a fool out of myself coming on to you and now i 've puked in front of you like some sorority girl who ca n't handle her liquor . ''"
1283,`` stop beating yourself up .
1284,"come , let 's get you cleaned up . ''"
1285,he slid an arm around her waist to steady her on their way down the hall to the bedroom .
1286,she continued to weep softly as they made their way into the bathroom .
1287,"using his free hand , he flicked on the light ."
1288,`` can you stand in the shower ? ''
1289,"with a weak nod , she replied , `` i think so . ''"
1290,"`` if not , there 's a ledge you can sit on ."
1291,"let me turn on the water for you , and i 'll get you a towel . ''"
1292,he propped her up against the counter before striding over to the shower .
1293,"once he felt the water was a good enough temperature , he then went over to the closet ."
1294,he pulled out a towel before returning to megan who had her head in her hands .
1295,"with his free hand , he took one of her hands and pulled it away from her face ."
1296,`` please stop beating yourself up .
1297,i hate to see you so upset . ''
1298,`` i ca n't help it .
1299,i 'm such a fool . ''
1300,"`` no , if you 're a fool , then so am i ."
1301,we both wanted each other . ''
1302,`` but i got drunk ... i never get drunk anymore . ''
1303,`` it was an accident .
1304,things like that happen . ''
1305,he cupped her chin and forced her to look at him .
1306,`` you are none of the negative things your mind is calling you right now . ''
1307,`` really ? ''
1308,"her broken expression , coupled with her need for his reassurance , nearly crushed him ."
1309,he had to fight from taking her in his arms .
1310,"he knew if he did that , he would end up doing something he should n't with her ."
1311,"finally , he nodded ."
1312,"`` but you do smell , so go on and get in the shower . ''"
1313,the corners of her lips curved up in a half smile .
1314,`` do you have something i can change into ?
1315,and maybe a toothbrush ? ''
1316,he nodded .
1317,`` one second . ''
1318,"leaving her in the bathroom , he went back into the bedroom to his closet ."
1319,he took out a pair of scrubs he knew would be too big and too long for her and then coupled it with an emory university t-shirt .
1320,"when he got back to the bathroom , megan was struggling with the zipper at the back of her dress ."
1321,"with a defeated expression , she dropped her hands ."
1322,`` could you please help me ? ''
1323,`` of course . ''
1324,he sat the clothes down on the counter .
1325,he then reached up to tug down the zipper .
1326,"the back of the dress gaped open , exposing her cream colored skin and navy blue lace bra and panties ."
1327,he closed his eyes to try and block out the glaring images rocketing through his mind .
1328,"his lips on her skin , his tongue licking up her spine , his hands curving around her ribcage to cup her br**sts ."
1329,he forced himself to step back .
1330,"clearing his throat , he replied , `` done . ''"
1331,"glancing at him over her shoulder , megan gave him a weak smile ."
1332,`` thank you . ''
1333,he took out a spare toothbrush from underneath the counter and placed it next to the clothes he 'd brought her .
1334,`` let me know if you need anything else . ''
1335,`` okay . ''
1336,"whirling around , he strode out of the bathroom ."
1337,"not wanting to go too far in case megan needed him , he began pacing around the bedroom ."
1338,he momentarily faltered when he heard the shower turn off .
1339,"he waited for her to appear , but she did n't ."
1340,"just as he was about to knock on the door , the whirring hum of the hairdryer started ."
1341,he continued his pacing as she dried her hair .
1342,"next , he heard the sink water turn on as she brushed her teeth ."
1343,"when it was quiet once again in the bathroom , his feet froze as he stared anxiously at the bathroom door ."
1344,"when it opened , pesh 's breath caught ."
1345,"appearing fresh-faced and clean , megan looked so beautiful as she tentatively stepped into the bedroom ."
1346,`` everything okay ? ''
1347,he asked .
1348,she jumped at his voice .
1349,"`` um , it 's fine ."
1350,thank you again for the clothes and for letting me shower . ''
1351,`` you 're more than welcome .
1352,and there 's no need to thank me . ''
1353,"chewing on her lip , she glanced from the bed to him ."
1354,`` i texted my mother to tell her i was staying the night at emma 's . ''
1355,"before he could say anything , she quickly added , `` thank you for putting my purse in the bathroom ."
1356,that was very thoughtful of you . ''
1357,"`` you 're welcome , '' he replied ."
1358,then he thought of her text .
1359,`` so you 're staying at aidan and emma 's ? ''
1360,"after all , the last thing he needed was to have her here-a reminder of what he could n't have ."
1361,it would be enough to drive any man crazy .
1362,megan shook her head .
1363,`` do you mind if i stayed here instead ? ''
1364,"when he started to open his mouth , she shook her head ."
1365,`` i promise no funny business .
1366,i just do n't want to go home yet .
1367,"if you do n't want to me to stay , you can take me to emma 's . ''"
1368,`` of course you can stay . ''
1369,`` i can sleep on the couch or in the guest room . ''
1370,he shook his head .
1371,`` you 'll sleep right here . ''
1372,he walked over to his massive king-sized bed .
1373,he turned down the covers before glancing back at her .
1374,`` come on .
1375,getting some rest will make you feel better . ''
1376,she eyed him hesitantly .
1377,`` i really ca n't take your bed .
1378,that would be imposing . ''
1379,`` i do n't mind .
1380,i promise . ''
1381,`` only if you 're sure ? ''
1382,`` i 'm sure . ''
1383,"tentatively , she started walking over to him , her eyes never leaving his ."
1384,she eased down onto the mattress before sliding beneath the sheets .
1385,"when she appeared comfortable , he covered her up ."
1386,"as he started to go , she reached out to grab his arm ."
1387,"`` no , please do n't go ."
1388,do n't leave me alone . ''
1389,his brows shot up in surprise .
1390,`` you want me to stay with you ? ''
1391,"`` yes , please . ''"
1392,`` in this bed ... with you ? ''
1393,"when she nodded , he exhaled a ragged breath ."
1394,"`` megan , i do n't think that 's a good idea . ''"
1395,`` do n't overthink it ; just stay with me . ''
1396,"although his brain was raging war at him to make the sane and responsible decision , he replied , `` give me a few minutes . ''"
1397,"`` okay , '' she replied softly ."
1398,"turning , he strode into the bathroom ."
1399,he did n't bother glancing in the mirror because he was pretty sure he would n't like what he saw .
1400,"instead , he stripped off his suit and tie ."
1401,"although he probably should have thrown on more clothes , he left his boxers on and grabbed a white shirt off the hamper ."
1402,"after pulling it over his head , he went back out into the bedroom ."
1403,"megan lay on her side in the bed , her face turned toward the bathroom ."
1404,"her eyes were closed , but they popped open the moment he entered the bedroom ."
1405,"without a word to her , he walked around the other side of the bed and climbed inside ."
1406,"lying on his back , he propped one arm over his head ."
1407,his other hand rested on his chest .
1408,he twisted his fingers into the fabric of his shirt over his heart .
1409,somehow he wanted to still the erratic beating .
1410,"just when he thought he might be comfortable , megan turned over to face him ."
1411,"`` you 're so far away , '' she whispered ."
1412,`` i thought it was for the best . ''
1413,the corners of her mouth momentarily turned down in a pout .
1414,then she inched closer to him .
1415,he sucked in a breath and tried not to hiss when he felt her head nuzzle against his chest .
1416,"before he could stop her , she had thrown an arm around him ."
1417,"thankfully , she did n't try anything else ."
1418,"and within a few minutes , her labored breathing signaled she had fallen asleep ."
1419,pesh stared up at the ceiling and willed himself to be able to go to sleep as easily .
1420,"surprisingly , as megan 's soft snores echoed against his side , his eyes grew heavy ."
1421,"for the first time in two years , he fell asleep with someone in his arms ."
1422,"chapter six sunlight streamed across megan 's face , causing her to squint her eyes tighter closed against the bright invasion ."
1423,"she was warm and comfortable , and she did n't want to wake up ."
1424,but the tranquility of her morning was shattered when a soft snore came from behind her .
1425,it was far too deep to be one of mason 's .
1426,panic prickled its way up her skin .
1427,where am i ?
1428,her eyes frantically scanned the room .
1429,"overcome by both masculine decor and smells , she realized she was in a man 's bedroom , or more importantly a man 's bed ."
1430,she had n't woken up this dazed and confused since she got hammered for the first time .
1431,she could n't even remember what day it was .
1432,this was bad .
1433,"very , very bad ."
1434,she had to get out of there and get home to mason .
1435,what kind of mother was she to wake up in a strange man 's bed ?
1436,"as she tried to roll over , she found herself entrapped by a strong arm wrapped around her waist ."
1437,"her gaze flicked down to the tan , muscled arm ."
1438,who the hell did that belong to ?
1439,a whimper escaped her lips .
1440,"oh god , had she actually slept with a man she had no memory of ?"
1441,never in her life had she made such a mistake as that .
1442,"nausea overcame her , and she knew she needed to get out of bed and into the bathroom ."
1443,she shoved herself so hard away from the person that she ended up elbowing him in the ribs .
1444,he groaned .
1445,"`` oh , i 'm sorry ."
1446,"i did n't mean to hurt you , '' she quickly apologized ."
1447,"`` it 's okay , megan , '' he murmured drowsily ."
1448,that voice .
1449,it took only a second for her to register who she was in bed with .
1450,"and with that realization , everything from the night before came crashing down on her ."
1451,"she had accidentally gotten drunk off her ass , pesh had taken her to his house to sober up , and then ... oh god , she had come on to him like a brazen floozy ."
1452,she buried her head in her hands and moaned .
1453,"`` hey , how do you feel this morning ? ''"
1454,he asked .
1455,`` like i 've been run over by a truck . ''
1456,`` want me to fix you a good hangover cure ? ''
1457,she peeked at him through her fingers .
1458,`` you actually know a hangover cure ? ''
1459,he smiled .
1460,`` you think someone like me has never been drunk ? ''
1461,"when she bobbed her head , he laughed ."
1462,"`` i 'm sorry to disappoint you , but there have been many , many times i 've woken up just as you are now . ''"
1463,`` that 's hard to imagine . ''
1464,she gazed down at the scrubs and t-shirt she was in .
1465,"although she doubted it , she could n't help but ask ."
1466,"`` did we ... '' `` no , we did n't . ''"
1467,she arched her brows in surprise .
1468,"`` if we did n't sleep together , then why did you ... i mean , why are you in bed with me ? ''"
1469,`` because you begged me to stay . ''
1470,she gasped in horror .
1471,"was n't it enough that she had thrown herself so wantonly at him , but now she 'd begged him to stay with her ?"
1472,`` i did ? ''
1473,he nodded .
1474,`` you said you did n't want to be alone . ''
1475,vaguely she remembered pleading with him to lie close to her .
1476,what a nightmare .
1477,`` i 'm so sorry . ''
1478,`` do n't apologize . ''
1479,"when she started to protest , he held up a hand ."
1480,"`` i have to admit it was nice being in bed with someone again-feeling their warmth , the softness of their body as they lay beside you . ''"
1481,he swallowed hard .
1482,`` i 've missed that more than i knew . ''
1483,"overcome with the emotions threatening to overtake her , megan did n't know what to say ."
1484,all she knew is she needed to get out of there .
1485,`` i need to get home ... or to emma 's .
1486,i ca n't let my parents think i stayed out all night with a man i just met . ''
1487,`` i understand .
1488,i would n't dream of compromising your reputation . ''
1489,she stared at him for a moment .
1490,sometimes the way he spoke made it seem like he was from a different world or time period .
1491,"`` i , uh , i need to use the bathroom . ''"
1492,`` go ahead . ''
1493,"tumbling out of the covers , she then streaked across the room ."
1494,"once she closed the door behind her , she exhaled the breath she 'd been holding ."
1495,she made it to the toilet just in time to throw up again .
1496,she wondered after doing the same thing the night before how there was anything left in her stomach to empty .
1497,"once she finished , she leaned over the sink , pooling water in her hand before bringing it to her mouth ."
1498,"after gargling to rid herself of the nasty taste , she eventually dug under the counter for some mouthwash , and then brushed her teeth ."
1499,"without a hairbrush or comb , she did her best to tame her out-of-control hair ."
1500,"once she surmised that she looked presentable enough to face the firing squad , aka aidan and emma , she left the bathroom ."
1501,pesh had thrown on some clothes and stood in the middle of the room .
1502,he raised his brows expectantly at her .
1503,`` i 'm ready to go now . ''
1504,`` of course . ''
1505,"when she started for the bedroom door , she abruptly stopped ."
1506,"`` wait , my dress ? ''"
1507,`` i 'll send it out to be dry cleaned . ''
1508,"`` oh , '' she murmured ."
1509,`` thank you . ''
1510,"in silence , they made their way through the house ."
1511,"megan tried not to be so obvious as she took in the high ceilings of the living room , the floor to ceiling windows that overlooked a large , spacious yard ."
1512,pesh had an amazing house-one that was far too big for just him .
1513,it certainly was made for a family-the one he sadly did n't have .
1514,"as he started to open the door leading out to the garage for her , pesh stopped and turned around ."
1515,"staring intently at her , he said , `` i 'd like to see you again . ''"
1516,megan could n't help the shocked gasp that escaped her lips .
1517,"she 'd made a repeated fool out of herself the night before , and he still wanted to see her ?"
1518,`` you ca n't be serious . ''
1519,`` i am . ''
1520,she gave a slight jerk of her head .
1521,`` i do n't think that is a good idea . ''
1522,`` but why ? ''
1523,he countered sincerely .
1524,"with a contemptuous snort , she replied , `` is n't it obvious ? ''"
1525,"`` if you 're alluding to the fact you accidentally got drunk last night and then became ill , that has little relevance to me ."
1526,"accidents happen , and i 'm man enough to realize that . ''"
1527,he closed the gap between them .
1528,`` i liked being with you yesterday . ''
1529,"remembering what emma had said , megan could n't help asking , `` you want to date me , do n't you ? ''"
1530,`` yes of course .
1531,what else would i want to do ? ''
1532,"when she replied , `` have sex , '' a flush entered his cheeks ."
1533,`` that is not what i meant . ''
1534,`` and that 's a pity . ''
1535,his brows furrowed .
1536,`` whatever do you mean ? ''
1537,`` you and i ... we want different things .
1538,"you want to date and get married again , right ? ''"
1539,"`` yes , that is something i desire very much . ''"
1540,she shook her head .
1541,`` but i do n't want to be in a serious relationship right now with you or anyone for that matter .
1542,i 'm certainly not ready to get married anytime soon .
1543,i just wanted to have some fun with someone . ''
1544,pesh frowned .
1545,`` i do n't think i understand . ''
1546,`` what i want from you is the same thing i wanted last night .
1547,"just sex , '' she answered honestly ."
1548,`` you do n't want to date me ... you only want to have sex with me ? ''
1549,"if the situation had n't been so dire , megan might 've laughed at the horrified expression on pesh 's face ."
1550,he appeared absolutely floored that she could ever think of only using him as a sex toy .
1551,"finally , when she gathered herself together , she shook her head ."
1552,"`` i 'm sorry , but that 's the way i feel . ''"
1553,she braced herself for some sort of wrath out of him or even a lecture .
1554,what he did was even more surprising .
1555,he gave her a sad smile .
1556,`` and i 'm sorry you feel that way because i would have really enjoyed getting to know you better . ''
1557,"without another word , he opened the door ."
1558,"always the gentleman , he waited for her to go through first ."
1559,"tucking her head to her chest , she bypassed him to walk to the car ."
1560,"once again , he appeared to open the car door for her ."
1561,"`` thank you , '' she murmured ."
1562,he nodded before walking around the front of the car .
1563,"without another word to her , pesh cranked up , and then began backing down the driveway ."
1564,"the ride to aidan and emma 's was only twenty minutes , but it seemed to take an eternity ."
1565,the painful silence hung heavy around her .
1566,pesh did n't look at her .
1567,"instead , he kept his gaze firmly on the road ahead of them ."
1568,"when he pulled into aidan and emma 's driveway , megan felt her stomach clench ."
1569,she wished there was some way to make things right between them .
1570,but she had a feeling she had gone too far and said too much .
1571,"as he put the car in park , he turned to look at her ."
1572,"`` thank you for the ride , '' she said ."
1573,`` you 're welcome .
1574,it was my pleasure . ''
1575,"`` most of all , i want to thank you for taking care of me last night ."
1576,you truly went above and beyond .
1577,i can never thank you enough . ''
1578,`` you do n't have to thank me .
1579,i 'm glad i was able to help you . ''
1580,"nibbling on her bottom lip , she finally allowed herself to say what she was holding back on ."
1581,"`` i wish things could be different , '' she said softly ."
1582,"when she dared herself to look at him , she found him staring intently at her ."
1583,"`` i 'm sorry , too ."
1584,take care of yourself .
1585,okay ? ''
1586,she bobbed her head .
1587,`` the same to you . ''
1588,"with trembling hands , she fumbled for the door handle ."
1589,"when she was finally able to open the door , she stumbled out onto the pavement ."
1590,"as she made her way up the driveway , she could feel pesh 's eyes on her ."
1591,the car remained parked as she climbed the porch steps and rang the doorbell .
1592,"she hoped that noah was already up , and she was n't waking the household ."
1593,aidan threw open the door .
1594,`` megan ?
1595,what the hell ? ''
1596,he asked .
1597,his question and concern caused her to burst into tears .
1598,`` why are you crying ? ''
1599,aidan demanded .
1600,`` it 's a long story . ''
1601,he glanced from her out the door to pesh 's car .
1602,his expression darkened .
1603,`` did pesh hurt you ? ''
1604,`` no !
1605,of course not . ''
1606,"`` if he 's made you cry , i do n't care whether he 's noah 's godfather or not ."
1607,i 'll punch his lights out ! ''
1608,she grabbed his arm .
1609,"`` stop it , ankle !"
1610,"it 's not him , it 's me ."
1611,it 's all my fault .
1612,okay ? ''
1613,he stared at her in surprise .
1614,`` what happened ? ''
1615,"`` give me some coffee and a chance to calm down , and then i 'll tell you everything . ''"
1616,"although his expression was skeptical , aidan nodded , and then started to close the door ."
1617,megan stole one last glance of pesh as his car started reversing down the driveway .
1618,she hoped for her sake and his it was the last time she would have to see him .
1619,chapter seven megan nervously tapped her thumbs on the steering wheel of her car .
1620,"her clinical placement had come through , and she was now on her way to make her introductions to her preceptor , the nurse who would supervise her ."
1621,"although she had initially been disappointed in not receiving grady , she was still excited to be doing the last part of the journey to becoming a nurse ."
1622,she was also grateful she had n't received the night shift that some of her fellow nursing students had .
1623,she would have rarely been able to see mason if she had to sleep during the day and work at night .
1624,she pulled into the parking lot of the wellstar er and eased into the first space she found .
1625,"after turning off the car , she grabbed her folder of paperwork along with her purse and headed inside ."
1626,she stopped at the front desk .
1627,`` i 'm not a patient .
1628,i 'm a clinical student here to see kristi parkman . ''
1629,"`` go on through , '' the receptionist said , before she buzzed open the authorized personnel only door ."
1630,"breezing inside the heart of the er , megan could n't help feeling excited ."
1631,she could n't wait until she got her feet wet by working with patients .
1632,"glancing around , she was n't exactly sure how she was going to find the preceptor ."
1633,she stopped at an area teaming with nurses .
1634,`` can i help you ? ''
1635,one of them asked .
1636,"`` yes , i 'm here to see kristi parkman . ''"
1637,a tall blonde woman in her fifties came over to her with a beaming smile .
1638,`` you must be ms .
1639,mckenzie ? ''
1640,`` i am . ''
1641,`` it 's so nice to meet you . ''
1642,megan smiled .
1643,"`` it 's nice meeting you , too . ''"
1644,`` we 're so very glad to have you .
1645,"i 've taken a look at your transcript , and it 's quite impressive . ''"
1646,"`` thank you , '' megan replied ."
1647,`` why do n't i show you around today ?
1648,that way you 'll be ready to go with the flow tomorrow . ''
1649,`` sounds good . ''
1650,"with a smile , kristi led her around the maze of rooms ."
1651,"she pointed out where the medicine room was , the trauma area , and where she would find the break room ."
1652,"each time they passed a nurse or a doctor , kristi was quick to introduce megan ."
1653,"`` everyone seems very friendly , '' megan mused ."
1654,`` it really is a great place to work .
1655,"now , i 'm not going to lie that some of the residents can be real ass**les ."
1656,but we 're so lucky to have a supervisor who is such a sweetheart . ''
1657,`` that 's wonderful . ''
1658,"`` yes , everyone loves dr ."
1659,nadeen . ''
1660,megan 's heartbeat slowed to a standstill .
1661,nadeen .
1662,"no , it could n't be ."
1663,surely there were more doctors with that last name .
1664,"searching her mind , she tried desperately to remember where he said he worked ."
1665,"`` oh good , he 's just down the hall ."
1666,let me introduce you two . ''
1667,"`` no , that 's really is n't necessary , '' megan protested feebly ."
1668,"ignoring her , kristi called , `` dr. nadeen , come meet our newest nursing candidate . ''"
1669,"the moment he turned around , megan felt like she was going to throw up ."
1670,"after spending two months trying hard to forget about her infamous night with pesh nadeen , there he was right in front of her ."
1671,"she could n't help having the classic line from casablanca flash in her head , `` out of all the gin joints in all the world , she had to walk into mine . ''"
1672,"she certainly felt that way about all the hospitals she could have possibly been assigned to , she had to be assigned to his ."
1673,the shock and surprise registered on his face as well .
1674,he was quick to mask it by smiling warmly at her .
1675,"`` hello again , megan . ''"
1676,kristi 's brows shot up at the familiarity of pesh 's greeting .
1677,`` you know each other ? ''
1678,"`` um , well , '' megan began ."
1679,how was she going to explain ?
1680,the last thing she needed was to get off on the wrong foot with her coworkers .
1681,pesh nodded .
1682,`` she and i share a godson . ''
1683,`` oh how wonderful . ''
1684,kristi patted megan 's back .
1685,`` what luck for you then ending up here out of all the hospitals ? ''
1686,"`` yes , what luck , '' megan murmured ."
1687,kristi smiled .
1688,"`` well , i 'll let you two catch up for a minute or two . ''"
1689,"`` no , that 's okay ."
1690,"you do n't have to do that , '' megan protested ."
1691,"waving her hand dismissively , kristi said , `` it gives me a chance to go grab a snack and something to drink ."
1692,"be back in a few , and we 'll finish the tour . ''"
1693,megan fought the urge to run after kristi as she walked off .
1694,"instead , she turned back to pesh who was staring expectantly at her ."
1695,"`` you do n't exactly look happy to see me , '' pesh said ."
1696,she shook her head wildly .
1697,`` how could i be ?
1698,"the man , who i completely made an ass out of myself in front of , is at the hospital where i 'm doing my clinicals ."
1699,that does n't exactly make my day . ''
1700,"`` for the last time , you have nothing to be embarrassed about . ''"
1701,"`` sorry , but that does not make me feel any better , '' she grumbled ."
1702,`` what can i do to put you at ease about working with me ? ''
1703,"rubbing her now aching head , she replied , `` i do n't know ."
1704,"if i thought it would n't make me look bad , i 'd request a transfer . ''"
1705,`` i offend you that much ? ''
1706,pesh asked .
1707,"as she gazed up at him , his expression was wounded ."
1708,"`` no , no , you do n't offend me ."
1709,it 's just that ... '' she chewed mercilessly on her bottom lip before she continued .
1710,"after taking a ragged breath , she replied , `` it 's just that for the past two years , i had pretty good control of my life ."
1711,"the night i was with you , i let all that control crumble ."
1712,"by getting drunk , i became someone else-someone i used to be ."
1713,"the girl , or woman , who would do anything to get a man 's attention ."
1714,"i do n't like that person very much , and i do n't ever want to go back there ."
1715,seeing you just makes me remember all of that . ''
1716,megan could n't help being surprised by how honest she 'd been able to be with him .
1717,pesh remained silent for a moment .
1718,his dark eyes bore into hers .
1719,`` i am sorry that you reflect so negatively on the night we were together .
1720,"for me , it was not marred by drinking or you getting sick ."
1721,i enjoyed spending time with you and getting to know you . ''
1722,he swallowed hard .
1723,`` i enjoyed waking up with you .
1724,i would give anything for you to be able to look at me without having to feel bad about yourself . ''
1725,`` you really enjoyed being with me that night ? ''
1726,he nodded .
1727,"`` when i told you i wanted to see you again , i was serious . ''"
1728,she sighed .
1729,"`` that 's very sweet of you , but i have n't changed my mind about dating . ''"
1730,`` you have n't ? ''
1731,"with a shake of her head , she replied , `` i have too much going on in my life right now to get involved with someone ."
1732,it would n't be fair to them ... to you .
1733,especially since we still want very different things from each other . ''
1734,"`` i see , '' he replied ."
1735,megan noticed the sadness that darkened his expression .
1736,"`` i 'm sorry , '' she murmured ."
1737,`` you have nothing to regret .
1738,any grief i 'm experiencing is once again my fault . ''
1739,he gave her a rueful smile .
1740,`` i seem to keep falling for women who are n't meant for me . ''
1741,she sucked in a harsh breath at his words .
1742,`` falling ?
1743,you are ... you were falling for me ? ''
1744,"pesh opened his mouth to reply , but at the sound of kristi coming back from the break room , he shut it ."
1745,"closing the gap between them , he whispered , `` do n't worry about working with me , megan ."
1746,"we 'll always be friends , and i will respect your wishes and your distance . ''"
1747,"for some reason , his words had the opposite effect they should have , and regret ricocheted through her ."
1748,"finally , she managed to say , `` thank you ."
1749,i appreciate that . ''
1750,"with a smile , he then turned and walked away ."
1751,she heaved a painful breath as kristi walked up to her .
1752,"`` such a sweetheart , is n't he ? ''"
1753,"`` yes , he is , '' megan murmured ."
1754,`` not bad on the eyes either . ''
1755,a nervous giggle escaped megan 's lips .
1756,"`` no , he 's not . ''"
1757,`` i swear that half of the women here in the er act like they 're in heat whenever he comes around . ''
1758,kristi fanned herself .
1759,"`` i mean , that body , those eyes , and those dimples ."
1760,"lord , if i was n't a happily married woman , what i would n't want to do to that man ! ''"
1761,megan knew exactly what kristi meant .
1762,"unfortunately , she was never going to get the chance to experience it for herself ."
1763,somehow she 'd managed to find the only man left in the world who would n't partake in just a sexual relationship .
1764,"no , pesh had to want more than she was willing to give ."
1765,`` did you hear what i said ? ''
1766,kristi asked .
1767,megan snapped her gaze from pesh 's retreating form back to face kristi .
1768,`` i 'm sorry what ? ''
1769,kristi laughed .
1770,"`` oh no , i 'm about to lose another one to dr. nadeen 's charms , huh ? ''"
1771,"shaking her head wildly , megan replied , `` no , no , we 're just friends-i do n't feel anything like that for him . ''"
1772,kristi winked .
1773,"`` yeah , just keep telling yourself that , honey . ''"
1774,"chapter eight as pesh exited one of the exam rooms , he saw megan sitting on a stool at the counter , working on a chart ."
1775,"when the door shut behind him , she jerked her head up and caught him staring ."
1776,he cleared his throat and walked over to her .
1777,"`` hello , '' he said , pleasantly ."
1778,`` hi . ''
1779,"`` so , are you settling in ? ''"
1780,she nodded .
1781,`` everyone has been so nice and helpful . ''
1782,`` good .
1783,i 'm glad to hear that .
1784,we usually have very good success rates with our clinical candidates . ''
1785,megan smiled before her head dipped back down to work on the chart .
1786,"nervously , he scratched the back of his neck ."
1787,things were rolling along with them now that he knew he should n't try to rock the boat .
1788,"after all , he had promised her he would keep his distance ."
1789,but he could n't help himself .
1790,"in the two months since their first encounter , he had n't stopped thinking about her ."
1791,"now that she had shown back up in his life so out of the blue , he could n't help feeling that it was fated ."
1792,"ask her to dinner , his mind shouted ."
1793,he bit down on his lip to keep the question he was burning to ask from escaping his mouth .
1794,"finally , it rushed forth before he could stop himself ."
1795,`` why do n't you let me buy you dinner after work ? ''
1796,megan 's scribbling pen stilled on the chart .
1797,she glanced up and cocked her head at him .
1798,"`` dinner implies a date , and i thought we were clear on that . ''"
1799,he gave her a nervous smile .
1800,"`` well , i was only offering some less palatable cafeteria food ."
1801,i hardly think that constitutes a date . ''
1802,"`` in my realm of dating consciousness , any time you sit down at a table while eating and drinking together , it is a date . ''"
1803,"crossing his arms over his chest , he countered , `` if that were true , it would mean you were dating your father and brother every time you sat down together ."
1804,"i know your family is close , but i do n't believe they 're that close . ''"
1805,megan 's brows rose .
1806,"`` oh , is the good doctor cracking jokes now ? ''"
1807,`` perhaps . ''
1808,the corners of megan 's lips turned up .
1809,`` then what exactly would you consider a date ? ''
1810,"pesh leaned back against the wall , surmising her teasing smile ."
1811,`` a mutually agreed upon event . ''
1812,"`` you 're so proper , '' megan teased ."
1813,"he rolled his eyes at her , something he rarely did until he began spending more and more time in her presence ."
1814,`` and you 're avoiding the initial question . ''
1815,megan put down the pen and chart and crossed her arms over her chest .
1816,"`` so , if you could take me on a date , where would we go ? ''"
1817,pesh rubbed his jaw in thought .
1818,"`` well , if would have to be something you would want to do , but i would begin with dinner . ''"
1819,"when she started to protest , he held up his hand ."
1820,`` somewhere that was romantic with candlelight and soft music-perhaps a place where we could dance in between courses . ''
1821,"staring at him in surprise , megan replied , `` you 're serious ? ''"
1822,`` of course . ''
1823,she slowly shook her head back and forth .
1824,"`` okay , go on . ''"
1825,"`` once we finished wine and dessert , i would then want to take you somewhere you 've never been- '' `` like your bedroom ? ''"
1826,megan interjected with a smirk .
1827,`` i do believe you 've already been there before . ''
1828,"the teasing faded from megan 's expression , and a flush entered her cheeks ."
1829,`` may i continue ? ''
1830,"`` yeah , '' she murmured ."
1831,"`` i would want to be with you to experience something you never have before-an art gallery , an opera , a musical ."
1832,anything that would bring wonderment and excitement to your face . ''
1833,he gave her a small smile .
1834,`` and it would mean all the more that i was getting to share it with you . ''
1835,he watched with almost mild amusement as she processed his words .
1836,"most likely she had never had a man speak to her the way he was , and it was certainly affecting her ."
1837,"feeling like it was time to go in for the kill , he asked once again , `` so , will you have dinner with me ? ''"
1838,pesh leaned forward expectantly as megan opened her mouth .
1839,they were interrupted by the sound of emma 's voice .
1840,`` oh thank god .
1841,i 'm so glad you two are on . ''
1842,her anxious tone was the only thing that could have torn pesh 's attention away from megan .
1843,"he glanced from emma to aidan , who was grimacing and rubbing his head ."
1844,`` what happened ? ''
1845,"emma replied , `` he fell and hit his head , '' at the same time aidan grunted , `` nothing . ''"
1846,megan stepped forward and went over to aidan .
1847,she gasped as she surveyed him .
1848,"`` ankle , your pupils are huge ! ''"
1849,pesh took his penlight out of his coat pocket and went to aidan .
1850,"as he flashed the light into aidan 's eyes , he grimaced ."
1851,"`` yeah , they are ."
1852,what exactly happened ? ''
1853,he made sure to direct his question to emma since she appeared to be the only one being honest .
1854,`` we were at my ob 's for our first ultrasound . ''
1855,pesh 's eyes widened .
1856,`` ultrasound ... you 're pregnant ? ''
1857,`` again ? ''
1858,megan questioned by his side .
1859,the concern for aidan on emma 's face washed away and was replaced with a beaming smile .
1860,"`` yes , i 'm eight weeks . ''"
1861,`` why did n't you say something at dinner sunday ? ''
1862,megan asked .
1863,"`` well , i only found out two weeks ago , and we wanted to wait to tell everyone until we had the first ultrasound . ''"
1864,megan 's blonde brows creased .
1865,`` so what does the ultrasound have to do with ankle hitting his head ? ''
1866,emma pursed her lips and cut her gaze over to aidan .
1867,`` would you like to tell them ? ''
1868,"when he shook his head and then winced , emma sighed ."
1869,"`` when they hooked me up to the fetal monitor , they thought they heard two heartbeats ."
1870,"at the word 'twins ' , aidan passed out and hit his head on the counter and the floor . ''"
1871,"while pesh quickly turned a laugh into a cough , megan was n't so tactful ."
1872,she burst out laughing .
1873,`` you seriously passed out during the ultrasound ? ''
1874,aidan scowled at her .
1875,"`` in my defense , it was n't quite the ultrasound yet . ''"
1876,"at megan 's continued laughter , he shrugged ."
1877,`` it was pretty mind-blowing news . ''
1878,"`` oh ankle , honestly . ''"
1879,aidan turned to pesh .
1880,"`` so am i going to stand around all day getting shit , or are you going to examine me ? ''"
1881,pesh nodded .
1882,`` of course .
1883,your pupils are definitely a matter of concern . ''
1884,"glancing at emma , aidan said , `` just wait for me here . ''"
1885,`` okay . ''
1886,pesh motioned for aidan to go into the first examining room .
1887,"as soon as the door closed behind him , aidan lunged for him , grabbing the lapels of his white coat ."
1888,`` i need a vasectomy .
1889,today . ''
1890,pesh fought the urge to laugh at the absurdity of the situation as well as aidan 's desperation .
1891,"`` okay , let 's get you to sit down ."
1892,you 've obviously been through a lot of trauma in the last hour . ''
1893,aidan plopped onto the examining table .
1894,he buried his head in his hands and groaned .
1895,`` what a f**king nightmare of a day . ''
1896,`` does your head hurt ? ''
1897,pesh asked .
1898,`` a little . ''
1899,`` any nausea ? ''
1900,`` maybe . ''
1901,pesh furrowed his brows .
1902,"`` what do you mean , maybe ? ''"
1903,aidan raised his head .
1904,"`` if you 're asking if i 'm nauseated now , the answer would be no ."
1905,i 'm not .
1906,"but on the other hand , if you 're asking if i get nauseous thinking about the fact that emma could have been pregnant with twins , and i would have had three kids under two and in diapers ... '' aidan shuddered ."
1907,"`` then yeah , i get really f**king nauseous , and the room starts to spin a little . ''"
1908,"easing down on his stool , he rolled over to aidan ."
1909,"`` take a deep breath for me , okay ? ''"
1910,aidan 's chest expanded as he inhaled and exhaled .
1911,"`` again , '' pesh instructed ."
1912,"after a few cleansing breaths , pesh cocked his head at aidan ."
1913,`` better ? ''
1914,"`` yeah , a little , '' aidan croaked ."
1915,he jerked his hand through his hair .
1916,`` are you going to get me a referral for a vasectomy ? ''
1917,pesh held up his hand .
1918,`` i 'm confused .
1919,"if you know that emma is n't having twins , why do you want to have a vasectomy ? ''"
1920,`` because twins run on both sides of our families .
1921,"pop was a twin , and emma 's uncles are twins ."
1922,it 's like we have a genetic bull's-eye hovering over us .
1923,"we can barely be in the same room without conceiving , so it 's just inevitable that she 'll get pregnant again , and then i 'll have four kids ... maybe even five . ''"
1924,aidan swallowed hard as some of the color drained from his face .
1925,`` i ca n't be a baby making machine . ''
1926,"`` actually , most recent studies still conclude that identical twins can happen to anyone , whereas , fraternal twins are the result of the mother producing two eggs in a single cycle ."
1927,this tendency to create multiple eggs is passed from mother to child .
1928,"given that emma does n't have a non-identical twin , you are fairly safe . ''"
1929,"aidan tilted his head , his expression one of confusion ."
1930,`` so you 're saying i do n't have to worry about that ? ''
1931,"`` without knowing emma 's full genetic history , i could n't say , but it sounds like a no-at least for fraternal twins . ''"
1932,"after processing pesh 's words , aidan shook his head ."
1933,`` like it really matters about the twins .
1934,we 're still way too fertile together .
1935,i need to stop this before it gets out of hand . ''
1936,`` and what does emma think about all of this ? ''
1937,a red flush entered aidan 's cheeks .
1938,"`` um , well , i have n't actually mentioned it to her . ''"
1939,`` you do n't think your wife needs to know about such a life-altering decision ? ''
1940,"`` well , of course i 'd tell her before i went in for the surgery . ''"
1941,"as pesh crossed his arms over his chest , he could n't help wondering just how hard aidan had been hit in the head ."
1942,`` you can not seriously be sitting there saying that . ''
1943,aidan stared at pesh for a moment before he groaned .
1944,"`` oh man , i 'm being a giant , selfish tool about this , are n't i ? ''"
1945,pesh smiled .
1946,`` pretty much . ''
1947,aidan rubbed his hand over his eyes .
1948,`` it 's just ... being a father is f**king scary sometimes .
1949,"i worry about noah constantly , and now there 's another baby in the mix ."
1950,"plus , another baby means more time taken away from emma . ''"
1951,he gave a weak smile .
1952,`` i love her so much .
1953,"sometimes ... i just ca n't get enough of her , and i do n't want to share . ''"
1954,`` i think that 's a perfectly normal feeling . ''
1955,aidan shook his head .
1956,`` it makes me sound like a selfish bastard .
1957,"i mean , who is jealous of their kid for taking their wife 's time ? ''"
1958,`` a lot of men .
1959,so stop beating yourself up over what you 're feeling .
1960,"most of all , do n't bottle it up ."
1961,talk to emma . ''
1962,aidan 's blue eyes widened as he shook his head furiously back and forth .
1963,"`` oh hell no , i do n't want her thinking badly of me . ''"
1964,`` she wo n't .
1965,emma always appreciates honesty . ''
1966,`` about me being jealous of her time with our kids ?
1967,i 'm pretty sure she would not want me being honest about that . ''
1968,`` what has emma always said is the most important thing in a relationship ? ''
1969,`` trust . ''
1970,pesh nodded .
1971,`` so how are you building her trust by lying to her about your feelings ? ''
1972,aidan 's blonde brows furrowed .
1973,`` so i should just tell her i 'm afraid of losing her and that i want us to maximize our time together ? ''
1974,`` i would think so .
1975,i do n't think any woman could get angry hearing her husband say how much he loves her and wants to be with her . ''
1976,aidan appeared thoughtful .
1977,`` i guess you 're right . ''
1978,pesh smiled as he patted aidan 's shoulder reassuringly .
1979,`` you 're doing a wonderful job being a father .
1980,i 'm sure you 'll do just as well with a second and maybe even a third child . ''
1981,"at the mention of a third child , aidan swallowed hard , his adam 's apple bobbing up and down ."
1982,`` i do n't mind a third kid ... just not now .
1983,maybe in a couple of years . ''
1984,he glanced up and smiled at pesh .
1985,`` but thanks for the vote of confidence on me being a father . ''
1986,`` i just call it as i see it . ''
1987,`` i appreciate that . ''
1988,`` how about i check on your head now ? ''
1989,aidan nodded .
1990,`` okay . ''
1991,pesh started feeling for unusual lumps and bumps on aidan 's head .
1992,"`` hmm , i do n't feel anything abnormal ."
1993,"but just to be on the safe side , i want you to have a ct scan to rule out concussion or any brain bleeds . ''"
1994,"`` jesus , i could have all of that from just hitting my head ? ''"
1995,`` you would be surprised .
1996,"let me go call in the order , and they 'll come take you back ."
1997,hopefully you wo n't have too long a wait .
1998,we 're usually slower during the afternoons when the doctors ' offices and imaging centers are open . ''
1999,"as he started for the door , aidan stopped him ."
2000,"`` hey , man , with all the craziness , i almost forgot to ask how is megan doing with her placement ? ''"
2001,"pesh did n't have to think twice before responding , `` she is going to make an incredible nurse . ''"
2002,aidan grinned .
2003,`` i 'm glad to hear it .
2004,not that i ever doubted her abilities .
2005,it 's just good to hear her praises sung by a doctor . ''
2006,"popping pesh on the chest teasingly with his hand , aidan asked , `` how 's it going between you and megan ? ''"
2007,pesh almost laughed out loud at aidan 's forthrightness .
2008,"it was not in his nature to be so blunt , and after megan turning him down yet again , he was n't really sure how to answer ."
2009,`` i truly respect and admire megan . ''
2010,he considered that the most diplomatic way to answer her uncle 's enquiry .
2011,"despite feeling glad that he obviously had earned his friend 's respect , he would n't say anything untoward about megan in front of him ."
2012,it is her business who she did or did n't date .
2013,`` that 's not what i meant . ''
2014,`` i did n't imagine it was . ''
2015,"aidan eyed him before saying , `` look i know you got off to a rocky start , but it 's not hopeless ."
2016,are you planning on asking her out ? ''
2017,"`` you 're not letting this go , are you ? ''"
2018,`` nope .
2019,not a chance . ''
2020,pesh shoved his hands into his lab coat .
2021,"`` i have asked megan to accompany me on a date , but at this point , we are at a stalemate ."
2022,"but , i am not planning on giving up anytime soon ."
2023,does that satisfy your inquisition ? ''
2024,"aidan laughed , but then his brows furrowed ."
2025,`` what do you mean ?
2026,you two looked pretty cozy and comfortable together when we walked up . ''
2027,"with a regretful shake of his head , pesh replied , `` she does n't want to date me . ''"
2028,`` i call bullshit .
2029,"i may have been bonked in the head , but no one could deny the way she was looking at you ."
2030,"maybe if you- '' although it was against his character , he let his anger override his better judgment ."
2031,"`` she wants me for sex but not for a relationship , okay ? ''"
2032,aidan 's mouth gaped open .
2033,"`` you mean , she 's acting like ... a dude ? ''"
2034,"`` if you mean that she has pretty much refused to go to dinner with me or any other honorable event that a man and woman can partake in on a date , and instead , she would rather pursue a strictly physical relationship , then the answer is yes . ''"
2035,"`` my god , it 's like she 's turned into the old me , '' aidan muttered ."
2036,he ran his hand over his face before he looked at pesh again .
2037,`` i 'm so sorry . ''
2038,"with a shrug , pesh replied , `` she 's still very young ."
2039,"i suppose in her eyes , she 's been deprived of fun the last two years ."
2040,this is a way for her to make up for that .
2041,regardless if we agree or understand it . ''
2042,"`` well , i still call bullshit on the whole thing . ''"
2043,"he gave pesh a long , hard stare ."
2044,"`` you have to keep trying , no matter what . ''"
2045,"`` i did n't say i was giving up , did i ? ''"
2046,"`` no , but i know from personal experience how hard it is to keep trying when it feels like you are n't winning . ''"
2047,`` what occurred with you and emma is totally different than with megan and me . ''
2048,`` you still have to try . ''
2049,aidan hopped off the examining table and wobbled for a moment on unsteady legs .
2050,"`` megan has been hurt before , and i do n't think she really knows what it is to be loved ."
2051,not deeply where her needs were considered .
2052,"hell , she was only twenty-three when she got knocked up ."
2053,"i want her to find someone who will cherish her , man ."
2054,i want my girl cared for . ''
2055,he patted pesh 's shoulder .
2056,`` i think that someone could be you . ''
2057,`` we 'll see . ''
2058,"when aidan started to argue , pesh shook his head ."
2059,`` time to see about your head . ''
2060,"`` whatever , '' aidan mumbled ."
2061,"when pesh opened the door for aidan , emma and megan stared expectantly at them ."
2062,`` so what 's the verdict ? ''
2063,megan asked .
2064,"`` i think he 's going to be just fine , but to be on the safe side , i 've ordered him a ct scan . ''"
2065,emma 's eyes widened in fear .
2066,`` you think he has some brain injury from the fall ? ''
2067,she asked in a panicky voice .
2068,pesh smiled to try and put her at ease .
2069,"`` i do n't think there 's anything wrong besides a slight bump on the head , but i want to make sure there is nothing wrong with him . ''"
2070,"`` okay then , '' emma replied ."
2071,an orderly appeared with a wheelchair to escort aidan to his scan .
2072,"before he sat down , aidan leaned over to kiss emma ."
2073,"`` i 'm fine , babe ."
2074,stop worrying .
2075,it is n't good for you or the baby . ''
2076,she gave him a weak smile .
2077,`` i 'll try hard not to . ''
2078,he winked at her before collapsing down in the wheelchair .
2079,`` nothing can keep me down-you should know that by now . ''
2080,megan snorted .
2081,`` at least we know the bump did n't do anything to your ego . ''
2082,"`` of course not , '' emma agreed ."
2083,kristi poked her head out of one of the examining rooms .
2084,"`` dr. nadeen , i need you . ''"
2085,he nodded before turning to megan .
2086,`` why do n't you show emma to one of the family waiting rooms ? ''
2087,"`` sure , '' megan replied ."
2088,emma reached up to hug him .
2089,`` thanks for taking care of aidan . ''
2090,`` it was my pleasure . ''
2091,he gave them a final wave before disappearing into the waiting patient 's room .
2092,"but after talking to aidan , he definitely had a little more determined bounce in his step ."
2093,"chapter nine two days later when megan came in for a later shift , she found the emergency room in a state of chaos ."
2094,"`` whoa , what happened ? ''"
2095,"she asked kristi , after she 'd clocked in and put away her things ."
2096,kristi rolled her eyes .
2097,`` every month or so we seem to have a day where everything is madness from start to finish .
2098,you can never anticipate it-you kinda just have to go with the flow . ''
2099,she grinned at megan .
2100,`` so get ready to be on your toes today . ''
2101,megan laughed .
2102,"`` okay , sounds good . ''"
2103,"as they started working their way through patients , things continued to escalate into overwhelming territory for megan ."
2104,kristi seemed to be experiencing the same feeling since the tops of her cheeks had a shine of perspiration beads on them .
2105,"the moment they finished with one patient and disinfected the room , another patient was waiting to enter it ."
2106,megan followed behind kristi as she went to poke her head in to the registration area .
2107,"`` hey janet , could you not call anyone else back ?"
2108,we 're getting swamped . ''
2109,janet shook her head .
2110,`` it 's just as crazy out in the waiting room .
2111,like we 're almost overflowing . ''
2112,kristi rolled her eyes .
2113,`` fabulous .
2114,"it 's probably another full moon , which makes things absolutely insane . ''"
2115,she turned back to megan .
2116,"`` listen , since we 're so swamped , can you take the man in exam b ? ''"
2117,megan could n't help her eyes from widening .
2118,`` really ?
2119,on my own ? ''
2120,kristi smiled before patting megan 's hand .
2121,`` i 've seen you in action the last week .
2122,i have faith in you . ''
2123,"`` okay , if you 're sure . ''"
2124,`` i 'm positive . ''
2125,megan could n't contain her smile .
2126,`` thank you . ''
2127,"taking her ipad , she flipped open the registration details on the patient awaiting her ."
2128,"when she pushed open the door , she eyed the man on the examining table ."
2129,"`` good evening mr. robertson , i 'm megan ."
2130,what- '' before she could even get out the standard `` what seems to be the problem ? ''
2131,"question , the man started shaking his head furiously ."
2132,"`` no , no ."
2133,i wo n't let you examine me .
2134,i want a doctor .
2135,a male doctor .
2136,you understand ? ''
2137,"`` sir , i understand , but i have to follow protocol , which is to ascertain your issues before the doctor comes in ."
2138,i see on the chart that you 're experiencing some abdominal swelling ? ''
2139,he refused to meet her eye .
2140,"instead , he gazed over at the wall before holding up one finger to her ."
2141,`` i meant what i said .
2142,i demand to see a male doctor . ''
2143,"`` yes , but we 're very backed up this afternoon ."
2144,"i 'm not sure how long it will be before you are able to see a doctor , least of all a male doctor . ''"
2145,"when it appeared the man 's resolve was fading a little , megan took a tentative step forward ."
2146,"`` please , if you would just let me take a look at your abdomen . ''"
2147,"`` it is n't my stomach , '' he mumbled ."
2148,`` then what is it ? ''
2149,"when he did n't respond , she sighed with frustration ."
2150,"`` mr. robertson , you can not ignore abdominal swelling ."
2151,it can stem from many issues and have many repercussions . ''
2152,he shifted uncomfortably on the table .
2153,"just when she thought she was making headway with him , he threw his head back and began screaming at the top of his lungs ."
2154,`` get me a male doctor ! ''
2155,megan rolled her eyes .
2156,"the first time she had the chance to see a patient on her own , and he had to be a stark raving lunatic ."
2157,"refusing to give into him or accept defeat , she stalked over to him ."
2158,she was going to exam his sexist ass if it was the last thing she did .
2159,"`` keep screaming , and i 'll call security , '' she warned before snatching the sheet off him ."
2160,"his screams cut off to a shriek as he clawed for the sheet , but the damage was done ."
2161,she had seen more than enough .
2162,`` oh .
2163,my .
2164,"god , '' she murmured ."
2165,she gazed wide-eyed and open-mouthed at what had to be the poster child picture to go along with the warning labels on viagra and cialis for four-hour erections .
2166,`` that 's going to have to be aspirated . ''
2167,`` excuse me ? ''
2168,he demanded .
2169,she cocked her head at him .
2170,`` the excessive blood in your penis ? ''
2171,he nodded .
2172,`` it 's not just going to go away on its own .
2173,"it has to be aspirated , which means drained out . ''"
2174,mr. robertson swallowed hard .
2175,`` like with a needle ? ''
2176,"`` yes , with a very large needle . ''"
2177,"when he started to protest , she brought her hand up ."
2178,"`` lucky for you , i can not do the procedure-it is to be handled strictly by a doctor . ''"
2179,`` a male ? ''
2180,"`` if it came to your penis exploding from the pressure by waiting for a male doctor , would you seriously be that picky ? ''"
2181,his blue eyes widened in horror .
2182,"`` yeah , i thought so ."
2183,i 'll be back . ''
2184,"when she whirled out of the room , she ran right into the last person she wanted to have to deal with at the moment ."
2185,`` i 'm so sorry .
2186,are you all right ? ''
2187,pesh asked .
2188,`` i 'm fine . ''
2189,he smiled down at her .
2190,`` doing some patient evaluations on your own ?
2191,that 's wonderful . ''
2192,"`` um , well , yes and no . ''"
2193,his brows knitted in concern .
2194,`` what 's wrong ? ''
2195,she could n't imagine telling pesh about mr. robertson 's condition .
2196,the last thing she was going to do was refer the case to him .
2197,"draining an engorged penis should be left to the interns , not an attending physician ."
2198,"`` oh , it 's nothing ."
2199,he 's just a little demanding . ''
2200,"at that moment , the door to the exam room flew open ."
2201,"mr. robertson stood hunched over , his legs an almost painful distance apart ."
2202,"he took one look at pesh and his white coat , and he lunged at him ."
2203,`` help me .
2204,please ! ''
2205,"although it was strictly against the nursing code , she would have loved nothing more than to have throttled mr. robertson right then and there ."
2206,pesh grasped mr. robertson 's hands on his coat and pulled them down .
2207,"`` sir , you need to get back inside ."
2208,"as unsteady as you are , you certainly do not need to be on your feet . ''"
2209,"as pesh led mr. robertson back to the examining table , megan reluctantly followed them inside the room and closed the door ."
2210,`` what seems to be the problem ? ''
2211,mr. robertson glanced from pesh to megan and then back to pesh .
2212,"with a sheepish expression , he replied ."
2213,"`` um , i seem to be having some lower abdominal swelling . ''"
2214,megan had to fight from rolling her eyes .
2215,she stepped between pesh and mr. robertson and looked pesh full on in the eye .
2216,"`` while the patient refuses to acknowledge his condition , it appears after examination that he has an extreme priapism . ''"
2217,"at the word , color flooded into pesh 's tan cheeks , and he broke eye contact to momentarily stare down at the floor ."
2218,his reaction was exactly what megan had feared she would experience in the moment .
2219,she had hardly imagined his level of professionalism would allow him to be embarrassed about a medical condition .
2220,"but of course , their past interactions made anything of the sexual kind a little more mortifying than if she was dealing with one of the male interns ."
2221,"it took pesh only a few seconds to recover , and then he immediately turned his attention to mr. robertson ."
2222,`` did you take any erectile dysfunction medication in the last four to six hours ? ''
2223,"when mr. robertson started to look at megan , pesh shook his head ."
2224,`` my nurse will stay with me through the duration of your care .
2225,"so i will repeat once again , did you take any medication ? ''"
2226,`` cialis . ''
2227,`` how many milligrams ? ''
2228,"when mr. robertson shrugged , pesh demanded , `` are you being purposefully evasive , or do you not know ? ''"
2229,"`` i do n't know , okay ?"
2230,i got it off a buddy of mine . ''
2231,`` do you normally take medication that is n't prescribed to you ? ''
2232,`` i just wanted to try it out . ''
2233,pesh glanced over at megan .
2234,`` i 'm going to ask for a full blood work-up .
2235,who knows what else he might 've taken . ''
2236,megan nodded and punched in the code on the electronic chart to get a member of the phlebotomy team up to draw the blood .
2237,"after going over to the dispenser , pesh slid a pair of rubber gloves on ."
2238,`` i 'm going to have to examine you now . ''
2239,"with a resigned huff , mr. robertson threw the sheet back ."
2240,megan bit down on her lip to keep from laughing at the expression on pesh 's face .
2241,she was pretty sure he had n't had to deal with a lot of penises that resembled enormous eggplants in his career .
2242,"of course , her amusement quickly faded when she realized how awkward it was being in the room with him while he held another man 's penis in his hand ."
2243,she tried busying herself with the electronic chart in front of her .
2244,she wanted to do anything but look at the scene unfolding before her .
2245,"once pesh finished that part of the exam , mr. robertson eased back down on the examining table , and pesh once again eyed the eggplant-colored penis ."
2246,`` precisely how long have you had the erection ? ''
2247,`` five and a half hours . ''
2248,"`` there does n't appear to be any artery rupture , so we wo n't need to perform surgery ."
2249,"i think the quickest form of treatment , as well as the least invasive , would be to try an injection to narrow the veins and reduce the blood flow to your penis ."
2250,that should reduce the swelling . ''
2251,mr. robertson 's eyes narrowed suspiciously .
2252,`` and where do you have to give me the shot ? ''
2253,"`` in the penis , of course . ''"
2254,"with a gulp , mr. robertson replied , `` fine ."
2255,do it . ''
2256,pesh nodded .
2257,`` can you grab a syringe of alpha-agonist please ? ''
2258,"`` sure , '' megan replied ."
2259,she gladly retreated from the room to head to the medicine closet .
2260,"after checking the syringe dosage , she reluctantly returned to mr. robertson 's room ."
2261,"`` thank you , '' pesh said , as he took the medication from her ."
2262,"she watched with mild disgust , as well as fascination , as he took mr. robertson 's penis in his hand ."
2263,"`` take a deep breath , '' he instructed ."
2264,"the moment the needle pricked the skin , mr. robertson howled uncontrollably ."
2265,megan could n't help rolling her eyes at what a complete pansy he was being about the pain .
2266,"once pesh finished , he dropped the empty syringe in the biohazard container and then glanced back at mr. robertson ."
2267,"`` if the swelling has n't begun to dissipate in the next ten to fifteen minutes , we 're going to have to take another course of action . ''"
2268,`` what 's that ? ''
2269,"mr. robertson questioned , with a grimace ."
2270,`` aspirating the penis of the blood . ''
2271,mr. robertson paled considerably .
2272,"`` oh god , she mentioned that . ''"
2273,he said the word she like megan was a swarm of locust .
2274,pesh turned to smile at megan .
2275,`` then she made a good call . ''
2276,he then eyed his pager that was going off .
2277,`` keep an eye on him .
2278,i 'll be back in fifteen . ''
2279,"`` okay , i will . ''"
2280,time ticked by agonizingly slow as she worked on charts and kept an eye on mr. robertson .
2281,"every few minutes , he was lifting up the sheet to eye his erection ."
2282,"each time he grimaced , megan imagined that the shot was n't working and the swelling had n't gone down ."
2283,"when pesh entered the room again , he glanced from her to mr. robertson ."
2284,`` so how are we doing ? ''
2285,she shook her head .
2286,`` no change . ''
2287,`` i see . ''
2288,he went over to a drawer and searched through it before producing a very large syringe with a very thick needle .
2289,"`` i 'm sorry , mr. robertson , but it looks like this is our only choice . ''"
2290,mr. robertson seemed speechless for the first time all night .
2291,"`` ms. mckenzie , can i get you to assist me ? ''"
2292,pesh asked .
2293,`` of course . ''
2294,`` i need you to help restrain him .
2295,i need him to be as still as possible . ''
2296,megan fought the urge to roll her eyes at his suggestion .
2297,"mr. robertson had to outweigh her by a hundred pounds , not to mention that when pain got your adrenaline pumping , you were even stronger ."
2298,but she did as she was told .
2299,"as pesh brought the needle to mr. robertson 's penis , she gripped her hands tight into his shoulders ."
2300,"when the needle pierced the skin , it took everything within her to keep him on the table ."
2301,"gritting her teeth , she held her ground ."
2302,"finally , when the last of the blood had been withdrawn , she was able to loosen her grip ."
2303,pesh tossed the syringe into the biohazard container and then turned around .
2304,`` i advise you take some ibuprofen for both the pain and for the anti-inflammatory benefits .
2305,i would also do a round or two of using an ice pack on your crotch .
2306,it would be my strongest advice that you never take anymore erectile dysfunction medication until you actually need it . ''
2307,"`` whatever , '' mr. robertson croaked , collapsing back onto the table ."
2308,"`` give him about thirty minutes , and then he needs to head on home ."
2309,"we 'll need the exam room , '' pesh instructed ."
2310,"`` okay , i will . ''"
2311,he gave her a quick smile before exiting the room .
2312,"after thirty minutes , she saw mr. robertson to the door of the er ."
2313,"as he staggered into the waiting room , she shook her head ."
2314,"`` megan , '' kristi called ."
2315,`` yes ? ''
2316,`` go ahead and take your dinner break now . ''
2317,`` are you sure ?
2318,"i mean , i can work through it since we 're so busy . ''"
2319,kristi shook her head .
2320,`` we 're fine .
2321,"besides , you 're going to need all your strength ."
2322,things are probably going to get even crazier after the sun goes down . ''
2323,megan tried not to appear horrified at the prospect .
2324,"instead , she ducked into the break room to grab her purse ."
2325,"when she came out , pesh was waiting for her ."
2326,`` where are you going ? ''
2327,"`` oh , it 's my dinner break . ''"
2328,pesh gave an impish smile .
2329,`` how fortunate .
2330,it 's mine as well . ''
2331,"realizing what he was intending , she slowly shook her head back and forth ."
2332,`` no dates . ''
2333,"after crossing his arms over his chest , pesh asked , `` and how would it be a date if we happened to go to the cafeteria at the same time and sit at the same table ? ''"
2334,"`` you 're pushing it , and you know it . ''"
2335,"`` after what we both just endured , how can you deny me the pleasure of buying your dinner ? ''"
2336,a teasing twinkle flashed in his dark eyes-one she was n't used to seeing on him .
2337,"for some reason , she found it completely irresistible ."
2338,"`` besides , how can i possibly have romance on my mind when i just held another man 's penis in my hands ? ''"
2339,her eyes widened in shock at his words .
2340,`` d-did you actually just say that ? ''
2341,"`` yes , i believe i did . ''"
2342,she shook her head .
2343,`` i ca n't believe you sometimes . ''
2344,`` do n't try to pin me as one thing or the other .
2345,"just take me as i am , '' pesh suggested ."
2346,`` i 'll try . ''
2347,"as they started to the elevator , megan chewed her lip with unease ."
2348,"turning to pesh she asked , `` what will people say if they see the two of us together ? ''"
2349,"`` that we 're two single people having dinner , '' he replied ."
2350,"`` you 're a physician , and i 'm a clinical student ."
2351,could n't i get in trouble ? ''
2352,`` doctors and nurses often have dinner together on their breaks .
2353,the cafeteria is a pretty inconspicuous place for us to be alone together .
2354,"if someone came upon us in one of the medicine rooms or an empty patient room , then we might have a problem . ''"
2355,"`` if you say so , '' she mumbled , as he punched the down button on the elevator ."
2356,"after they stepped on the car , pesh eyed her ."
2357,"`` you really are worried , are n't you ? ''"
2358,she nodded .
2359,`` my career means everything to me .
2360,i do n't want to do anything to jeopardize it . ''
2361,`` then i 'll make sure we do n't sit by ourselves . ''
2362,`` thank you .
2363,i really appreciate that . ''
2364,"as the car started its decent down , pesh threw his head back and exhaled a long breath ."
2365,"`` well , that was ... '' megan grinned at him ."
2366,`` the good doctor seems speechless .
2367,"surely in all your years in the er , you 've seen crazier or more mortifying cases . ''"
2368,"he cocked his head , appearing thoughtful ."
2369,`` a screwdriver lodged in a rectum is probably the tamest . ''
2370,`` the tamest ? ''
2371,"megan questioned incredulously , as the elevator door dinged open ."
2372,pesh laughed .
2373,`` a man high on meth walking into the er with his penis in his hand is probably the craziest . ''
2374,megan 's hand swept over her mouth .
2375,`` he actually cut off his ... '' she gazed around to make sure no one was listening to their conversation .
2376,`` is the good nurse speechless ? ''
2377,he teased .
2378,she rolled her eyes at him .
2379,`` so what happened ? ''
2380,`` we got him sedated and into surgery as soon as we could .
2381,i heard they were able to sew it back on .
2382,i 'm not aware of whether or not it was ever ... fully functional again . ''
2383,`` that is crazy . ''
2384,`` i know . ''
2385,pesh handed her a food tray .
2386,"as they surmised their choices , megan asked , `` was that your standard line of questioning in a situation like that ? ''"
2387,"`` i think we 've established that i have n't been privy to many priapism cases , but yes , any time there is an issue with the penis that is not related to the urethra or bladder , you would ask those questions . ''"
2388,"after the food service worker gave them both an odd look , pesh looked pointedly at her ."
2389,`` why do you ask ? ''
2390,she shrugged .
2391,`` just to be prepared for the next time . ''
2392,he cocked his brows at her .
2393,`` do you want to practice your line of questioning ?
2394,"you know , show me what you 've learned ? ''"
2395,"`` let 's get our food first , shall we ? ''"
2396,`` okay . ''
2397,"after deciding that the grilled chicken salad was about the most appealing item in the food line , she grabbed a drink and some of the freshly baked chocolate chip cookies ."
2398,"just as she inched up to pay , pesh put his tray next to hers ."
2399,he had chosen some kind of stir-fry that did n't look appetizing to megan .
2400,"when she dug in her purse for her wallet , he handed a twenty to the cashier ."
2401,"as he took his change , she shot him a look ."
2402,`` what ? ''
2403,he asked .
2404,"`` you buying my dinner does n't look very innocent , '' she hissed , as they started toward the tables ."
2405,pesh shook his head with a smile .
2406,`` i highly doubt she 's keeping the gossip mill going on how dr. nadeen bought the lovely new clinical student a salad . ''
2407,"`` you never know , '' megan countered ."
2408,"trailing pesh , she watched as he made his way over to a table filled with doctors and nurses ."
2409,"while the bottom half was filled with people , the top was practically empty ."
2410,`` mind if we take these seats ? ''
2411,pesh asked .
2412,"`` go right ahead , nadeen , '' a bushy haired doctor replied ."
2413,"`` we 're expecting a few more to join us , '' he said , before covertly winking at megan ."
2414,"`` you play a good game , '' she said , softly ."
2415,`` thank you . ''
2416,"she 'd just finished drizzling dressing over her salad when pesh said , `` ready to prove yourself ? ''"
2417,`` are we really going to talk about this while we eat ? ''
2418,`` you 'll learn that most lunches and dinners are spent either reviewing cases or getting input on cases . ''
2419,`` fine then . ''
2420,"putting on a professional air , she asked , `` have you taken any erectile dysfunction medication ? ''"
2421,"after swallowing a bite of stir-fry , he replied , `` no , never . ''"
2422,`` do you have trouble obtaining an erection ? ''
2423,the twinkle returned to his eyes .
2424,`` i would think you would n't need to ask that question after our previous encounter . ''
2425,a shiver went down her spine as she remembered her core rubbing against the hardened ridge in his pants .
2426,"`` considering it is unlikely that i would have any previous knowledge of the patient , just answer the question . ''"
2427,he gave her a sly smile .
2428,"`` no , never . ''"
2429,`` do you have trouble maintaining an erection ? ''
2430,"`` i could once again point out that you had personal knowledge of how well i was able to maintain myself once aroused , but i 'll refrain ."
2431,"instead , i 'll say no . ''"
2432,"`` ha , ha , nice way to get your point in . ''"
2433,`` i had to try . ''
2434,"she cocked her head at him , giving him a teasing smile ."
2435,"`` if a patient was trying to flirt as much as you are during my questioning , then i would have to remind him that i am a professional . ''"
2436,`` i see .
2437,then forgive me for trying to undermine your professionalism . ''
2438,`` you 're forgiven ... for now . ''
2439,he took a long swig of his iced tea .
2440,`` you did really well back there . ''
2441,`` really ? ''
2442,"`` yes , you did ."
2443,"for that to be your first case on your own , you managed to keep yourself together and to give the patient the best level of diagnosis and care you could . ''"
2444,she could n't help the warmth rushing to her cheeks that his compliments caused .
2445,`` thank you .
2446,i appreciate your confidence . ''
2447,`` i think you 're going to make an amazing nurse .
2448,i know that there will be many hospitals vying to hire you . ''
2449,megan shook her head .
2450,`` i do n't know about that . ''
2451,`` do n't underestimate your talents . ''
2452,`` you think they would want to hire me here ? ''
2453,she asked .
2454,his brows rose in surprise .
2455,`` you would n't mind a permanent placement here ? ''
2456,she shrugged .
2457,"`` it has n't been long , but i have been happy here ."
2458,i like the people i work with .
2459,i guess i would n't want to go into the unknown when i know what i have here . ''
2460,he swallowed a bite of his rice .
2461,`` that 's understandable . ''
2462,"after wiping his mouth , he smiled at her ."
2463,`` i think they would be crazy not to make you an offer . ''
2464,`` i hope so . ''
2465,"leaning in over his plate , he held her gaze ."
2466,the intensity in which he stared at her caused her to shudder .
2467,she did n't like the effect he was having on her in the middle of the hospital cafeteria .
2468,"a mixture of emotions coursed through her-warmth , safety , lust , happiness ."
2469,"she had n't experienced that range of feelings with a man in a long , long time ."
2470,"finally , he spoke ."
2471,"`` i know it would make me very happy to have you here , and i would do everything within my power to ensure you stayed . ''"
2472,"before she could reply , a tray smacked down onto the table next to her ."
2473,"one of the residents , a young male named dr. morris , grinned at the two of them ."
2474,"`` so , i hear you two just handled a priapism case . ''"
2475,"`` yeah , we did , '' megan replied ."
2476,she did n't dare look back at pesh to gage his expression on being interrupted .
2477,dr. morris groaned .
2478,`` oh come on .
2479,give me the juicy details .
2480,i have n't gotten to see one of those yet .
2481,"the best groin swelling i 've had is when some idiot tried to pierce his balls , and they got infected . ''"
2482,"when megan wrinkled her nose , pesh 's laughter surprised her ."
2483,"her gaze flew to him , and he winked ."
2484,`` i told you that the conversations we had over dinner were not exactly appetizing . ''
2485,"`` i 'm starting to believe you , '' she replied , with a smile ."
2486,somehow she managed to devour the rest of her salad while pesh told dr. morris the ins and outs of the case .
2487,"after she finished , she rose out of her chair ."
2488,`` i guess i better head back .
2489,"you know , with everything being so crazy . ''"
2490,"surprisingly , pesh did n't get up nor did he offer to walk her back ."
2491,"instead , she saw an acceptance on his face that told her he was letting her go so there would be no suspicion raised about the two of them ."
2492,"`` thank you for dinner , '' she said ."
2493,"`` you 're welcome , '' he replied , with a smile ."
2494,his smiles were starting to do something to her that she did n't like .
2495,"they were no longer igniting her panties on fire ; instead , they were making her long to spend time with him ."
2496,she quickly slung her purse over her shoulder and strode out of the cafeteria .
2497,"with the chaos surrounding her , she thankfully put pesh out of her mind for the rest of the evening ."
2498,"chapter ten after two exhausting weeks in her clinicals , megan was ready for a little randr ."
2499,so she was thrilled when emma called her asking if she wanted to join her for a girl 's day .
2500,"she was even more stoked when emma said that aidan was willing to keep mason , so he and noah could play together ."
2501,"even though she was sure her parents would have watched him , she hated imposing on them so much ."
2502,"an hour after the call , she was pulling into aidan and emma 's driveway ."
2503,"when she opened the backseat to get mason out , he was already bopping up and down in his car seat with excitement ."
2504,"he loved aidan and emma 's house , and he especially loved playing with noah , even though they were eleven months apart ."
2505,she grabbed him and his diaper bag and then made her way up the front walk .
2506,emma answered the door with noah on her hip .
2507,"`` hey , i 'm so excited you could make it . ''"
2508,megan grinned .
2509,`` you should know by now i have no life except for mason and work . ''
2510,"`` i feel the same way sometimes , '' emma replied , as megan stepped through the doorway ."
2511,"as she walked through the foyer and down the hall to the kitchen , mason squirmed to get down ."
2512,"once she set him on his feet , he ran into the living room ."
2513,that 's where aidan was lounging on the couch with beau on the floor next to him .
2514,`` beau ! ''
2515,mason cried .
2516,he leaned in to hug the massive lab .
2517,megan never had to worry about beau and mason ; he was truly a gentle giant when it came to infants and kids .
2518,beau thumped his tail heartily at the attention .
2519,aidan glanced up from the tv and smiled .
2520,"`` hey , how are you ? ''"
2521,she grinned as she reached down to kiss his cheek .
2522,`` good thanks .
2523,and you ? ''
2524,`` great .
2525,looking forward to having a man 's day with the boys . ''
2526,megan laughed .
2527,"`` yeah , with two kids under two , let 's see how much fun you 'll have . ''"
2528,aidan shrugged .
2529,`` it 's good practice for me when the new baby gets here . ''
2530,`` baby or babies ? ''
2531,she teased .
2532,"with his eyes widening , he quickly replied , `` baby singular ."
2533,"that was confirmed , thank god . ''"
2534,"cocking her head , she teasingly asked , `` and when is the ultrasound to confirm the youngest fitzgerald granddaughter is on her way ? ''"
2535,aidan huffed exasperatedly .
2536,"`` not for a few more months , smart-ass . ''"
2537,she brought her hand to her chest in mock outrage .
2538,`` it was just a question . ''
2539,"`` yeah and considering you 've had a kid yourself , i 'm sure you know all too well at what month the gender ultrasound is . ''"
2540,megan grinned .
2541,"`` i just think it 's cool that i 'll be the oldest granddaughter , and she 'll be the youngest . ''"
2542,"with a pained expression , aidan groaned , `` whatever . ''"
2543,she ruffled his still unkempt bed hair playfully .
2544,"`` relax , ankle ."
2545,you 're going to be an amazing father to that little girl .
2546,she 'll undoubtedly have you wrapped around her finger before she 's even out of the womb . ''
2547,"`` a man like me , or i guess i should say , a man like i used to be , does not want to bring forth daughters into the world . ''"
2548,"`` payback is a bitch , '' she mused ."
2549,"`` do n't i know it , '' he grumbled ."
2550,emma came into the living room then .
2551,she handed noah to aidan along with a bottle .
2552,`` you sure you 'll be all right today ? ''
2553,`` i 'll be fine-we 'll be fine .
2554,wo n't we mason ? ''
2555,mason glanced up from lumbering around the room on beau 's back .
2556,`` yeah ! ''
2557,`` see .
2558,stop worrying . ''
2559,"he gave emma a very pointed look before adding , `` a promise is a promise after all . ''"
2560,"she flushed a little at his words , but then gave him a shy smile ."
2561,"when he winked playfully at her , megan could n't help feeling her chest tighten at the exchange ."
2562,"seeing her once man-whore uncle now a loving , devoted husband and father was always surprisingly unnerving ."
2563,"but deep down , it was how much she truly wanted what aidan and emma had ."
2564,"love , companionship , and devotion within marriage while having someone else to parent with you ."
2565,if you were n't so stubborn you could probably have something just like aidan and emma have with pesh !
2566,"but no , you have to keep believing that you 're too young to get married ."
2567,you 're probably throwing away happiness with both hands just because you 're afraid .
2568,emma brought her out of her self-deprecating tirade .
2569,`` so what should we do first ? ''
2570,"she asked , as they walked into the garage ."
2571,`` nails and toes ? ''
2572,megan suggested .
2573,"`` mmm , that sounds good . ''"
2574,they both slid into emma 's suv .
2575,"as megan buckled up , emma turned to her ."
2576,`` i hope you do n't mind that casey is meeting us for lunch ? ''
2577,`` of course not .
2578,the more the merrier .
2579,"besides , casey is a hoot . ''"
2580,emma smiled and cranked up the car .
2581,`` that she is . ''
2582,"before long , they were pulling into starbucks to grab some coffee for megan and tea for emma ."
2583,then they walked around the corner to the nail salon .
2584,"after relaxing manicures and pedicures , they drove about twenty minutes to meet casey at their favorite little local restaurant that was housed in an old train depot ."
2585,"as they walked up , they saw casey sitting outside in the sunshine texting ."
2586,`` hey girl ! ''
2587,emma called .
2588,casey waved to them before rising off the bench .
2589,"`` hello , hello . ''"
2590,a round of hugs was exchanged between the three women .
2591,`` i thought you two would never get here .
2592,i 'm starving . ''
2593,emma grinned .
2594,`` sorry .
2595,they were a little behind at the nail salon . ''
2596,they pushed through the front door and were quickly seated by the hostess who knew them well .
2597,"once they eased into a familiar , comfortable booth , they took stock of the menus ."
2598,"`` you have to order alcohol on our behalf since we 're both two knocked-up ladies now , '' casey insisted ."
2599,megan 's eyes widened .
2600,`` i did n't know you were pregnant . ''
2601,casey grinned .
2602,"`` yeah , nate finally wore me down . ''"
2603,she then shook her head .
2604,`` sometimes i think he 's the chick in this relationship . ''
2605,"`` he must 've done some heavy convincing , '' megan said ."
2606,"with a nod , casey replied , `` he comes from such a large immediate and extended family that he 's been itching to have a child ."
2607,"we 've been married a year and together eight , so i guess it was just time ."
2608,"and while i was n't thrilled with the idea of having a baby when his internship was so crazy , his hours will be better by the time the baby gets here . ''"
2609,`` when are you due ? ''
2610,`` around the same time as emma . ''
2611,that statement made emma beam .
2612,"`` our babies are going to be best friends , too ."
2613,i just know it . ''
2614,casey grinned at the sentiment .
2615,`` or boyfriend and girlfriend ... '' `` that 's a thought . ''
2616,emma jerked her chin up .
2617,`` i 'm not sure i want your son corrupting my little girl . ''
2618,"with her dark eyes widening , casey huffed , `` and what if it 's my daughter that your son is corrupting ? ''"
2619,emma giggled .
2620,"`` if my son takes after his father , then that would be the case ."
2621,"but i think we also have to consider that if your daughter is anything like you , she 'll be the one doing the corrupting . ''"
2622,casey laughed .
2623,`` that 's true . ''
2624,"`` guess i should keep mason clear of her too , huh ? ''"
2625,"megan asked , with a smile ."
2626,"`` probably , '' emma replied ."
2627,"after the waitress appeared to take their drink and food orders , casey pinned megan with an intense stare ."
2628,"`` so , '' she began , quirking her brow at megan ."
2629,`` i hear your doing your clinicals under dr. mcdreamy bollywood . ''
2630,megan could n't help but laugh .
2631,"`` if you mean i 'm doing them under dr. nadeen , then the answer is yes . ''"
2632,emma nibbled on her bottom lip before speaking .
2633,`` have things been awkward considering what happened the night of noah 's baptism ? ''
2634,"before megan could reply , casey 's eyes bulged ."
2635,"`` whoa , whoa ."
2636,hold the phone .
2637,something happened between you two ? ''
2638,megan felt heat rising in her cheeks .
2639,"it was almost too mortifying to repeat , but finally , she filled casey in on each and every embarrassing detail that had happened ."
2640,"`` man , he 's so freakin ' honorable , is n't he ? ''"
2641,casey mused .
2642,"`` yes , he is , '' megan replied , glumly ."
2643,emma shook her head .
2644,`` there 's nothing wrong with his honor .
2645,it 's what attracted me to him in the first place .
2646,there are so few gentlemen left on the planet . ''
2647,"before she could stop herself , megan blurted , `` but i did n't want a gentleman ."
2648,i wanted to get laid . ''
2649,casey grinned .
2650,`` do n't we all ? ''
2651,emma rolled her eyes .
2652,"`` just when i think your pregnancy hormones have n't made you even more sex crazed , you go and say something like that , '' she grumbled ."
2653,megan twirled the straw in her diet coke thoughtfully .
2654,"`` what 's bizarre is even though he should have been completely and totally turned off by what happened that night , he 's still interested in me ."
2655,"i mean , the man is gorgeous and has half of the women in the hospital panting over him , and he still wants me . ''"
2656,`` then what 's the problem ? ''
2657,emma asked .
2658,"`` he 's interested in dating , not sex . ''"
2659,emma 's brows furrowed .
2660,`` but would n't you have sex eventually if you were dating ? ''
2661,megan sighed .
2662,"`` we 're at a stalemate-i just want straight sex without dinner and a movie , and to quote him , he wants to show me a whole new world through a date . ''"
2663,"`` how aladdin of him , '' casey quipped to which emma shot her an exasperated look ."
2664,"with a shrug , megan replied , `` basically we 're going to stay forever in the friend zone because neither one of us is willing to give in . ''"
2665,`` would it really kill you to go out with the guy ? ''
2666,casey asked .
2667,megan widened her eyes in surprise .
2668,"`` you mean , you of all people are actually advocating me giving in to him ? ''"
2669,she jerked her thumb over at emma .
2670,`` i 'd expect that out of her but not you . ''
2671,casey dabbed the corners of her lips with her napkin .
2672,`` it 's just a date .
2673,i do n't think he 's going to drug you and drag you to a wedding chapel . ''
2674,`` i 'd certainly hope not . ''
2675,`` so what 's wrong with having an innocent dinner and maybe a movie ? ''
2676,casey asked .
2677,`` because that 's not fair to him .
2678,"i 'd just be leading him on , and i think we can all agree that he does n't need that . ''"
2679,"`` exactly , '' emma agreed ."
2680,"cocking her head , casey eyed megan thoughtfully ."
2681,"`` deep down , you like him , do n't you ? ''"
2682,megan rolled her eyes .
2683,`` of course i do .
2684,everyone likes him . ''
2685,"`` no , you really like him ."
2686,you find yourself thinking about him more than you should .
2687,and you 're kinda wishing you were n't such a stubborn ass about dating him .
2688,"because even though you 'd kill to know how well he uses his wang , you 're even more intrigued about what being loved by him would be like . ''"
2689,"dumbfounded , megan could only stare at casey ."
2690,she 'd certainly hit the nail on the head about her feelings .
2691,"finally , she sighed ."
2692,"`` look , it 's a no-win situation ."
2693,i 'm a nursing student .
2694,i ca n't get involved with a physician .
2695,it just would n't look good on my record .
2696,that 's just one of the many reasons it would n't work between us . ''
2697,`` fine .
2698,you just keep telling yourself that . ''
2699,`` why do n't we talk about something else ? ''
2700,megan suggested .
2701,`` who 's up for a movie after we hit the mall ? ''
2702,emma asked .
2703,megan chewed her lip .
2704,"`` oh , i do n't know if i should be gone that long ."
2705,i do n't want to take advantage of ankle 's kindness for watching mason . ''
2706,emma shook her head .
2707,`` he wo n't mind .
2708,he 's happy to do it . ''
2709,"as megan raised her brows skeptically , casey snorted ."
2710,"`` lem me guess , you bribed him sexually to get him to give up a perfectly good saturday watching two kids who are under two . ''"
2711,a red flush entered emma 's cheeks .
2712,`` i do n't know what you 're talking about . ''
2713,casey laughed .
2714,"`` oh em , you are so busted ! ''"
2715,"leaning forward , she put her elbows on the table and stared straight at emma ."
2716,`` so what was it ?
2717,green lingerie ?
2718,a blow job ?
2719,maybe a b**w j*b while wearing green lingerie ? ''
2720,"refusing to meet casey 's inquisitive gaze , emma finally murmured , `` it was a b**w j*b in the shower this morning , okay ? ''"
2721,casey snickered .
2722,`` i knew you had done something .
2723,"hmm , that was fun ."
2724,it was like solving a sexual game of clue-it was emma in the shower with a blow job . ''
2725,megan brought her hands up to cover her eyes .
2726,"`` umm , hello ?"
2727,that 's my uncle you 're talking about . ''
2728,"`` sorry , sorry ."
2729,i 'll refrain from making any more comments about aidan and emma 's sex life . ''
2730,"`` thank you , '' megan and emma replied in unison ."
2731,`` shopping and a movie then ? ''
2732,casey questioned .
2733,megan reluctantly agreed .
2734,`` i 'll just blame you two if ankle gets all pissy . ''
2735,casey winked .
2736,`` just blame emma .
2737,then he can take it out on her later ... in the bedroom . ''
2738,"`` i seriously hate you , '' emma grumbled ."
2739,"thankfully , the food arrived then and all sex-based conversation was forgotten ."
2740,at least for the moment .
2741,"chapter eleven brushing his hand across his sweaty brow , pesh leaned back against the glass door of the trauma area ."
2742,"as the adrenaline began depleting from his system , he needed to prop against something hard for support ."
2743,"regardless of how physically drained he felt , he was emotionally on cloud nine ."
2744,a beaming smile lit up his face as he stared across the room at the gurney .
2745,"on it , a young woman was getting acquainted with her newborn son ."
2746,she had been brought in just twenty minutes before after a car accident sent her into early labor .
2747,"the paramedics had gotten her through the roughest patches , but thankfully , they had made it to the hospital in time ."
2748,"because her labor was so advanced , they had n't risked getting her up to the labor and delivery floor ."
2749,"instead , they 'd wheeled her in , and pesh had gone to work ."
2750,it really was an amazing moment considering he 'd only delivered three other babies in the history of his medical career .
2751,each one was an experience he treasured .
2752,the woman glanced up at him and smiled .
2753,"`` thank you so much , dr ."
2754,nadeen . ''
2755,`` you 're very welcome .
2756,they will be taking you up to maternity in just a few minutes . ''
2757,"as he stepped out of the room , he found himself ambushed by kara , one of the shift nurses ."
2758,`` hey there .
2759,how 's the good doctor doing today ? ''
2760,"the way she spoke was more of a purr , which was a pretty apt summation since she basically acted like she was a cat in heat anytime he was around ."
2761,he cringed as she ran her hand up his arm .
2762,"`` it 's fine , thank you ."
2763,how are you ? ''
2764,he questioned politely .
2765,"`` i 'm better now that i 've seen you , '' she replied ."
2766,"`` yes , well , i need to go see about my next case . ''"
2767,her heavily painted lips turned down in a pout .
2768,`` are n't you ever going to want to get a drink again ? ''
2769,"inwardly , he groaned ."
2770,"in a moment of weakness when he was still reeling after what had happened with megan , he had allowed her to talk him into getting a drink after work ."
2771,"once turned into several times , and then he did the unthinkable ."
2772,he had made out with her in his car under the faded lights of the bar 's neon sign .
2773,"well , making out did n't quite sum up the fact that she had given him a blow job ."
2774,"although he had vowed to never let anything like that happen again , he found himself walking a fine line around her whenever they were at work ."
2775,"`` um , sure ."
2776,maybe .
2777,things have been really busy . ''
2778,`` i hope that you 'll free up some time .
2779,"i really , really need a night out with you again . ''"
2780,"reaching around him , kara did the unthinkable ."
2781,she squeezed one of his ass cheeks .
2782,a gasp of shock behind him caused him to whirl around .
2783,"of all the people in the world that could have been standing there , it had to be megan ."
2784,pesh quickly jerked out from kara 's reach .
2785,megan 's eyes bulged at the two of them before she quickly looked away .
2786,"with her head ducked , she started past them ."
2787,the last thing in the world he needed was for something to be awkward between them .
2788,"without another word to kara , pesh turned and fell in step beside megan ."
2789,`` what are you doing ? ''
2790,she asked .
2791,he shrugged .
2792,`` nothing .
2793,just walking with you .
2794,is that a problem ? ''
2795,"glancing over her shoulder at kara , megan said , `` it looked like you were a little busy back there . ''"
2796,"with a grimace , he said , `` the conversation and the contact were unwanted by me . ''"
2797,megan stared up at him .
2798,`` why am i not surprised by that ? ''
2799,he eyed her curiously .
2800,`` just what do you mean ? ''
2801,`` you are not the type of man who does public displays of affection ... or i should say lust . ''
2802,`` have n't we already established that you should n't try to typecast me ?
2803,i do n't fit into any of the preconceived holes you have tried to put me in . ''
2804,"`` there is one hole that you remain firmly lodged in , and that is being a gentleman when it comes to women and sex . ''"
2805,"as much as he hated to admit it , she had a point about him being a gentleman ."
2806,"he touched her arm , urging her to stop ."
2807,"`` yes , i am a gentleman both in public and private ."
2808,but let me address part of your assumption .
2809,"when i am committed to a woman and she is committed to me , there is never a time i would reject public displays of affection or lust . ''"
2810,megan 's lips curved up in a smile .
2811,`` so what you 're saying is you would actually grab your girlfriend 's ass in public ? ''
2812,"`` yes , i would . ''"
2813,"glancing around , he found them happily out of anyone 's earshot ."
2814,"`` when i am truly committed to a woman , i have trouble keeping my hands off her regardless of where we are . ''"
2815,"`` that 's good to know , '' she replied , with a wink ."
2816,he could n't help the silly grin that filled his face as she hurried down the hall to join up with kristi .
2817,"he was making progress with her , was n't he ?"
2818,surely megan had to be seeing how much she enjoyed spending time with him in the hospital and would soon decide that she wanted more .
2819,his smile started to fade as he wondered if he was deluding himself .
2820,"with a resigned sigh , he made his way over to the reception bay to sign off on some charts ."
2821,"he eased down on a stool and immersed himself in the paperwork , so he did n't have to think about megan ."
2822,`` alpesh ! ''
2823,a voice across the room shouted .
2824,he snapped his head up .
2825,"without even looking over his shoulder , pesh knew who the voice belonged to ."
2826,"few people in his life addressed him by his full name , and no one in the hospital ever called him by his first name ."
2827,"slowly , he rose off his stool and turned around ."
2828,"his youngest brother , dev , stalked toward him with a stormy expression plastered on his face ."
2829,"as the oldest of his three siblings , he had always felt a responsibility to look out for his two brothers and sister ."
2830,"while arjan and shveta had never given him any trouble , dev , as the spoiled baby of the family , had been a challenge for both pesh and his parents ."
2831,"after experiencing teenage rebellion and a wayward early adult life , he had managed to get his wild ways under control when he was twenty-five ."
2832,dev had set his sights on a beautiful nurse pesh had befriended when he was still a resident .
2833,"mia martinelli had been through hell with an abusive boyfriend , so pesh was reluctant to pair the two together ."
2834,"but at dev 's continued insistence , pesh fixed the two of them up ."
2835,what followed was a three-year courtship and then engagement .
2836,mia was accepted and loved by all of pesh 's family .
2837,and then dev had gone and thrown it all away by cheating on mia .
2838,"in her heartbreak , mia had stayed close to pesh , and he wanted her to be happy more than anything else in the world ."
2839,"pesh would have liked to have been surprised by his brother 's visit , but ever since he had been summoned to console mia a few days before , he had been anticipating it ."
2840,"truthfully , he had been bracing himself for his brother 's wrath ."
2841,"`` hello dev , '' he said , in a calm voice ."
2842,"shaking his head furiously , dev said , `` i just got a f**king blow off text from mia ."
2843,"when i tried calling her back to demand she explain herself , she could n't talk because she was in mexico ."
2844,with aj . ''
2845,"`` yes , i 'm aware of that . ''"
2846,dev 's dark eyes narrowed at pesh 's confirmation .
2847,`` so it 's true that you went to talk to her ? ''
2848,"`` yes , it is . ''"
2849,`` i ca n't believe it . ''
2850,he threw up his hands in frustration .
2851,"`` i did n't want to believe anything mia said , especially that it was you who helped her see that she should n't give me a second chance and take me back-that she should make things work with aj . ''"
2852,`` it 's all true .
2853,you and i both know mia would never lie . ''
2854,`` but how could you ? ''
2855,"dev demanded , in a strangled voice ."
2856,"`` i 'm sorry , but i had to do what was best for mia . ''"
2857,dev 's brows shot up .
2858,`` and what about me ?
2859,i 'm your f**king blood . ''
2860,"with a sigh , pesh replied , `` i 'm sorry , my brother , but blood or not , i could n't stand by and let you hurt her again-she 's been through too much . ''"
2861,`` i love her ! ''
2862,"dev shouted , which caused several of the nurses to spin around in shock ."
2863,"`` this is not the time nor the place to be having this discussion , '' pesh growled ."
2864,"`` i 'm not going anywhere , so you better start explaining yourself before i really start a scene . ''"
2865,pesh shook his head .
2866,`` fine .
2867,you want the truth ?
2868,here is it .
2869,you only think you love mia .
2870,you and i both know you can not be faithful to a woman . ''
2871,`` i could have for mia . ''
2872,`` you already failed her once .
2873,she deserved better . ''
2874,dev narrowed his eyes .
2875,"`` what , are you f**king her now ? ''"
2876,he grimaced at his brother 's choice of harsh words .
2877,`` of course i 'm not .
2878,there 's never been anything amorous between mia and myself .
2879,"thankfully , she 's back with the man she loves-the father of her unborn child . ''"
2880,"`` but i need her , '' dev insisted , his voice taking on a plaintive tone ."
2881,"`` i 'm sorry , but i think it 's best if you moved on ."
2882,"most of all , baby brother , i think you need to do a lot of soul searching and maturing before you even think about getting in another relationship . ''"
2883,dev 's eyes widened .
2884,`` you ... you f**king bastard ! ''
2885,he shouted .
2886,pesh was debating calling security to remove his unruly brother when he was knocked off his stool by dev 's right hook to his jaw .
2887,he tumbled backward and crashed onto the floor .
2888,"before dev could do something like kick him when he was down , megan appeared and wedged herself between them ."
2889,"`` i think you better leave before i call security , '' she demanded ."
2890,pesh struggled to his feet as megan came into dev 's line of fire .
2891,he could n't bear if dev hurt her in his anger just because she had taken up for him .
2892,dev stared down at megan with a smirk .
2893,`` so my brother needs some pint-sized pu**y defending him now ?
2894,"word to the wise , sweetheart , do n't waste your time on him ."
2895,he 's only got a boner for his dead wife . ''
2896,a deep growl erupted in pesh 's throat as he lunged for his brother .
2897,but he never made it .
2898,"instead , megan 's fist cracked into dev 's jaw ."
2899,"the impact did n't take him off his feet , but he did stagger backwards ."
2900,"even as she flailed her wrist back and forth from the obvious pain , megan still managed to bellow , `` get the hell out of here ."
2901,now . ''
2902,dev stared at her in shock as he rubbed his jaw .
2903,"`` crazy bitch , '' he muttered , before stalking off ."
2904,"when megan turned to him , her glowering expression faded to one of concern ."
2905,`` you 're bleeding ! ''
2906,"she cried , rushing for him ."
2907,his hand came up to grip his cheek .
2908,surprise flooded him when he felt wetness .
2909,dev must 've hit him harder than he thought .
2910,"he slid his jaw back and forth , causing him to grimace at the popping sound ."
2911,"`` come here , '' megan said , grabbing his hand ."
2912,"she started leading him over to one of the examining rooms , but he jerked back ."
2913,`` i do n't need all this fuss . ''
2914,megan shook her head .
2915,`` we need to get you cleaned up . ''
2916,"resignedly , he followed her into the room ."
2917,"for the first time in a long time , he found himself on the opposite line of care ."
2918,he eased down onto the examining table .
2919,"`` really , megan , this is n't necessary . ''"
2920,"as she busied herself taking out gauze , cotton balls , and antiseptic , she replied , `` quit your bitchin ' . ''"
2921,she glanced over her shoulder at him .
2922,"at what must have been his incredulous expression at her word choice , she grinned ."
2923,`` that 's right .
2924,just shut up and let me take care of you . ''
2925,"`` when you put it like that , how can i not ? ''"
2926,he teased .
2927,her laughter warmed his heart .
2928,"deep down , he was pleased to find her so attentive to him ."
2929,she obviously really cared about him if she insisted on cleaning him up .
2930,or was she just attentive because she was a great nurse ?
2931,but then there was the fact she punched dev for insulting him .
2932,"of course , that was also mortifying ."
2933,did that mean she questioned his manhood since he did n't go toe-to-toe with his brother ?
2934,"god , what she must think of him now ."
2935,"as he allowed megan to treat his cuts , his thoughts turned to dev 's last verbal punch ."
2936,he grimaced about dev 's alluding to the fact he was in love with a ghost .
2937,was that what stopped megan from believing his attraction to her ?
2938,was she really hiding her commitment phobia behind a belief that he was still completely in love with his wife ?
2939,"his feelings gave him away when megan asked , `` are you hurting ? ''"
2940,"`` no , i 'm fine . ''"
2941,"when she gave him a skeptical look , he replied , `` it 's more the fact that i 'm angry than i am physically hurt . ''"
2942,`` so what exactly was all that about ? ''
2943,"she asked , as she dabbed some antiseptic along his jawline ."
2944,he winced when the medication hit the broken skin .
2945,`` my brother is angry with me . ''
2946,megan snorted .
2947,`` no shit . ''
2948,she held the cotton ball frozen as she eyed him curiously .
2949,"`` what i 'm wondering is what got him so fired up that he would stomp into a hospital , call you out , and then punch you ?"
2950,you are the last person on earth i would imagine being in a fight . ''
2951,"`` the reason is so cliche , '' he murmured ."
2952,"`` enlighten me , '' she urged ."
2953,`` he 's a petulant child who did n't get his way-he 's lashing out at me because he thinks it 's all my fault . ''
2954,`` i heard the name mia .
2955,was it all about a woman ? ''
2956,"`` yes , that 's why i called it cliche . ''"
2957,"he sucked in a harsh breath before filling megan in about what all had transpired between him , dev , and mia ."
2958,"`` wow , '' she murmured , when he finished ."
2959,`` i suppose that is all one can say about the situation . ''
2960,"`` you were awfully kind to take care of her like you did-i mean , with both her abusive ex-boyfriend and dev . ''"
2961,he shrugged .
2962,`` what else was i supposed to do ?
2963,"i cared for her , and i wanted to see her happy . ''"
2964,"at the look that flashed in megan 's eyes , he quickly added , `` there was no amorous love between us ."
2965,"i was happily married at the time , and she desperately needed someone to be strong for her . ''"
2966,megan cupped his unhurt cheek in her hand .
2967,`` you really are the most decent man i 've ever known . ''
2968,"`` i do n't know about that , '' he murmured ."
2969,`` you truly are . ''
2970,she shook her head .
2971,`` no wonder women are so crazy about you .
2972,"it 's one thing for you to be so good-looking and a smart doctor , but then when you add in the fact of how sweet , caring , and compassionate you are , it 's like you 're a triple threat . ''"
2973,she turned to throw the cotton ball into the trash can .
2974,his heartbeat thrummed louder and louder at her words while he sat unblinking and unmoving .
2975,part of him wanted to rail at her for not seeing him like all the other women did .
2976,"if she truly saw what others did , then she would want to date him , would n't she ?"
2977,why could n't she see how good he could be for her ?
2978,"when megan met his tense gaze , she jerked back and momentarily faltered by dropping the piece of gauze in her hand ."
2979,she quickly deposited the soiled one in the trash and then got another one .
2980,"`` so this mia chick , she 's run off with some drummer , huh ? ''"
2981,"she asked , clearly trying to change the subject and lighten the mood in the room ."
2982,`` not just any drummer .
2983,a famous one at that . ''
2984,`` really ?
2985,what band ? ''
2986,pesh 's cocked his head as he tried remembering .
2987,`` something train . ''
2988,megan gasped .
2989,`` not runaway train ? ''
2990,he snapped his fingers .
2991,`` that 's it . ''
2992,"clapping her hand to her chest , megan 's eyes widened ."
2993,`` you know someone who knows aj resendiz ? ''
2994,pesh laughed .
2995,`` i suppose i do if you consider that 's mia 's fiance . ''
2996,`` that is so wild .
2997,i love that band . ''
2998,`` i 'll see if i can get you an autograph . ''
2999,"with a squeal , megan said , `` really ?"
3000,that would be amazing . ''
3001,`` anything for the woman who is willing to risk her life for me . ''
3002,megan laughed .
3003,`` it was nothing . ''
3004,`` what about your hand ? ''
3005,`` i 'm not going to lie .
3006,it hurts .
3007,i kinda forgot what punching someone felt like . ''
3008,pesh could n't help his brows from rising in surprise .
3009,`` have you done a lot of fighting ? ''
3010,she grinned .
3011,"`` not exactly mma material , am i ? ''"
3012,"when he merely shook his head , she replied , `` i may have thrown a few punches in my early college partying days when a guy overstepped his bounds . ''"
3013,"with a smile , pesh said , `` good for you . ''"
3014,"`` yeah , my dad was really big on teaching me self-defense moves ."
3015,"you know , with him being ex-military . ''"
3016,pesh could n't help liking megan 's strength and spunk .
3017,he had n't known a lot of women like her .
3018,"in his world , women were bred to be demure and obedient ."
3019,"even though jade was n't indian , she would 've never dreamed of throwing a punch to defend him against dev ."
3020,"but megan , she was so refreshing with her ability to stand up for herself and others-to voice her mind whether it was good or bad ."
3021,`` you would have made your father very proud today . ''
3022,`` thank you .
3023,"i 'm sure later on today when my knuckles are bruising , he 'll want to know why . ''"
3024,`` i 'm very sorry . ''
3025,he took her hand in his before bringing it to his lips .
3026,`` here 's a kiss to make any bruises go away . ''
3027,she gave him a teasing smile .
3028,"`` is that the best medicine you can do , dr ."
3029,nadeen ? ''
3030,his mind went wild with illicit images of all the `` medicine '' and `` healing '' he could give her .
3031,a chaste kiss to alleviate her pain was all he could really offer .
3032,his pager went off before he could reply .
3033,`` i better go . ''
3034,he hopped off the table and started for the door .
3035,"as his hand hovered over the doorknob , there were so many things he wanted to say to her ."
3036,"but finally , he just said , `` thanks again for taking care of me . ''"
3037,`` you 're welcome . ''
3038,`` and you should probably ice your hand during your break tonight . ''
3039,"`` yes sir , '' she replied , with a mock salute ."
3040,he shook his head at her with a smile before heading out the door .
3041,chapter twelve days melted into weeks as megan immersed herself in her clinicals .
3042,every day she found a new challenge to conquer .
3043,"she had n't imagined how hard it would be , or how exhausted she would be most nights when she crawled into bed ."
3044,but it was a thrilling exhaustion because she was doing what she felt like she was called to do .
3045,"each day , she spent more and more time with pesh ."
3046,she loved working beside him on cases .
3047,he had the best bedside manner of all the residents and interns .
3048,"patients , both young and old , adored him ."
3049,"and the more she was with him , the more megan began to adore him as well ."
3050,she had just left an examining room where he had charmed a little boy into finally letting them run the tests they needed when kristi beckoned her from down the hall .
3051,"after hustling to join kristi , megan was quickly ushered inside one of the trauma rooms ."
3052,"immediately , her entire body switched gears as she prepared herself for what she might face ."
3053,"`` female , thirty , car accident , '' the paramedic began before rattling off her vitals and other information ."
3054,"after megan had absorbed the information , she turned to the patient ."
3055,"`` hi , i 'm megan ."
3056,i 'm going to get your iv started . ''
3057,the woman gave megan a weak smile .
3058,`` i 'm mary . ''
3059,"`` i guess it would be wrong to say it 's nice to meet you , huh ? ''"
3060,"megan said , trying to talk as normally as she could to put the patient at ease ."
3061,"`` yeah , i guess so , '' mary replied ."
3062,"when megan reached for mary 's arm to find a place for the needle , mary winced ."
3063,`` ouch . ''
3064,"as megan surveyed the forearm , she shook her head ."
3065,`` looks like you 've got a break there . ''
3066,`` my arm is broken ? ''
3067,mary asked in a panic .
3068,`` we wo n't know until we get you into x-ray .
3069,i 'm going to try this vein here in your wrist . ''
3070,"the needle slipped easily into the vein , and megan started the iv ."
3071,pesh appeared in the doorway then .
3072,he smiled at mary on the gurney .
3073,"`` hello , mary , i 'm dr. nadeen ."
3074,i understand you had a little accident today ? ''
3075,she nodded .
3076,`` this car came out of nowhere and hit me head on . ''
3077,`` i 'm so sorry .
3078,why do n't we start by you telling me where it hurts ? ''
3079,"`` my chest , '' she said , with a grimace ."
3080,pesh pulled back the hospital gown .
3081,`` were you wearing your seat belt ? ''
3082,"`` yes , i always do . ''"
3083,"`` from the dust in your hair , can i assume the airbag deployed ? ''"
3084,"`` yeah , it did . ''"
3085,`` is this where it hurts ? ''
3086,"he asked , running his fingers down an angry red whelp ."
3087,it started at her neck and crossed over her chest .
3088,some of it was hidden by the many leads coming from the heart monitor .
3089,`` yeah . ''
3090,`` it looks like the seat belt and the airbag did a number on you . ''
3091,mary winced .
3092,"`` i thought they were supposed to help you , not hurt you . ''"
3093,pesh smiled .
3094,`` trust me .
3095,you 're much better off with a little burn than if you had n't been wearing it . ''
3096,"after eyeing the monitors mary was hooked up to , he turned to megan ."
3097,`` blood pressure is low .
3098,let 's administer some blood products to raise it . ''
3099,megan nodded .
3100,"after checking mary 's chart for her blood type , she grabbed a bag of blood from the coolers ."
3101,"trading places with pesh , she started another iv in the crook of mary 's right elbow ."
3102,"`` besides your chest , are you hurting anywhere else ? ''"
3103,"pesh asked , after he finished listening to her heart and lungs ."
3104,`` my stomach . ''
3105,megan 's breath hitched .
3106,it was never good for a car accident patient to have stomach pains .
3107,"that usually meant hemorrhaging , which could also attribute the low blood pressure ."
3108,"pressing on mary 's abdomen , pesh asked , `` does this hurt ? ''"
3109,`` no . ''
3110,`` here ? ''
3111,`` no . ''
3112,`` what about here ? ''
3113,a screech came from the bed .
3114,pesh 's brows drew with worry .
3115,"`` i 'm going to do a quick ultrasound , mary ."
3116,i want to see what 's causing the pain . ''
3117,`` okay . ''
3118,megan pulled the machine over to the bedside .
3119,"she squirted the jelly onto mary 's stomach , and then pesh began running the wand over the skin ."
3120,"`` i 'm feeling a little dizzy , too , '' mary said , in a low voice ."
3121,pesh and megan exchanged a quick look before he shoved the ultrasound machine back .
3122,"turning to kristi , he said , `` call the or ."
3123,she 's got a ruptured spleen . ''
3124,"after depressing the break on the gurney , pesh swung it out of the trauma room and started down the hall ."
3125,"`` go with him , '' kristi instructed , as she held onto the phone ."
3126,megan jogged down the hall to catch up with pesh .
3127,he smacked the buttons on the elevator before glancing down at mary .
3128,"`` stay with me , okay ?"
3129,"we 're going to get you into surgery , and then you 'll be good as new . ''"
3130,`` are you sure ? ''
3131,she asked .
3132,"without hesitation , pesh replied , `` yes , but you have to stay with me . ''"
3133,the elevator 's doors slid open .
3134,"as megan helped pesh push the gurney inside , mary asked , `` did you turn on more lights ? ''"
3135,megan creased her brows in worry as she glanced over to pesh .
3136,"`` we 're getting in the elevator to take you to the or for surgery , '' she replied ."
3137,"`` but it 's so bright , '' mary whispered before closing her eyes ."
3138,her head lolled to the side just as the alarms on the monitors began screeching in megan 's ears .
3139,"`` dammit , she 's crashing ! ''"
3140,pesh cried .
3141,ice-cold fear pricked its way from the top of megan 's head all the way down her body .
3142,a patient was crashing in the elevator without the crash cart .
3143,what the hell were they supposed to do ?
3144,"`` lower the gurney , '' pesh ordered ."
3145,megan 's jerky hands fumbled with the lever .
3146,"once it was flat , pesh brought his hands to mary 's chest and began compressions ."
3147,"without having to be told , megan leaned down , pinched mary 's nose , and began breathing into her mouth ."
3148,they worked in perfect synchronization .
3149,"`` stay with me , mary ! ''"
3150,"pesh barked , as his hands pumped in a manic pace up and down on mary 's chest ."
3151,"glancing up from her breathing , megan eyed the monitors ."
3152,`` no pulse . ''
3153,"when pesh did n't respond , she continued doing breathing cycles ."
3154,"at the taste of something warm meeting her lips , she jerked back ."
3155,blood oozed out of mary 's mouth .
3156,`` there 's more damage than the spleen .
3157,she 's bleeding from the mouth . ''
3158,pesh did n't even acknowledge her comment .
3159,`` the seat belt and airbag could have caused an aortic tear as well .
3160,there 's nothing we can do . ''
3161,"instead , he kept right on with his compressions ."
3162,"the elevator doors opened , and megan met the expectant faces of the surgical team ."
3163,"when one doctor stepped forward , she shook her head ."
3164,`` she 's gone . ''
3165,pesh growled across from her .
3166,"`` no , she is n't ."
3167,we have to keep trying .
3168,get a cart in here . ''
3169,the doctor eyed the stats on the monitors .
3170,`` i do n't think it will help . ''
3171,"jerking his head up from mary , pesh snarled , `` get the f**king cart ! ''"
3172,"as one of the nurses scrambled away , two others pulled the gurney from the elevator ."
3173,"megan stood back , feeling helpless as to what to do ."
3174,"once the cart arrived , pesh ripped open mary 's gown ."
3175,`` charging 260 joules . ''
3176,he rubbed the paddles together .
3177,`` clear ! ''
3178,mary 's chest jolted off the gurney with the force of the electricity .
3179,megan did n't need to look at the monitors .
3180,the heart stayed in a flat line .
3181,`` charging 360 joules . ''
3182,megan closed her eyes when pesh administered the second shock .
3183,"`` dammit , jade , do n't do this !"
3184,try for me ! ''
3185,megan could n't hold back the gasp that escaped her at pesh calling mary by his late wife 's name .
3186,"before pesh could do another charge , one of the surgeon 's stepped forward ."
3187,"after he removed his mask , he put his hand on pesh 's back ."
3188,`` calling time of death . ''
3189,"defeated , pesh dropped his head ."
3190,"slowly , he eased back from the gurney ."
3191,a nurse took the paddles from him and put them back on the cart .
3192,"`` i 'll go notify the family , '' pesh murmured ."
3193,the surgeon shook his head and stared pointedly at megan .
3194,`` get a resident to do that .
3195,"nadeen , you go take a breather , buddy . ''"
3196,`` they deserve to speak to the doctor who was with her when she died . ''
3197,`` you do n't need to do this . ''
3198,pesh slung away from the surgeon and started for the elevator .
3199,megan knew there was no point in arguing with him or trying to get one of the residents to take his place .
3200,she did n't know if she should try to go to him or not .
3201,she regretted her decision when he turned to face her in the elevator .
3202,his expression was agonizingly broken .
3203,"as the doors closed , her heart ached for him ."
3204,"she knew any doctor hated to lose a patient , especially a young one , but this went far deeper than that ."
3205,"from his behavior , megan knew that mary 's death had exposed a raw nerve in pesh-one that after two years still had n't healed ."
3206,"somehow he had seen his wife in mary , and once again , he was n't able to save her ."
3207,"after she had escorted mary 's body back upstairs to wait on the funeral home , megan went in search of pesh ."
3208,"she could n't find him in any of the exam rooms , nor was he in the doctors ' lounge or break room ."
3209,"finally , she went to kristi for answers ."
3210,`` did you see where dr. nadeen went ? ''
3211,kristi gave her a sad smile .
3212,`` you 'll probably find him on the roof . ''
3213,megan 's brows shot up in surprise .
3214,`` the roof ? ''
3215,kristi nodded .
3216,`` whenever he has a really bad day about his wife- '' she sucked in a breath when she realized she might have said too much .
3217,"at the thought of pesh 's grief , megan 's chest tightened in agony ."
3218,he was too good of a man to have to suffer like he did .
3219,`` so he goes up to the roof ? ''
3220,megan finished for kristi .
3221,`` he likes to be alone to clear his head .
3222,"although none of us would say anything , he usually ends up pulling another shift to make up for the time he was gone . ''"
3223,of course pesh would do something like that .
3224,"he was honorable every moment of his life , even after those of immense grief ."
3225,"even though she knew he probably wanted and needed to be alone , megan wanted to check on him ."
3226,she could n't bear the thoughts of him suffering so much .
3227,"`` um , if it 's okay , i think i 'll go ahead and take my dinner break . ''"
3228,kristi gave her a knowing look before nodding .
3229,"`` sure , honey ."
3230,go right ahead . ''
3231,megan smiled before brushing past kristi .
3232,she bypassed the break room where her purse was .
3233,"instead , she kept going ."
3234,"after a brisk walk down the hall , she got to the authorized personnel only stairwell ."
3235,she did n't dare use the elevator shaft where trauma patients were brought in from being airlifted .
3236,"without hesitation , megan swiped her access card ."
3237,"when the lock clicked , she flung the door open and started up the flights of stairs ."
3238,she was winded when she reached the top .
3239,"cautiously , her hand hovered over the doorknob ."
3240,she could n't help wondering what she might find on the other side .
3241,would pesh be an emotional mess ?
3242,would he be angry that she had interrupted his private grieving ?
3243,"shaking the thoughts from her head , she flung open the door ."
3244,"as she stepped onto the roof , the air grew cooler ."
3245,a breeze rippled her scrubs .
3246,her gaze spun around frantically until she found him .
3247,pesh stood at the edge of the roof .
3248,"his usual ramrod straight posture was slumped , his broad shoulders drawn in ."
3249,"although she could n't see his face , his gaze seemed fixed straight ahead into the night sky ."
3250,"to add insult to injury , clouds blotted out the stars , cloaking everything in darkness ."
3251,"tentatively , she started over to him ."
3252,"`` hey , '' she said softly ."
3253,he whirled around in surprise .
3254,her heart clenched at the sight of the tears sparkling in his eyes .
3255,"even in the darkness , she could see a blood-red flush entering his cheeks ."
3256,his hands quickly came up to swipe away the moisture from his eyes .
3257,"`` hello , '' he finally replied in a hoarse whisper ."
3258,"they stood in an awkward silence , staring each other down ."
3259,"finally , megan took a step forward to close the gap between them ."
3260,`` how did you know i was up here ? ''
3261,he asked .
3262,`` kristi told me . ''
3263,`` hmm . ''
3264,"unable to stop herself , she reached out to touch his arm ."
3265,"`` i 'm so sorry , pesh . ''"
3266,`` it is n't necessary . ''
3267,she shook her head .
3268,"`` yes , it is ."
3269,you 're in pain ... you 've been in pain .
3270,i ca n't help but feel sorry for what you 're going through . ''
3271,his usually warm eyes took on a cold look .
3272,"`` you were in that elevator , too ."
3273,you have every right to be emotional .
3274,maybe you should be more concerned with why you are n't weeping . ''
3275,"`` do n't , '' she murmured ."
3276,`` do n't what ? ''
3277,`` do n't try to mask your pain by being someone you 're not or by pointing fingers at others .
3278,"that is n't you , and you ca n't fool me . ''"
3279,"with a ragged sigh , pesh jerked his hand through his dark , wavy hair ."
3280,`` i 'm sorry .
3281,that was completely uncalled for . ''
3282,`` it 's okay . ''
3283,"`` no , it's- '' she silenced him by bringing her hand up to cover his lips ."
3284,"when she pulled her hand away , he sighed ."
3285,"`` talk to me , '' megan pleaded ."
3286,"the clouds above them opened up , causing a slight drizzle to fall ."
3287,`` the death of a patient is never easy .
3288,"any doctor of worth , or nurse for that matter , must possess compassion ."
3289,then it is inevitable that the same compassion you possess will come back to haunt you-it may even cripple you .
3290,"when death comes , you ca n't help feeling for the life that has been lost and for the family members left behind . ''"
3291,"his voice choked off , and megan drew herself even closer to him ."
3292,she knew that his last statement held personal meaning for him .
3293,`` what exactly happened to your wife ? ''
3294,she questioned softly .
3295,pesh 's eyes closed .
3296,`` jade had an undiagnosed clotting condition .
3297,"she was adopted , so she did n't know anything really about her family history ."
3298,she 'd always been in perfect health-she rarely even went to the doctor with the sniffles .
3299,"and after we 'd been married for three years , we decided it was time to have a baby . ''"
3300,"when pesh remained silent , megan tentatively asked , `` did she die in childbirth ? ''"
3301,he shook his head .
3302,"`` no , we never got that far ."
3303,"we tried for over a year to get pregnant on our own , and it did n't happen ."
3304,so we were recommended to a fertility clinic .
3305,"once the iui process did n't work , we started ivf . ''"
3306,a ragged sigh came from deep in his chest .
3307,"`` the whole process was physically trying and then emotionally gutting for both of us , but especially for jade . ''"
3308,he met her gaze .
3309,`` she blamed herself since the testing revealed that everything was fine with me .
3310,"although we were labeled as 'non-specific infertility , ' she felt that it was all her fault . ''"
3311,"`` bless her heart , '' megan murmured , as her heart went out to a woman she 'd never met ."
3312,getting pregnant had been so easy for her .
3313,"although mason was n't necessarily expected , he had never been unwanted in her eyes ."
3314,but she knew what infertility did to a woman when she saw it ravage her father 's sister .
3315,"although her aunt was now the happy and doting mother of two adopted girls , she knew the emotional toil not getting pregnant had taken ."
3316,"megan , herself , had once been the recipient of her aunt 's childless pain when she had announced her pregnancy with mason ."
3317,"still without answers as to how jade had died , megan pressed pesh for more ."
3318,`` so what happened with the ivf ? ''
3319,`` she got pregnant on the first transfer only to miscarry three weeks later .
3320,we had just been through another transfer when she died . ''
3321,pesh 's adam 's apple bobbed up and down as he swallowed hard .
3322,megan could only imagine he was trying to keep his emotions in check .
3323,"finally , he spoke again ."
3324,`` she had an embolism most likely brought on by the fertility medication .
3325,i was in the kitchen making breakfast when i heard a crash in the bedroom . ''
3326,tears pooled in his eyes .
3327,"`` when i called her name and she did n't answer , i ran back to her ."
3328,she was crumpled on the bedroom floor .
3329,"after calling 911 , i did cpr over and over again , but i could never revive her . ''"
3330,"`` oh pesh , '' megan murmured ."
3331,the weight of his pain was so heavy that even she found it hard to breathe .
3332,"without looking at her , he continued staring straight ahead ."
3333,"`` from what the medical examiner said , i have some peace in knowing she did n't suffer-that she went quickly without any fear or pain ."
3334,"one minute she was getting ready for work , and the next she was gone . ''"
3335,"`` it 's true that there is some peace , especially the fact she did n't know she was going to die ."
3336,sometimes i ca n't imagine what it must be like for terminal patients . ''
3337,she shuddered .
3338,"`` when you wonder if every day is your last , when you have to think about all you 're going to miss . ''"
3339,"`` yes , that is true , '' he said , in a hushed whisper ."
3340,"when he finally turned to look at her , he gave her a sad smile ."
3341,`` it 's been two years .
3342,"every time i think i 've moved on , that i 've been able to compartmentalize my grief , a case comes through that brings me to my knees . ''"
3343,"`` i 'm so sorry , '' megan murmured , bringing her hand up to cup his cheek ."
3344,he leaned his face into her hand .
3345,his head bowed until their foreheads met .
3346,"`` you have to remember that no matter what happened to your wife , and to mary , it was n't your fault ."
3347,you were n't responsible .
3348,you need to keep living .
3349,you 're alive . ''
3350,"tilting her head up , she gazed into his dark brown eyes ."
3351,"`` you 're alive , '' she repeated ."
3352,the rain began to fall harder .
3353,her eyelids fluttered to keep the moisture out of her eyes as she gazed up at him .
3354,"his mouth hovered next to hers , his breath warming her cheek ."
3355,she could barely breathe in that moment .
3356,it was like every molecule in her body was pulsing with need .
3357,"silently , she pleaded with her eyes for him to kiss her ."
3358,"and then , after what felt like an eternity , he slid his lips over hers ."
3359,it was n't the first time she had kissed him-it was just the first time she was sober and had kissed him .
3360,"now her senses were heightened , and she could experience exactly what she was feeling ."
3361,"his lips were tender and soft at first , and then they switched over to desperate and demanding ."
3362,it was like he was breathing her in with every brush of his lips and stroke of his tongue as if to prove to himself that he truly was alive .
3363,"his tongue danced along hers , causing her to moan ."
3364,"he brought his hands up to cup her face while her arms went around his chest , pulling him closer to her ."
3365,drops of rain pelted her head and ran down her cheeks while pesh 's white coat grew moist as she ran her hands up and down his back .
3366,"she realized , in a dizzying flurry , that no man had ever kissed her like this before ."
3367,"this was like lovemaking with their mouths , and she never wanted it to end ."
3368,"when pesh finally tore his lips from hers , megan 's breaths came in heaving pants ."
3369,her eyes opened to stare up at him .
3370,his expression turned from lust to anguish .
3371,he shook his head .
3372,`` i 'm sorry . ''
3373,"`` pesh , you don't- '' he held up his hand ."
3374,"`` please , just go . ''"
3375,"he turned away from her , wrapping his arms around his chest ."
3376,"torn , megan did n't know if she should argue with him and stay or leave ."
3377,"`` please , '' he whispered ."
3378,"with her heart still beating wildly from their passionate lip-lock , she turned and fled ."
3379,"as she pounded back down the stairs , her emotions yo-yoed to where she felt like a watch that had been wound too tight ."
3380,"after bursting back through the door , kristi met her in the hallway ."
3381,her eyes widened at megan 's appearance .
3382,"`` i , uh , i went outside on my dinner break , and it started raining , '' megan lied ."
3383,"`` next time you 'll have to remember your umbrella , '' kristi replied ."
3384,megan nodded .
3385,"`` yeah , i will . ''"
3386,`` why do n't you go to the break room ?
3387,there 's a hair dryer under the sink .
3388,"when you finish drying off , i could really use you in the supply closet doing inventory ."
3389,seems like we always almost run out of everything at once . ''
3390,`` sure .
3391,i can do that . ''
3392,"as megan turned to go down the hallway , kristi reached out and grabbed her arm ."
3393,`` is he okay ? ''
3394,megan bit down on her lip to keep a hysterical laugh from escaping .
3395,was pesh okay ?
3396,was she okay ?
3397,who the hell knew ?
3398,"one minute he 'd been weeping about his wife and losing a patient , and the next he 'd been liquid passion dripping on her lips ."
3399,"regardless of his emotional whiplash , she 'd experienced the same ."
3400,she now found herself wanting more of his kisses when she should n't .
3401,but it was n't just the kiss she wanted-she wanted all of him and not just for sex .
3402,"`` no , he 's not ."
3403,"i guess he 's just trying to accept the loss , both past and present , as best he can , '' she finally replied ."
3404,kristi nodded in acknowledgement .
3405,"when megan felt she was free from any more questioning , she hurried down the hall to the break room ."
3406,"thankfully , she found it empty ."
3407,"after grabbing a brush from her purse , she went to the sink to grab the hair dryer ."
3408,"gazing at her reflection in the mirror , she looked a bedraggled mess ."
3409,she was practically washed out except for her lips .
3410,they were swollen and bright red from pesh 's kisses .
3411,her finger came up to trace her bottom lip .
3412,"as memories of his kisses filled her mind , she tried desperately to think of anything else ."
3413,"in the end , she had gone up to the roof to somehow save pesh , and instead , she had lost herself to him and his emotions ."
3414,chapter thirteen pesh regretfully watched megan 's retreating form .
3415,he cursed under his breath as she disappeared into the stairwell .
3416,what was his problem ?
3417,"the woman had been merely comforting him , and he had allowed his libido to take over ."
3418,he had promised her he would keep his distance .
3419,"regardless of the flirting and easy banter between them , he had kept things professional ."
3420,now she probably felt trapped and harassed by him .
3421,"she tried to talk to him about it , and he 'd dismissed her ."
3422,he paced around the rooftop as the rain that had soaked him to the bone began to dissipate .
3423,his mind was a jangled mess of thoughts and emotions .
3424,one voice argued over and over that megan had wanted him to kiss her-that the look in her eyes told the truth .
3425,but pesh worried that in his agony he had misread the signals she may or may not have been giving .
3426,"in the end , he 'd made a terrible situation even worse by not being able to control his feelings for megan ."
3427,"with a frustrated grunt , he realized he had to make things right with her ."
3428,he needed to apologize .
3429,"casting one last look out over the horizon , he then turned and started for the stairwell ."
3430,"after pounding downstairs , he searched the hallway for any signs of megan ."
3431,"when he spotted kristi , he was surprised not to see megan with her ."
3432,`` where 's megan ? ''
3433,he asked .
3434,"`` oh , since we 're kinda slow tonight , i asked her to go work in the storage closet ."
3435,we 're behind on inventory and cataloguing . ''
3436,`` i see . ''
3437,kristi eyed him up and down before shaking her head .
3438,`` you 're drenched . ''
3439,`` it 's raining outside . ''
3440,"`` so i 've heard , '' she said knowingly ."
3441,`` what does that mean ? ''
3442,he asked .
3443,she waved her hand .
3444,`` nothing .
3445,why do n't you do us both a favor and go get out of those wet clothes ?
3446,the last thing we need is you coming down with something . ''
3447,pesh knew it was fruitless to argue with her .
3448,"instead , he tucked his tail between his legs and made his way to the doctors ' lounge ."
3449,he took a clean pair of pants and shirt out of his locker .
3450,"after he slid on a new white coat , he strode down the hall to the medicine closet ."
3451,"after swiping his key card , he entered the room ."
3452,"when he closed the door behind him , megan turned around , gazing expectantly at him ."
3453,"now that he was in front of her , he did n't know exactly what to say ."
3454,"he had been on an emotional overload on the roof , and things had escalated far too quickly ."
3455,"`` look , i just want to say how very sorry i am about kissing you . ''"
3456,"`` well i 'm not , '' she replied matter-of-factly ."
3457,pesh 's neck snapped back in shock .
3458,her response was n't what he was expecting at all .
3459,"he had imagined she might be relieved or even embarrassed , but he had n't imagined that she would be unregretful ."
3460,he cleared his throat .
3461,"`` regardless , i should n't have done it ."
3462,"i was in an emotionally vulnerable position , and you were merely trying to comfort me ."
3463,nothing more . ''
3464,his words were more for his own good than hers .
3465,she shook her head .
3466,"`` just because i was comforting you , does n't mean i did n't want you to kiss me ."
3467,that i still do n't want to kiss you again . ''
3468,his brows furrowed in confusion .
3469,"`` but you- '' `` pesh , i 've wanted you since the night of noah 's baptism ."
3470,"but you shot me down then , and you still do . ''"
3471,"although his heart wanted to soar at her admission of wanting him , the reality of her words caused his chest to clench instead ."
3472,`` sexually .
3473,you only want me sexually . ''
3474,`` yes . ''
3475,"he should have been flattered that a young , sexy woman like megan desired him ."
3476,but he was n't .
3477,half of the women in the hospital would be willing for him to drag them to an empty patient 's room for a quick and dirty screw .
3478,but that 's not who he was .
3479,"he had never been that way with women , and he did n't see how it could be possible to change ."
3480,all he wanted was for her to really see him and how good he could be for her .
3481,how good they would be for each other .
3482,he thought that was what she was feeling in the moments before and after he kissed her .
3483,but now it seemed it was once again only lust .
3484,"although it was probably pointless , he could n't help putting everything out there once again ."
3485,"`` but when we were up on the roof , there was n't a moment where you wanted more from me than just sex ? ''"
3486,he licked his lips and took a step toward her .
3487,`` just a second where you could imagine your life with me in it ? ''
3488,"megan stared at him , her expression contemplative ."
3489,"for a brief moment , pesh thought by her hesitation that she had changed her mind about him ."
3490,but then she shook her head .
3491,`` how many times are you going to make me hurt you with this ?
3492,"you 're too good for me , pesh ."
3493,we both know that .
3494,i 'll remind you again of some of the reasons i 'm not the one for you .
3495,"i 'm twenty-five , and you 're thirty-seven ."
3496,"you want a wife , and i 'm not ready to be married . ''"
3497,her words cut into his chest the same as if she had taken a sharp blade to him .
3498,"she may have had to repeat herself this time , but he realized the finality of her words ."
3499,and then an idea hit him so hard that he shuddered-a true light bulb moment and epiphany .
3500,"there was only one way he was going to get to have his sweet megan , and that was if he gave in to her ."
3501,"he would have to become someone else for her , even if it was just for a little while ."
3502,"he could distract her with sex that she both desired and demanded , but at the same time , he would make her fall in love with him ."
3503,it could work .
3504,it had to .
3505,"cocking his head at her , he questioned , `` so let me get this straight once and for all ."
3506,"you would let me ... '' he paused , fighting the conflict within himself to say what he needed to ."
3507,he drew in a ragged breath .
3508,`` you would let me f**k you but not love you ? ''
3509,her eyes widened at his word choice .
3510,`` what 's gotten into you ? ''
3511,"he shrugged nonchalantly , feeling slightly empowered in the dr. jekyll and mr. hyde moment ."
3512,`` i merely asked a simple question . ''
3513,she snorted exasperatedly .
3514,"`` yeah , about ... '' she swallowed hard ."
3515,"`` fucking , of all things . ''"
3516,`` yes . ''
3517,megan shook her head wildly back and forth .
3518,"`` i can barely acknowledge hearing you say the word , least of all you doing that . ''"
3519,`` you ca n't imagine me- '' she held up her hand .
3520,"`` you 're not the type of man to f**k , '' she countered ."
3521,"crossing his arms over his chest , he countered , `` oh really ?"
3522,i 'm too nice of a guy ? ''
3523,`` something like that . ''
3524,"`` i am a man , megan ."
3525,we all have needs .
3526,is n't f**king one of them ? ''
3527,her body trembled slightly at his words .
3528,"she licked her lips before replying , `` s-stop saying that word-it is n't you . ''"
3529,"`` so , f**king is n't me ?"
3530,do n't tell me you think i 'm totally asexual-that you ca n't imagine me f**king a woman ... fucking you . ''
3531,he eased in closer to her .
3532,`` we both know for a fact that you wanted nothing more than to f**k me the night of noah 's baptism .
3533,"given the chance right now , you 'd let me strip off your scrubs and f**k you up against the medicine cabinet . ''"
3534,"as her chest heaved up and down , she took a step back from him , bumping against the counter ."
3535,`` but you do n't say things like that .
3536,you 're refined .
3537,"you 're a gentleman , '' she whispered ."
3538,"`` it may have been a while , but even a gentleman like me enjoys f**king . ''"
3539,he closed the gap between them .
3540,`` what are you doing ? ''
3541,she whispered .
3542,`` i 'm giving you what you want . ''
3543,`` you 're giving in ? ''
3544,"`` yeah , why not ? ''"
3545,"as he dipped his head , his mouth hovered over hers ."
3546,"`` if you really want me to take you , then kiss me . ''"
3547,"without a moment 's hesitation , megan crashed her lips against his ."
3548,the kiss was hard and desperately seeking more .
3549,"as his tongue thrust into her mouth , his hand came to her breast ."
3550,"tenderly , he cupped the flesh , feeling the weight fill his hand ."
3551,"unsatisfied with the lack of contact , he pulled his hand away and slid it underneath megan 's top ."
3552,"over her bra , he kneaded her breast again , feeling her nipple harden under his touch ."
3553,he felt his erection grow at the sound of her whimper .
3554,he wanted nothing more than to strip off all her clothes and kiss every inch of her body .
3555,"megan 's mouth popped off of his , and she stared up at him with hooded eyes ."
3556,`` what about someone finding us ? ''
3557,"`` i 'll lock the door , '' he replied ."
3558,"reluctantly , he pulled away from her to walk back over to the door ."
3559,"after he turned the lock , he made sure to push a box in front of it as well ."
3560,they would have enough warning if someone were to try to use their card to come in .
3561,"with his hands on her shoulders , he steered her behind one of the floor-to-ceiling shelves , concealing them even further from potential prying eyes ."
3562,`` now where were we ? ''
3563,"he asked , with a smile ."
3564,she grinned and wrapped her arms around his neck .
3565,`` i think you were getting acquainted with second base . ''
3566,"`` yes , i remember now . ''"
3567,"instead of his hands going back to her br**sts , he pulled her flush against him ."
3568,"as his lips met hers , he slipped his arms around her waist ."
3569,"he grabbed the globes of her ass and squeezed , causing megan to moan into his mouth ."
3570,"his hands gripped her flesh , urging her upward ."
3571,"rising on her tiptoes , she allowed him to hoist her up ."
3572,her legs wrapped around his waist .
3573,"once he had secured her to him , he rammed them back , until they bumped into the wall ."
3574,"he ground his pelvis into her core , letting her feel how much he truly wanted her ."
3575,"`` mmm , '' she murmured , as he continued rubbing against her ."
3576,one of her hands abandoned his shoulder and slid down his back to squeeze his ass .
3577,"his fingers jerked her hair back , pulling her lips back from his ."
3578,he gazed into her heavy lidded eyes before his mouth dipped to her neck .
3579,"his tongue slid up her jugular , feeling her racing pulse ."
3580,`` so you 'll let me inside your body but not your heart ? ''
3581,he demanded .
3582,`` yes .
3583,please pesh . ''
3584,"now that he had her right where he wanted her , it was time to put his plan into motion ."
3585,"`` if i give you an orgasm , you 'll have to go on a date with me . ''"
3586,her eyes widened through her panting .
3587,`` you ca n't be serious . ''
3588,"`` oh , but i am ."
3589,"give and take , megan ."
3590,i give you what you want- '' he paused in his thrusts to let his fingers dip into the waist band of her scrubs .
3591,"through the thin scrap of her thong , his hand caressed her , causing her to whimper ."
3592,`` which is to explode in bliss . ''
3593,"as he continued stroking her , she hissed in a breath as she glared at him ."
3594,"`` you want me pretty bad , do n't you , megan ? ''"
3595,"he asked , as his fingertips felt of her growing moisture ."
3596,her fingernails dug into his shoulders .
3597,`` yes .
3598,"god , yes , i do . ''"
3599,`` so let me give you this pleasure .
3600,i want nothing more than to see you come apart . ''
3601,he licked his lips .
3602,`` then you 'll let me take you out . ''
3603,"her eyelids fluttered , and she bit down on her lip ."
3604,he could tell she was internally raging war with herself about what to do .
3605,"as his fingers sped up their tempo against her clit , her head fell back against the wall ."
3606,"`` you do n't play fair , '' she groaned ."
3607,he momentarily eased his hand off of her .
3608,"`` i do n't want to play games with you at all , but you leave me no choice . ''"
3609,he lowered his head to kiss her again .
3610,"`` all i want is you , '' he murmured ."
3611,"`` fine , fine . ''"
3612,`` fine what ? ''
3613,"he questioned , as he looked her in the eye ."
3614,"`` make me come , and i 'll go out on a date with you . ''"
3615,he smiled before easing her back onto her feet .
3616,"when he sank to his knees before her , megan 's brows furrowed in confusion ."
3617,he then gripped the waistband of her scrubs .
3618,"he eased them down , along with her panties , never taking his eyes off hers ."
3619,"when he had them down to her ankles , he rose back up ."
3620,"grabbing her by the waist , he shifted her to the side where she bumped into the counter ."
3621,he gripped her h*ps once again and raised her up to where her butt rested on the cool formica .
3622,"he slid her pants and thong over her shoes , letting the drop into floor below him ."
3623,he was so far gone with desire that he did n't stop to think how long it had been since he had gone down on a woman .
3624,he pushed the voices out of his head when they reminded him of how jade had teasingly called his tongue a master of orgasms .
3625,"instead , he focused on the beautiful , panting woman before him as she widened her legs invitingly for him ."
3626,"when he slid his tongue slowly up megan 's wet slit , they both shuddered ."
3627,"he took one of her legs and propped her foot on his shoulder , so he could get better access to her while he pushed her other thigh further open ."
3628,"her pink , glistening center was laid out beautifully before him ."
3629,"as his tongue flicked and teased her swollen clit , megan threw her head back and moaned ."
3630,"his lips closed over her clit , sucking it hard ."
3631,her h*ps began to rock back and forth .
3632,he knew it was n't going to take him long to make her come-she was too ready for this .
3633,it had been a long time for her as well .
3634,he resisted using his fingers .
3635,"instead , he spread her apart and then thrust his tongue rhythmically inside her ."
3636,megan 's cries grew louder to where he brought his hand up and clamped it over her lips .
3637,the last thing they needed was someone banging on the door .
3638,"as he felt her walls tensing , she reached out to twist her fingers in his hair ."
3639,"he welcomed the pain as she went over the edge , convulsing and screaming against his hand ."
3640,"when megan 's walls finishing clenching and pulsing , pesh removed his tongue from inside her ."
3641,he placed butterfly kisses against her core and then on the insides of her thighs .
3642,"when he finally glanced up , he found megan staring at him , a combustive mix of emotions swirling in her blue eyes ."
3643,"`` that was ... '' smiling , he rose up from the floor ."
3644,his hands gently came to her waist .
3645,he was just about to pull her down when she stopped him .
3646,`` do n't .
3647,i ca n't even feel my legs right now . ''
3648,he brushed her hair back from her face .
3649,"`` it has been a long time , has n't it ? ''"
3650,she shook her head .
3651,`` how about never has it been like that . ''
3652,he could n't help staring at her incredulously .
3653,`` what do you mean ? ''
3654,"`` i mean , that i 've never gotten off like that . ''"
3655,she gave him a sheepish grin .
3656,`` at least not with a man . ''
3657,"at her insinuation , he felt warmth enter his face ."
3658,`` are you blushing about me mentioning masturbating ? ''
3659,"`` no , i 'm not , '' he protested feebly ."
3660,megan laughed .
3661,"`` you really are something else , you know that ? ''"
3662,`` i am ? ''
3663,`` hell yes .
3664,"one minute you 've got your tongue buried inside me , giving me the most intense orgasm of my life , and then the next you 're blushing ."
3665,it 's like you became another person a few minutes ago .
3666,you were forceful and domineering . ''
3667,a shudder rippled through her as she raised her brows .
3668,`` do you always get like that when it comes to sex ? ''
3669,pesh felt even more warmth creeping into his cheeks .
3670,"how she could talk so frankly without any pants on , he had no idea ."
3671,`` we should cover you up . ''
3672,`` you were enjoying the view a few minutes ago . ''
3673,she leaned over and winked at him .
3674,`` a very up-close and personal view . ''
3675,he rubbed his hands over his face .
3676,"`` honestly , i do n't know what came over me ."
3677,i came in here to tell you i was sorry and that you would n't have to worry about me coming on to you again . ''
3678,and then all hell had broken loose .
3679,it was like he had been fried with the electrical current from the paddles on the crash cart .
3680,he 'd decided to become another person to win her and damned if he had .
3681,almost too easily for his liking .
3682,what had he said to her in the heat of the moment ?
3683,he stared intently at her .
3684,`` all i could think of was how much i wanted you and what it would take to have you . ''
3685,`` you really wanted me that much ? ''
3686,"she asked , her brows rising in surprise ."
3687,"`` yes , i did . ''"
3688,"with a coy smile , she scooted to the edge of the counter ."
3689,she wrapped her legs around his waist and drew him closer to her .
3690,`` what about you ? ''
3691,"she asked , as her hand cupped his erection through his pants ."
3692,"his h*ps bucked involuntarily , and he closed his eyes , trying to steady himself ."
3693,"`` this was n't about me , '' he murmured ."
3694,`` i ca n't let you go back on the floor with a hard-on . ''
3695,"she licked up the side of his face , causing him to shudder ."
3696,`` i owe you at least a happy ending after those multiple orgasms you just gave me . ''
3697,his closed eyes popped open .
3698,`` multiple did you say ? ''
3699,she giggled .
3700,`` yeah . ''
3701,"`` then that means you owe me multiple dates , right ? ''"
3702,megan reached around to smack his ass .
3703,`` you 're a bad boy trying to trick me . ''
3704,`` i 'm sorry .
3705,i play dirty when i have to . ''
3706,"without another word , megan unbuttoned and unzipped him ."
3707,she eased his pants and boxer shorts off his hips .
3708,"when his erection was freed , she glanced between them ."
3709,"`` hmm , pretty impressive . ''"
3710,"he started to laugh at her remark , but when she gripped him in her hand , he gasped ."
3711,"all coherent thoughts flew out of his mind as she stroked his length up and down , alternating from smooth slides to hard tugs ."
3712,`` would you rather it was my mouth on you than my hand ? ''
3713,she asked .
3714,"`` feels good no matter what , '' he muttered , his head dipping to rest against her shoulder ."
3715,her breath scorched against his ear .
3716,"`` mmm , i love that you 're so hard ."
3717,"just for me , right ? ''"
3718,"`` yes , '' he panted ."
3719,`` just for you .
3720,only you . ''
3721,"flicking her tongue out , she encircled his lobe and the shell of his ear ."
3722,`` can you imagine what it would be like to bury yourself deep inside me ? ''
3723,her words were having too much of an effect on him .
3724,"the dirty talk , coupled with the way she had her hand on him , caused him to tighten up ."
3725,"he tried to pull away , but she kept hold of him ."
3726,and then he was coming undone .
3727,"when he finally came back to himself , he opened his eyes to see that he 'd come on megan 's exposed thighs ."
3728,"`` i 'm sorry , '' he said ."
3729,`` it 's okay .
3730,it was worth it to see your o face . ''
3731,she smiled dreamily at him .
3732,"`` god , you were beautiful . ''"
3733,"since he 'd never had a woman tell him that , he could n't help flushing ."
3734,he pulled away from her to search for something to clean her up with .
3735,"finally , he found a roll of paper towels ."
3736,"when he returned to her , he gently wiped himself off her skin ."
3737,"after he finished , he helped her down off the counter ."
3738,`` i 'll go out first .
3739,i need to clean up .
3740,and so do you . ''
3741,he gave a brief nod .
3742,he was having trouble processing all the emotions swirling through his mind .
3743,`` so when it is ? ''
3744,she asked .
3745,`` when is what ? ''
3746,he asked dumbly .
3747,he was still far too obliterated by a simple hand job to be processing coherent thoughts .
3748,`` our date . ''
3749,he had almost forgotten what he asked of her .
3750,"out of the heat of the moment , he felt guilty for what he had done ."
3751,he shook his head .
3752,"`` no , i was n't being fair ."
3753,you do n't owe me a date . ''
3754,"`` yes , i do ."
3755,i always keep my promises . ''
3756,`` you 're really going to go out with me ? ''
3757,she grinned .
3758,`` of course i am . ''
3759,his heartbeat sped up .
3760,`` are you off this saturday ? ''
3761,`` yes . ''
3762,`` you do n't have plans ? ''
3763,"`` no , i do n't . ''"
3764,`` and you can get someone to watch your son ? ''
3765,"`` yessss , '' she replied , with a smile ."
3766,"`` okay , then let 's do it saturday . ''"
3767,`` do what exactly ? ''
3768,`` the date . ''
3769,she laughed .
3770,"`` yes , but what are we doing ? ''"
3771,`` it 's a surprise . ''
3772,"tilting her head , she eyed him suspiciously ."
3773,`` i 'm not sure i like the sound of that . ''
3774,`` i promise you 'll like it . ''
3775,`` what should i wear for this surprise date ? ''
3776,already the wheels had been turning in his head .
3777,"since it might be his only chance , he knew he wanted to make the date as special as he could ."
3778,`` wear something dressy .
3779,we might be going somewhere that requires more formal wear than jeans . ''
3780,"`` okay , i think i can do that . ''"
3781,"at the sound of his pager , he grimaced ."
3782,`` guess i 'll be the one leaving first . ''
3783,"without hesitating , he bowed his head to kiss her ."
3784,"just like before , the feel of her mouth against his lit him on fire ."
3785,"reluctantly , he pulled away ."
3786,`` go wash up first . ''
3787,her breath warmed his cheek before she glanced up into his eyes .
3788,`` i can taste myself on you . ''
3789,he closed his eyes as a shudder went through his body .
3790,`` you 're trying to kill me . ''
3791,she flashed him a wicked grin .
3792,`` sorry .
3793,it 's the truth . ''
3794,"`` behave yourself , '' he replied , before he headed to the door ."
3795,"chapter fourteen with less than ten minutes before pesh was set to arrive for their date , megan found herself a neurotic mess still holed in the bathroom ."
3796,she 'd changed outfits at least three times before deciding on a black and white lace dress that came just to her knees .
3797,it had actually come out of the back of her closet-one of the tamer remnants of her wilder days .
3798,"pesh had told her to wear something dressy , and it did fall into the dressy category , although it was probably a little sexier than she would have liked ."
3799,"while she 'd pulled her long hair back into a loose knot at the back of her neck , she was now rethinking her strategy ."
3800,"if she 'd left her hair down , it would cover more of the exposed skin that the spaghetti straps and neck of the dress showed ."
3801,"glancing at her phone one more time , she cringed ."
3802,"`` fuck it , '' she muttered , before spritzing on some perfume ."
3803,"after the fragrant cloud faded , she headed out of the bathroom ."
3804,she grabbed her purse and headed upstairs .
3805,"when she came into the kitchen , a loud , cat-calling whistle pierced her ear ."
3806,she scowled at sean .
3807,`` seriously ? ''
3808,he shrugged .
3809,"`` you look hot , sis . ''"
3810,"gavin , who stood beside sean at the counter , nodded ."
3811,`` we never see you in anything but scrubs . ''
3812,megan could n't help smiling at her brothers .
3813,`` thank you . ''
3814,"wagging his brows , gavin asked , `` got a hot date , huh ? ''"
3815,"`` not exactly , '' she replied , as she went to grab her purse ."
3816,"`` yeah right , '' he mumbled under his breath ."
3817,"after slinging her purse on her shoulder , she whirled around to pin him with her stare ."
3818,`` and what 's that supposed to mean ? ''
3819,`` it means that chicks do n't get dressed up like that for nothing .
3820,you obviously want to impress this guy .
3821,"so , it 's obviously a hot date . ''"
3822,`` since when did you become the love guru ? ''
3823,she questioned .
3824,sean grinned as he elbowed gavin .
3825,"`` she 's getting riled , man ."
3826,being irrational about little things usually means love . ''
3827,"megan opened her mouth to lay into her brothers , but then found herself speechless , so she closed it back up ."
3828,"without another word to her brothers , she went into the living room ."
3829,she found her dad lounging in his chair with mason snuggled to his side .
3830,"when her dad looked up , he did a double take ."
3831,"`` do n't you look beautiful , sweetheart , '' he said ."
3832,she bent down and kissed his cheek .
3833,"`` thanks , daddy . ''"
3834,mason tore his gaze away from the television to look at her .
3835,"`` mommy , bye-bye ? ''"
3836,this was one question she had n't anticipated explaining .
3837,"`` yes , mommy is going to go see a friend today , and you 're going to stay here with grammy and granddad . ''"
3838,his tiny brows furrowed .
3839,`` mace no go ? ''
3840,guilt rocketed through her .
3841,how could she spend one of her few off days away from her son ?
3842,"the doorbell rang , and she was forced out of her self-loathing to answer the door ."
3843,"taking a deep breath , she opened it ."
3844,her heart did a funny little flip-flop at the sight of pesh on the porch .
3845,"it was n't just how handsome he looked in his khaki pants , red button-down polo shirt , and black blazer ."
3846,it was also the fact he held a dozen red roses in his hand .
3847,"`` hi , '' she said shyly , after they had stared at each other for a few seconds ."
3848,he smiled .
3849,`` hello . ''
3850,`` would you like to come in ? ''
3851,"as he nodded , she stepped aside to give him room to come in the door ."
3852,he turned back to her and held out the roses .
3853,`` these are for you . ''
3854,"after the words left his lips , he grimaced , as if what he had said offended him ."
3855,`` they 're beautiful .
3856,thank you . ''
3857,"`` bye-bye kiss , mommy ! ''"
3858,mason called from the living room .
3859,she smiled apologetically at pesh .
3860,`` i 'm sorry .
3861,i 'll just be one minute . ''
3862,`` take your time . ''
3863,she hurried across the foyer and into the living room .
3864,she deposited the roses onto one of the tables .
3865,`` i 'll be back tonight .
3866,"you be a good boy , okay ? ''"
3867,"she said , when she got to her father 's chair ."
3868,she leaned over and kissed both of mason 's cheeks .
3869,`` give mommy a kiss . ''
3870,he gave her a smacking kiss on the cheek .
3871,"`` bye , my love , '' megan said , before turning and heading out of the room ."
3872,she 'd just reached pesh 's side when he glanced past her .
3873,`` what ? ''
3874,she asked .
3875,"`` i think we have a potential stowaway , '' he replied , with a smile ."
3876,she whirled around to see mason standing in the foyer .
3877,"`` what 's wrong , baby ? ''"
3878,"`` no go , '' he whimpered ."
3879,she glanced up at pesh .
3880,`` i 'm sorry .
3881,he usually is fine about me leaving him . ''
3882,she knelt down beside mason .
3883,"`` i wo n't be gone long , and you 'll have much more fun here with grammy and granddad ."
3884,"pesh and i are doing boring , big people stuff . ''"
3885,`` no go ! ''
3886,"he cried , as big tears pooled in his eyes ."
3887,pesh knelt down beside her .
3888,"`` hey buddy , do n't cry ."
3889,i 'm not going to take your mommy away from you . ''
3890,`` mace go ? ''
3891,he asked hopefully .
3892,megan shook her head .
3893,"`` no , sweetheart , i told you that we were going to do big people things today . ''"
3894,"`` that 's true , '' pesh said ."
3895,then he smiled at mason .
3896,`` but that does n't mean we ca n't take a little detour first . ''
3897,megan 's widened her eyes in surprise .
3898,`` what do you mean ? ''
3899,`` why do n't we take mason to lunch at his favorite place ? ''
3900,"`` you do n't mean that , '' megan argued ."
3901,pesh cut his gaze over to her .
3902,"`` sure , i do ."
3903,i can adjust our reservations . ''
3904,she could n't help staring at him in shock .
3905,how was it possible he was so willing to change his plans simply because mason did n't want her to leave ?
3906,she fought the urge to reach out and touch his shoulder to make sure he was real-he was far too good to be true at times .
3907,`` is that okay with you ? ''
3908,pesh asked her .
3909,`` of course it 's all right with me .
3910,i was worried about it not being okay with you . ''
3911,`` i would n't have suggested it if i did n't mean it . ''
3912,he reached out and ruffled mason 's hair .
3913,"`` all right , buddy , where do you want to go for lunch ? ''"
3914,`` cheese !
3915,cheese ! ''
3916,"he cried , as he bobbed up and down ."
3917,megan groaned as pesh 's expression grew confused .
3918,`` he wants to eat cheese ? ''
3919,he asked .
3920,"`` no , he wants to go to chuck e. cheese-every parent 's worst nightmare . ''"
3921,pesh chuckled as he rose up from the floor .
3922,`` all right then .
3923,chuck e. cheese it is . ''
3924,"`` go get your shoes , '' megan instructed ."
3925,"as mason raced back into the living room , megan stood up ."
3926,`` you really do n't have to do this . ''
3927,"`` honestly , i do n't mind ."
3928,"we can go have lunch with mason , and then we can start our date ."
3929,"i 'm sure he 'll be worn out and ready for a nap when we get back , right ? ''"
3930,"`` yes , he will . ''"
3931,`` good .
3932,then he wo n't have any reason to miss you if he 's asleep . ''
3933,she smiled at his thoughtfulness .
3934,`` thank you .
3935,i really mean that . ''
3936,`` you 're welcome . ''
3937,he reached out and brushed her cheek .
3938,"when he started to lean in to kiss her , mason ran back into the foyer with his shoes ."
3939,pesh quickly jerked back .
3940,"to combat the awkwardness , megan busied herself with getting mason 's shoes on ."
3941,"when she finished , mason bounded over to pesh and grabbed his hand ."
3942,`` go !
3943,go ! ''
3944,pesh laughed at mason 's enthusiasm .
3945,he held his other hand out for megan .
3946,she slid her hand into his and then they started to the car .
3947,"as megan walked through the doors of their local chuck e. cheese , she recoiled slightly at both the ear- splintering noise and the stomach-turning smells ."
3948,she also fought her embarrassment at the looks she and pesh were getting for their more formal outfits .
3949,"`` i think we 're a little overdressed , '' she said ."
3950,he held up his index finger and thumb before pinching them close together .
3951,`` just a little bit . ''
3952,"tugging on pesh 's hand , mason dragged him over to the toddler area of games ."
3953,megan quickly dug in her purse for some money for tickets .
3954,"after she bought them , she went over to pesh ."
3955,`` i 'll go grab us some pizza . ''
3956,she waved the tickets at him .
3957,"`` once these are gone , he 's done . ''"
3958,`` i do n't mind getting him more . ''
3959,she shook her head .
3960,`` trust me .
3961,he 's done . ''
3962,"`` okay then , '' he replied good-naturedly ."
3963,megan felt completely at ease leaving pesh to watch mason .
3964,"she got them a couple of slices of mason 's favorite , pepperoni , along with some drinks and then made her way over to a table close to the toddler area ."
3965,"when she caught pesh 's eye , she waved them over ."
3966,"after several tense moments , he was finally able to convince mason to leave the play area to come and eat ."
3967,"as mason bounced around in his seat , megan knew she would be doing good to get four bites of pizza down him before he was raring to go play again ."
3968,"she also had a fear that she , pesh , or the both of them were going to be wearing tomato sauce before it was all said and done ."
3969,"`` this place is very interesting , '' pesh remarked , as he gazed around ."
3970,megan laughed .
3971,`` have you never had the pleasure ? ''
3972,`` sadly no .
3973,"my brother , arjan 's , and his children live in florida , so i 've really never had a reason to come . ''"
3974,`` you 've dodged a bullet there .
3975,that 's for sure . ''
3976,he smiled before taking a bite of his pizza .
3977,his expression turned so sour that megan could n't help giggling .
3978,"`` this is terrible , '' he muttered ."
3979,`` i should have warned you not to bother eating .
3980,it only seems appetizing to small children who are hyped up on adrenaline . ''
3981,he took a long swig from his coke and swished the liquid around like he was trying to rid himself of the taste .
3982,"when he caught mason looking at him , he put on a fake smile ."
3983,"`` mmm , that 's good pizza ."
3984,you better eat yours before i do . ''
3985,"`` nice save , '' she murmured ."
3986,he winked at her as he threw his napkin on his plate .
3987,she could n't believe when her heart fluttered at his gesture .
3988,it was almost impossible to believe that she could be getting feelings for him in the middle of chuck e. cheese .
3989,`` done .
3990,"go play , '' mason announced , bringing her out of her thoughts ."
3991,she shook her head .
3992,`` i do n't think so .
3993,you need to eat more . ''
3994,mason scowled at her before grabbing another bite and shoveling it into his mouth .
3995,he managed to clean his plate with a little coaxing from pesh .
3996,then the two of them went back over to the play area .
3997,"as megan watched them , the small ache in her chest began to grow ."
3998,"pesh was completely hands on , hoisting mason up where he could reach things and then catching him when he came off the slide ."
3999,he seemed to genuinely enjoy spending time with mason .
4000,some guys would have played with mason only to get on her good side .
4001,"but pesh did n't have an agenda when it came to her , unless it was to have her embrace the idea of a relationship with him ."
4002,"when the last ticket was spent , she rose off her chair ."
4003,"`` okay , time to go . ''"
4004,"mason 's face scrunched up , and he looked like at any minute he might throw a tantrum to stay ."
4005,but pesh took his hand .
4006,`` we 'll come back another time . ''
4007,"his reply seemed to pacify mason , and he happily slung his and pesh 's arm back and forth as they walked to the car ."
4008,"when they got buckled up , megan turned back to mason ."
4009,`` what do you say to pesh for bringing you ? ''
4010,"`` tank you , esh , '' mason said ."
4011,his words sent a broad grin stretching across pesh 's face .
4012,"`` you 're welcome , buddy ."
4013,i had a good time . ''
4014,"when he glanced over at megan , she gave him a genuine smile ."
4015,"`` i had a good time , too . ''"
4016,"taking one of his hands off the steering wheel , he reached over to take her hand in his ."
4017,"while the gesture was a little too lovey-dovey for her liking , she did n't argue with him ."
4018,"instead , she just enjoyed his touch ."
4019,"once they had deposited a sleepy mason back home at megan 's , they abandoned her suv and gotten into pesh 's jaguar ."
4020,`` so where exactly are we going ? ''
4021,"megan asked , as she buckled her seat belt ."
4022,`` it 's a surprise . ''
4023,`` seriously ?
4024,you 're still playing coy about it ? ''
4025,`` for just a little while longer . ''
4026,she shifted in her seat where she could look at him better .
4027,`` can i try to guess ? ''
4028,`` i suppose .
4029,"i 'm not sure i 'd tell you even if you guess , '' he teased ."
4030,`` are we going to atlanta ? ''
4031,he cut his gaze from the road over to her .
4032,`` have patience . ''
4033,"crossing her arms over her chest , she huffed , `` i do n't have patience for games . ''"
4034,"`` okay , i 'll give you a little hint ."
4035,"actually , it 's more of a question than it is a hint . ''"
4036,`` yeah ? ''
4037,`` do you have a fear of heights ? ''
4038,she snorted .
4039,"`` no , i do n't ."
4040,why ? ''
4041,he gave her a sly grin .
4042,`` i told you .
4043,it 's a hint . ''
4044,"`` i went skydiving when i turned twenty-one , so i 'm totally fine with heights ."
4045,"of course , i seriously doubt we 're going sky diving in these clothes . ''"
4046,"`` no , we 're not . ''"
4047,she wrinkled her nose .
4048,`` please tell me it 's not box seats at the opera or something like that . ''
4049,his face fell .
4050,`` you do n't like the opera ? ''
4051,`` never been and never want to . ''
4052,pesh appeared almost personally insulted .
4053,`` i 'm going to have to change your mind on that one . ''
4054,`` why am i not surprised you like opera ? ''
4055,`` do n't knock it until you 've tried it . ''
4056,`` a bunch of screeching men and women singing in a language i do n't understand ?
4057,not my idea of a good time . ''
4058,"`` but there is such love and passion in their delivery , '' he argued ."
4059,"`` um , i 'm just going to have to agree to disagree with you . ''"
4060,"`` for now at least , '' he said , with a wink ."
4061,"when the car started slowing down , megan peered out the windshield before turning to pesh ."
4062,`` we 're at mccollum ? ''
4063,`` yes . ''
4064,`` you 're taking me flying ? ''
4065,he smiled .
4066,"`` yes , i am . ''"
4067,"even though she had known he had a plane from how he 'd helped get aidan to noah 's delivery , she could n't believe their date included something as unique as flying ."
4068,`` so let me get this straight .
4069,"i 'm dressed like this , '' she did a little hand motion over her dress , `` to go flying ? ''"
4070,an amused look twinkled in his dark eyes .
4071,"`` you have absolutely no patience , do you ? ''"
4072,"`` no , i do n't . ''"
4073,"as he put the car in park outside the hanger , he turned to her ."
4074,"`` by your lack of being able to withhold gratification , i 'm assuming you 've never partaken in any tantric sex ? ''"
4075,she could n't stop her mouth from dropping to her chest .
4076,`` w-what ? ''
4077,she stammered .
4078,"turning in his seat , he pinned her with a hard stare ."
4079,`` have i managed to shock you again ? ''
4080,"unable to speak , she merely bobbed her head ."
4081,pesh only chuckled at her response .
4082,`` come on .
4083,let 's get going . ''
4084,"still in shock , she remained rooted to her seat ."
4085,"when he came around to open her door , she peered up at him ."
4086,`` tantric sex ?
4087,"like sting , trudie styler , and tantric sex ? ''"
4088,"`` yes , i suppose so , '' he replied , as he offered her his hand ."
4089,"ordinarily , she would n't have taken it , but at the declaration that pesh was actually into something outside the sexual norms , she was too floored to argue with him ."
4090,`` i did n't think you 'd like anything ... kinky . ''
4091,pesh 's dark eyes widened .
4092,`` tantric is n't kinky .
4093,it 's about connecting with your lover on a more intimate level .
4094,it 's about breathing them in and truly being one . ''
4095,`` so it 's not about marathon sex that lasts for days ? ''
4096,he chuckled .
4097,`` you 've gotten the more salacious side confused with what it actually is . ''
4098,megan pursed her lips at him as her mind whirled with the possibilities .
4099,"after all , if tantric sex with pesh was anywhere as good as his efforts in going down on her , she was one very lucky lady ."
4100,`` i guess you 'll just have to educate me . ''
4101,they were interrupted by an air traffic controller with a headset .
4102,"`` hey , dr. nadeen , how goes it ? ''"
4103,`` good .
4104,thank you .
4105,"everything ready to go , lewis ? ''"
4106,"pesh asked , as he pumped the man 's hand ."
4107,`` gassed up and checked out .
4108,we just need your flight plan . ''
4109,"pesh 's gaze went to megan before he said , `` we 'll be flying into savannah/hilton head airport . ''"
4110,`` great .
4111,"thanks , '' lewis replied , before he started back inside the hanger ."
4112,`` you 're taking me to savannah ? ''
4113,she asked .
4114,`` for dinner and dancing .
4115,"i had originally intended on more , but we got a later start . ''"
4116,`` this is crazy .
4117,you 're crazy . ''
4118,he gave her a puzzled look .
4119,`` you do n't like savannah ? ''
4120,"`` no , i love it ."
4121,i just meant taking me four hours away for dinner . ''
4122,`` it 's not that long by plane . ''
4123,"crossing her arms over her chest , she tilted her head at him ."
4124,`` you could n't just take me somewhere fancy in atlanta ?
4125,you have to fly me in your private plane to another city ? ''
4126,he shrugged .
4127,`` why not ? ''
4128,"although it was probably unattractive , she could n't help snorting with contempt ."
4129,"`` i 'm probably going to sound a little like the line from pretty woman when she says she appreciates the seduction scene , but she 's a sure thing . ''"
4130,she patted her chest .
4131,`` i am a sure thing .
4132,you do n't have to go to all this trouble . ''
4133,his dark eyes narrowed .
4134,`` your way of thinking is precisely why i 'm doing what i am . ''
4135,`` what do you mean ? ''
4136,`` you 've only been with men who wanted a sure thing-men who did n't even bother trying to imagine a future with you past when they came at the end of the night . ''
4137,she sucked in a breath at his words .
4138,"with his expression softening , he closed the gap between them ."
4139,"`` while you may only want sex from me , i want far more from you ."
4140,"i want your time , but i also want you to understand that you 're worthy of something special ."
4141,"and if it takes planes and fancy meals to prove it to you , then i 'm going to do it . ''"
4142,"after his argument , megan sat frozen in dumbfounded silence ."
4143,how was it possible that he knew so much about her ?
4144,he was right in the fact that she settled for being the 'sure thing ' for the guys she dated in the past .
4145,"she knew she did n't want to make those mistakes again , so why should n't she let him try to wine and dine her ?"
4146,`` fine .
4147,take me to savannah . ''
4148,he opened the passenger side door .
4149,`` here you go .
4150,make sure you buckle your seat belt . ''
4151,she nodded before she dipped inside the plane .
4152,pesh waited for her to adjust her dress before he closed the door .
4153,"as he walked around the front of the plane , she got busy finding the seat belt and buckling up ."
4154,"once he climbed inside , he handed her a headset ."
4155,`` this will help with the cabin noise . ''
4156,"`` it 's going to mess my hair up , '' she complained ."
4157,he laughed .
4158,`` i never took you as the type of woman who worried about her hair . ''
4159,she grinned as she eased the headset on .
4160,`` now you know .
4161,"i worry about my hair , and you get your freak on in the bedroom . ''"
4162,he rolled his eyes at her and turned in his seat .
4163,"after placing his headset on , he started flipping switches and turning knobs ."
4164,the propeller on the front of the plane started whirling .
4165,`` so what kind of plane is this ? ''
4166,she asked over the noise .
4167,"holding up a finger , he spoke into the mic on the headset ."
4168,"`` ground to tower , this is cessna 172 requesting to taxi for takeoff . ''"
4169,suddenly the sound of the tower came over her headset .
4170,"`` clearance for taxi and takeoff , cessna 172 . ''"
4171,"`` roger that , '' pesh replied ."
4172,the plane lurched forward and then started taxing down the runaway .
4173,"`` hmm , i 'm guessing a cessna 172 ? ''"
4174,pesh smiled .
4175,"`` yes , it is . ''"
4176,`` it 's nice .
4177,i like it . ''
4178,`` i hope you 'll be saying that again in a minute . ''
4179,megan knew what he meant when the plane started gaining speed down the runaway .
4180,"just like when she was on a commercial flight , it was on the ground one minute , and then in the air the next ."
4181,"they soared into the blue sky while zipping through white , fluffy clouds ."
4182,"once they had gained enough altitude , pesh eased off on the rudder and glanced over at her ."
4183,`` you okay over there ? ''
4184,she grinned .
4185,`` are you kidding me ?
4186,this is amazing . ''
4187,`` i 'm glad to hear you like it .
4188,i did n't know if you were going to take after your uncle aidan . ''
4189,`` i hear you gave him drugs to make it . ''
4190,pesh laughed .
4191,"`` yeah , i did ."
4192,he slept most of the way there . ''
4193,"`` total wuss , '' she remarked with a smile ."
4194,"after adjusting one of the controls , pesh said , `` well , i have to admit that my late wife was n't a fan , either ."
4195,"she tolerated flying with me because she knew how much i loved it , but most of the time , she 'd take a pill to relax . ''"
4196,`` so she did n't share your passion ? ''
4197,"`` no , she did n't ."
4198,she always encouraged me to do what i loved .
4199,she never was one to make me choose between her or something else .
4200,she was that sacrificing . ''
4201,`` that was really amazing of her to be that giving . ''
4202,"when pesh remained silent , megan knew it was time for a conversation change ."
4203,"`` now that i know we 're going to savannah , are you going to tell me where we 're going for dinner ? ''"
4204,he smiled .
4205,`` it 'll probably be a late lunch when we get there . ''
4206,"`` so , where will our late lunch be ? ''"
4207,`` do you like the historic district ? ''
4208,`` i love it . ''
4209,`` good .
4210,i 've picked a restaurant there for us . ''
4211,`` do you come to savannah often ? ''
4212,"`` a couple of times a year , mainly for medical conferences on the coast . ''"
4213,`` and you always fly ? ''
4214,"`` i do , '' he replied , with a smile ."
4215,"the flight took less time than she thought , and with clear weather , it was totally smooth ."
4216,"as they started making their descent , pesh glanced over at her ."
4217,`` are you ready for the landing ? ''
4218,`` sure .
4219,why would n't i be ? ''
4220,`` it can be a little intense for some people .
4221,you see a lot more of the ground rushing at you than when you 're in a 747 . ''
4222,she cocked her head at him .
4223,"`` i went skydiving , remember ? ''"
4224,"`` ah , that 's right . ''"
4225,"with a wink , he added , `` you 're my little adrenaline junkie . ''"
4226,megan laughed .
4227,`` i was .
4228,not anymore . ''
4229,`` what changed all that ? ''
4230,`` mason .
4231,"when you 're responsible for the health , safety , and happiness of someone else , your entire perspective changes . ''"
4232,`` he 's a true gift . ''
4233,she jerked her gaze to him .
4234,"`` yes , he is . ''"
4235,pesh gave her a small smile before radioing the tower .
4236,"once he had clearance to land , they started rapidly losing altitude ."
4237,the runway got closer and closer until the plane jolted forward and then began skidding along the pavement .
4238,"when it finally came to a shuddering stop , megan exhaled the breath she 'd been holding ."
4239,`` still okay ? ''
4240,pesh asked .
4241,she grinned .
4242,`` never better . ''
4243,the sound of the tower came in her headset as pesh listened to the instructions .
4244,the plane started rolling toward one of the hangers .
4245,"once he had parked and powered down the plane , he got out to help her ."
4246,"after a quick talk with a member of the grounds crew , pesh took her hand and led her out of the hanger ."
4247,a cab waited to take them into the city .
4248,she laughed as she slid across the seat .
4249,`` what ? ''
4250,pesh asked .
4251,`` i 'm surprised by the cab .
4252,i thought you might really go upscale by having a limo or chauffeur-driven car pick us up . ''
4253,"`` i like to stay humble , '' he replied with a wink ."
4254,she shook her head at him before turning to gaze out the window at the scenery .
4255,"when they began winding through the antebellum homes of the historic district , megan felt her stomach growl ."
4256,"she 'd been too nervous to eat breakfast , and then she had n't dared eat at chuck e. cheese 's ."
4257,the cab stopped outside a chic looking restaurant .
4258,"as pesh paid the driver , megan hopped out and took in the sights around her ."
4259,she loved the old world feel of the city with all its history and charm .
4260,"pesh offered her his arm , and then they walked inside ."
4261,the restaurant 's popularity was evident in how crowded it was even at four in the afternoon .
4262,"they were ushered to a quiet , candlelit table ."
4263,`` wine ? ''
4264,pesh asked .
4265,`` yes please . ''
4266,`` white okay ? ''
4267,`` sure . ''
4268,"after the waiter left with their drink order , megan surveyed the menu and sighed ."
4269,`` everything looks so good . ''
4270,"glancing over his menu at her , pesh said , `` with the cuisine being southern , i imagined you would like it . ''"
4271,`` i love all types of food .
4272,"trust me , as hungry as i am now , i would have eaten anywhere . ''"
4273,"the waiter returned with their wine , and megan knew she needed to make a decision ."
4274,"`` i 'll have the shrimp and grits , please . ''"
4275,"`` very good , ma'am , '' the waiter replied ."
4276,"`` i 'll have the same , '' pesh said , handing the waiter his menu ."
4277,"when megan grinned at him , his brows rose ."
4278,`` what ? ''
4279,`` i 'm just surprised to hear you eating something so southern as shrimp and grits . ''
4280,he tsked at her .
4281,`` when will you learn that you can never pigeonhole me as one thing or the other ? ''
4282,she laughed .
4283,"`` actually , i like that you 're proving me wrong and being unexpected . ''"
4284,`` really ? ''
4285,she nodded .
4286,`` sometimes i feel like people try to do the same thing to me .
4287,people have their own assumptions about girls or women who get knocked up .
4288,i hope i constantly prove them wrong . ''
4289,`` i 'm sure you do . ''
4290,"after taking a sip of his wine , he cocked his head at her ."
4291,`` prove me wrong on this one .
4292,does a southern girl like you eat indian food ? ''
4293,"`` oh yes , i love it . ''"
4294,his dark eyes lit up .
4295,`` what 's your favorite dish ? ''
4296,"`` hmm , i love butter chicken , but i 'm also a fan of pav bahaji . ''"
4297,`` i 'm impressed .
4298,"emma had never eaten any indian food , and i do n't think i made a good impression on her . ''"
4299,"pesh 's chuckle died out , and he immediately grimaced at the mention of emma 's name ."
4300,"knowing that they were dancing around the white elephant in the room , megan reached across the table and patted his hand ."
4301,`` it 's okay that you 're talking about emma . ''
4302,`` speaking of old girlfriends or women you 've dated while you 're with another woman is never a good idea . ''
4303,`` this is different .
4304,emma is my family . ''
4305,she swirled the wine around in her glass .
4306,"`` i 've heard her side of the story , but i do n't think i 've heard yours . ''"
4307,`` you heard a little when you were inebriated the night of noah 's baptism . ''
4308,now it was megan 's turn to grimace .
4309,`` i still would like to know . ''
4310,pesh drew in a ragged breath .
4311,"when the waiter appeared with their salads , it appeared that he might dodge the question entirely ."
4312,"but once they were alone together , he smiled ."
4313,`` emma came along at a time when i was facing extreme pressure from family and friends to move on from my grief and date again .
4314,"there was no escape to it-i faced it at the hospital , as well as when i was at home ."
4315,people seemed to think that once a year went by on the calendar that meant i was through with my mourning .
4316,"then one day , there she was in the er ."
4317,she was scared out of her mind about your grandfather .
4318,somehow i just connected with her through her grief and pain . ''
4319,he dabbed his mouth with his napkin .
4320,`` she reminded me so much of jade that it was easy to try to imagine that what i was feeling for her was romantic .
4321,"i had n't been out in so long that i wanted to woo her , just like i wanted to you . ''"
4322,`` and aidan came between you ? ''
4323,"`` in a way , both he and jade did . ''"
4324,`` what do you mean ? ''
4325,pesh laughed .
4326,"`` let 's just say , during a very heated moment together , she was with aidan , and i was with jade . ''"
4327,megan was surprised by his candor .
4328,`` i see . ''
4329,there was one item in the pesh and emma equation she had always wondered about .
4330,`` you did n't mind that she was pregnant ? ''
4331,"shaking his head , pesh replied , `` it just made her even more beautiful to me ."
4332,i 'd been through so much death that i guess i was drawn to her because she had life growing within her . ''
4333,"`` that 's really beautiful , '' megan murmured ."
4334,he gave her a mirthless laugh .
4335,`` one of my worst character faults is having a hero complex .
4336,i guess it 's one of the reasons i became a doctor .
4337,"i saw emma , and i wanted to save her ."
4338,"when she had to go on bed rest , i wanted to be her knight in shining armor . ''"
4339,`` being a hero is not exactly a bad character trait . ''
4340,"`` it is when you ca n't save someone , and you have to constantly live with the guilt . ''"
4341,megan 's heart ached at the pain on his face .
4342,"sensing she needed to lighten the mood , she teased , `` i 'm glad to hear you actually have a bad character trait ."
4343,"i mean , you seemed a little too perfect to me . ''"
4344,a shadow of a smile played on his lips .
4345,`` did i mention i 'm a terrible slob ? ''
4346,`` you ?
4347,"never , '' she replied ."
4348,`` oh yes .
4349,"if i did n't have a housekeeper , i 'm pretty sure i might end up on world 's nastiest houses . ''"
4350,megan laughed .
4351,`` i find that hard to believe . ''
4352,`` it 's the truth .
4353,i also have no athletic ability whatsoever . ''
4354,"after chewing thoughtfully on her bite of salad , megan said , `` but you 're built like a football player . ''"
4355,`` i 'm built because i go to the gym to work off stress .
4356,"but if you put me on the field , i 'd be a serious disappointment . ''"
4357,she shook her head .
4358,`` that does n't turn me off at all .
4359,i 've had my fill of jocks . ''
4360,`` oh ? ''
4361,he questioned .
4362,"although he was trying to be nonchalant about it , she knew he wanted to hear the full story ."
4363,"`` dating jocks for me is poison , and when i did date one , i made sure to date the ones at the top of their game ."
4364,my first athlete 's influence caused me to ruin my chances at medical school . ''
4365,`` that 's horrible . ''
4366,"`` yes , it is ."
4367,but what 's worse is i did n't learn anything from my mistakes because i fell for another one . ''
4368,"with a rueful smile , she added , `` at least i got mason out of that one . ''"
4369,pesh laced his fingers together .
4370,`` mason 's father is a professional athlete ? ''
4371,"`` yes , he plays football for the falcons . ''"
4372,`` you know i 'm friends with the team 's sports medicine doctor .
4373,i could probably arrange something for him .
4374,maybe a little icy hot in his cup ? ''
4375,"at the mischievous twinkle in pesh 's eyes , megan burst out laughing ."
4376,"`` i can not believe , you of all people , suggested such a thing . ''"
4377,"with a shrug , pesh replied , `` it 's a harmless prank . ''"
4378,`` i realize that .
4379,it 's just i ca n't imagine someone like you would even think of doing something like that . ''
4380,"when he started to open his mouth to argue , she held up her hand ."
4381,"`` i know , i know ."
4382,do n't pigeon hole you . ''
4383,`` exactly . ''
4384,"their main course arrived , and megan could n't help digging into the wonderful aromatic food ."
4385,"as they ate , the conversation came easily ."
4386,that was one of the things she liked most about pesh-he was so easy to talk to .
4387,"because he was older , refined , and a doctor , she could have felt intimidated by him ."
4388,but he never made her feel that way .
4389,"he always seemed fascinated by every single thing she had to say , which was quite a change from most of the guys she dated ."
4390,they were usually half listening to her while glancing over her shoulder at the tv to get the latest score .
4391,"after they finished , the waiter took their plates ."
4392,`` dessert ? ''
4393,"megan asked , as she downed the last of her wine ."
4394,pesh nodded his head toward the small dance floor .
4395,`` how about a dance instead ? ''
4396,she wrinkled her nose .
4397,`` i 'm really not much of a dancer . ''
4398,he arched his brows at her as if he knew she was lying .
4399,"`` okay , fine , i used to dance all the time back in high school and college . ''"
4400,`` then dance with me . ''
4401,`` i 'm not good at slow dancing .
4402,you 'll probably regret asking me the moment we get out there . ''
4403,pesh stuffed a wad of bills into the bill envelope .
4404,"`` as shakespeare would say , the lady do protesth too much ."
4405,and i think i know the reason . ''
4406,"`` oh , you do ? ''"
4407,he nodded .
4408,"`` slow dancing is intimate , and you do n't want to want to let yourself be intimate with me . ''"
4409,`` you went down on me in a supply closet .
4410,"i think that 's pretty intimate , '' she challenged ."
4411,`` that was not intimacy .
4412,sexual acts are of the mind where our pleasure center is .
4413,intimacy is of the heart . ''
4414,he held her gaze .
4415,`` we both know you 'll let me into your body but not your heart . ''
4416,"knowing he was right , she crossed her arms over her chest and scowled at him ."
4417,she did n't know why she just could n't get up and go dance like he had asked .
4418,she 'd slow danced a thousand times at parties .
4419,what was the difference here ?
4420,"somewhere deep down , she knew the answer to that question ."
4421,"`` if you do n't want to dance , then let 's go and see the city . ''"
4422,"not wanting to let him get the best of her , she rose out of her chair ."
4423,`` fine .
4424,i 'll dance with you . ''
4425,he chuckled .
4426,`` do n't sound so thrilled . ''
4427,"after he stood up , he took her hand and led her over to the dance floor ."
4428,"she started to wrap her arms around his neck like she was accustomed to , but he put one of her hands on his shoulder and then he took the other hand in his ."
4429,his other hand slid around to rest at her lower back .
4430,the band finished the jazzier beats of a song and then switched over to another .
4431,a lone piano pounded out the opening chords .
4432,"the lead singer 's sultry voice filled the air , `` like a flower waiting to bloom . ''"
4433,megan immediately recognized the song as norah jones ' turn me on .
4434,"the electricity between them shifted , and as megan stared up into pesh 's eyes , she saw desire and lust flaring in them ."
4435,"her gaze dropped down to his full lips , and she could n't help wanting him to kiss her ."
4436,"as if he read her mind , pesh 's mouth closed over hers ."
4437,"darting her tongue out , she sought to find his warmth ."
4438,"when she did , he tasted like a mixture of the wine and spices they 'd eaten ."
4439,"his tongue pulled back to trace her lips as his h*ps jerked , pushing him against her ."
4440,she followed his lead by pressing herself flush against him to where her br**sts were rubbing against his chest .
4441,she shivered when he groaned into her mouth .
4442,"his thumb slid back and forth between her shoulder blades , and she could n't help arching into his touch ."
4443,"as he pulled away from their kiss , he kept his eyes locked on hers ."
4444,she 'd never had a man stare at her so much .
4445,it was like he was trying to see through her to her very soul .
4446,it both overwhelmed and inflamed her at the same time .
4447,"it was all part of his slow seduction plan , and it was working ."
4448,`` please take me somewhere-somewhere we can be alone . ''
4449,his expression became pained .
4450,`` megan- '' she brought her hand from his shoulder to cover his lips .
4451,`` do n't make me beg to be with you anymore . ''
4452,"shaking his head , he replied , `` i ca n't deny you anymore , not after having a taste of you . ''"
4453,megan shuddered at the intensity of both his words and the way he delivered them .
4454,"taking her by the hand , he led her off the dance floor ."
4455,they snaked around the tables in the dining area until they reached the exit .
4456,"weaving through the people , they went into the hotel that adjoined the restaurant ."
4457,it was actually more of a historic bed and breakfast than a hotel .
4458,"as they neared the reception area , pesh dropped her hand to reach into his coat pocket ."
4459,"once he retrieved his wallet , he stepped up to the desk ."
4460,`` i need a room please . ''
4461,"`` credit card and identification please , '' the inn keeper droned ."
4462,"as she sized him up , megan could n't help thinking he looked rather pompous-the usual type of person who worked in a high-end place ."
4463,"`` would you prefer queen or- '' `` a king please , '' pesh requested through clenched teeth ."
4464,`` do you need help with your luggage ? ''
4465,"`` no , we do n't have any . ''"
4466,the man typed something into the computer .
4467,`` and how long will you be staying with us ? ''
4468,"`` as long as we need , '' pesh replied , drumming his fingers on the marble counter ."
4469,megan watched as the man 's eyes widened and a flush entered his face .
4470,he quickly finished the reservation and handed pesh a key card .
4471,`` we have you in one of our balcony king suites . ''
4472,`` thank you . ''
4473,"taking her by the hand , pesh led her over to the elevators ."
4474,"when megan dared to glance over her shoulder , she saw the man peering curiously at them ."
4475,"as they stepped onto the car , megan could n't help the nervous giggle that escaped her lips ."
4476,"when pesh looked at her in surprise , she laughed even harder ."
4477,`` what is it ? ''
4478,"`` by the way that conversation went down , he probably thinks i 'm a prostitute . ''"
4479,pesh 's eyes widened .
4480,`` you do n't seriously think that ? ''
4481,"`` okay , maybe a high-end escort ? ''"
4482,a growl came from low in his throat .
4483,`` do not demean yourself like that . ''
4484,`` i 'm not demeaning myself .
4485,think about it .
4486,"we come in during the middle of the day with no luggage , and we want a hotel room with a king sized bed . ''"
4487,she tapped her chin with her finger .
4488,"`` hmm , what could we possibly be doing ? ''"
4489,the corners of his lips turned up in a smile .
4490,"`` i probably should care what the man thinks , but right now , i frankly do n't give a shit . ''"
4491,she laughed .
4492,`` me either . ''
4493,"the elevator dinged , signaling they had reached their floor ."
4494,they stepped out and read the signs to find their room .
4495,"once pesh opened the door , megan walked inside ."
4496,"she took in the cozy decor of the room with its brick fireplace , antiques , and four-poster bed ."
4497,"going to a hotel could have been sleazy , but this room had such a romantic feel to it ."
4498,"when he came up behind her and slid his arms around her waist , she could n't help suddenly feeling shy ."
4499,`` are you all right ? ''
4500,he asked .
4501,`` i 'm fine . ''
4502,his breath warmed against her ear .
4503,`` you tensed when i touched you . ''
4504,`` i 'm sorry .
4505,i did n't mean to .
4506,i guess i 'm just nervous . ''
4507,pesh turned her around to face him .
4508,`` you do n't have anything to feel nervous about .
4509,"if you do n't want to do this anymore , we do n't have to . ''"
4510,"`` no , i want to do it , '' she assured him ."
4511,"without another word , his fingers went to her hair ."
4512,"after he undid the clasp , her hair tumbled down over her shoulders ."
4513,an appreciative shudder rippled through her when he nuzzled his face into the strands at her neck .
4514,from there he sought out the zipper at the middle of her back .
4515,"slowly , he slid it down ."
4516,"when the back of the dress gaped open , he took the spaghetti straps and eased them over her shoulders and down her arms ."
4517,megan felt his breath warming her back as the dress pooled onto the floor .
4518,"she stepped out of it , and then turned to face him ."
4519,the heat of his gaze stoked the fire burning deep inside her .
4520,"his expression was fierce as he drank in her strapless black bra and panties , along with her heels ."
4521,`` you are so beautiful . ''
4522,"for some reason , she felt the urge to blush at his words ."
4523,"guys had told her she was beautiful before , but it did n't feel the same or sound the same coming from them as it did pesh ."
4524,"the way he said she was beautiful , coupled with the way he looked at her , made her tingle in all the right places ."
4525,her hands came to his tie .
4526,"after she loosened it , she ripped it off him and slung it to the floor ."
4527,"deftly , her fingers worked the buttons on his shirt ."
4528,"when she opened it , she sucked in a breath at the sight of the dusting of dark hair covering his chest ."
4529,it trailed down over his washboard abs and down into his pants .
4530,"`` you 're pretty beautiful yourself , '' she said with a smile ."
4531,"as he shrugged off his shirt , her fingers went to his belt ."
4532,"the entire time she unbuttoned and unzipped him , his burning gaze took in everything she did ."
4533,`` why do you keep staring at me ? ''
4534,she questioned quietly .
4535,"`` i 'm afraid if i look away , you wo n't be real . ''"
4536,his hand cupped her cheek .
4537,`` i 've wanted this for so long-i 've wanted you for so long .
4538,it 's hard to believe that you 're really here . ''
4539,"`` touch me , '' she urged ."
4540,she took his other hand and brought it to her breast .
4541,`` touch me and feel how real i am . ''
4542,"lowering his head , his mouth hovered over hers ."
4543,"`` breathe me in , '' he instructed , as he kneaded her breast over her bra ."
4544,"at the feel of his breath against her lips , she inhaled while his heated gaze almost singed her cheeks ."
4545,"even if she had wanted to , she could n't bring herself to look away from his eyes ."
4546,"when she exhaled , he inhaled , and it was like they were doing a dance ."
4547,it was both relaxing and somewhat erotic .
4548,she 'd never spent time just breathing and gazing into someone 's eyes .
4549,"`` now you 've had your first lesson in tantra , '' he murmured against her lips ."
4550,she jerked her head back to stare at him in surprise .
4551,`` are you going to do more ? ''
4552,`` maybe . ''
4553,he reached around to undo her bra .
4554,`` do you want me to ? ''
4555,`` i think so . ''
4556,`` then i will .
4557,i want to do whatever is pleasing for you . ''
4558,she wrapped her arms around his neck and kissed him .
4559,he eased her over to the four-poster bed .
4560,"after removing his pants and boxers , he slid her panties down her legs ."
4561,"as megan sat on the edge of the massive king sized bed , she widened her legs to allow him to step between them ."
4562,"when he brought his hand to stroke between her thighs , she moaned and let her head fall back ."
4563,"two fingers entered her and began a slow , teasing assault ."
4564,"she began to rock her h*ps against his hand , adding the friction she desired ."
4565,"when she felt his erection rubbing against her leg , she reached between them to take him in her hand ."
4566,"her eyelids fluttered open , and she stared into his face as they worked each other into a sweaty , panting frenzy ."
4567,"when pesh curled his fingers inside her , she bit down on her lip to keep from screaming out in pleasure ."
4568,"her orgasm rocketed through her lower half , causing her head to fall forward onto his chest ."
4569,"when she came back to herself , pesh was sliding her body up the mattress ."
4570,"then he was hovering over her , kissing her br**sts and licking her ni**les into hardened peaks ."
4571,"`` now , pesh , '' she urged ."
4572,`` i want you deep inside of me . ''
4573,"just as his head nudged against her opening , he stopped ."
4574,"`` oh no , '' he murmured before rocking back to sit on his knees ."
4575,megan propped herself up on her elbows and gazed up at him .
4576,`` what 's wrong ? ''
4577,"she hoped that after giving in , he had n't decided to back out at the last minute ."
4578,he rubbed the stubble on his cheeks .
4579,"`` i , uh ... we ca n't do this without a condom , and i do n't have one with me . ''"
4580,"`` oh , '' she murmured ."
4581,"in the heat of the moment , she had totally forgotten about that ."
4582,`` you do n't happen to have one ? ''
4583,he asked hopefully .
4584,she shook her head .
4585,`` sorry . ''
4586,`` it 's me who ought to be sorry for putting you in a position like this without protection . ''
4587,"when he started to pull away , she sat up to grab his shoulders , urging him to stop ."
4588,`` we can still do this .
4589,neither one of us has been with anybody in at least two years-we 've had tests for the hospital . ''
4590,`` that 's all well and good but what about pregnancy ?
4591,are you on the pill ? ''
4592,`` no . ''
4593,she chewed on her bottom lip momentarily .
4594,"`` wait a minute , '' she murmured ."
4595,"in her mind , she began counting down the days since her last period ."
4596,`` twenty . ''
4597,`` twenty what ? ''
4598,"`` i 'm on day twenty , so we should be safe . ''"
4599,`` i 'll still pull out . ''
4600,"`` if you say so , '' she replied ."
4601,"gripping his biceps , she urged him to cover her again with his body ."
4602,she loved the feel of his chest hairs rubbing against her ni**les .
4603,"pesh widened her legs , and then he eased inside her , filling and stretching her walls ."
4604,it had been so long that she could n't help feeling a bit of a sting .
4605,`` are you all right ? ''
4606,`` i 'm fine . ''
4607,"he withdrew and flexed his hips , thrusting back inside her ."
4608,this time they both moaned .
4609,"setting up a rhythm , he began rocking in and out of her ."
4610,"the pace was slow and sensual , and while he was hitting all the right spots , she wanted more ."
4611,"the entire time he moved in and out of her , he kept his eyes locked firmly on hers ."
4612,his gaze was so dark with desire that she did n't dare look away .
4613,"the longer she stared into his eyes , the more connected with him she felt ."
4614,"the old saying was that the eyes were windows to the soul , and she was getting a pretty good glimpse into his ."
4615,and that scared the hell out of her .
4616,"wanting to make things less sensual , she gripped his biceps ."
4617,"`` harder , '' she panted ."
4618,"rising on his knees , he slid his forearms under the backs of her knees ."
4619,this enabled him to pull her back against his pounding thrusts .
4620,"while their connection at first had been so intimate , this was more about lust and desire ."
4621,"she reached up and clasped his face in her hands , bringing his head down to hers ."
4622,their mouths and tongues met in frenzied kisses .
4623,"when he pulled out of her , megan whimpered at the loss of feeling ."
4624,he quickly flipped her over onto her stomach .
4625,"pulling on her hips , he raised her up onto her knees ."
4626,"when he reentered her , megan moaned ."
4627,"with each thrust , he went deeper and deeper ."
4628,"her fingers fisted the sheets as he leaned over her back , kissing a trail down her spine ."
4629,she did n't know how he was able to be so many places at once .
4630,"while his mouth licked her back and teasingly left love bites , his hands were rubbing her thighs and then sliding under her to squeeze her br**sts or tease her clit ."
4631,he was giving her so much that she could n't stay silent .
4632,"she moaned , chanted his name , and cried out as the sounds of their wet skin slapped together ."
4633,"finally , she could n't take it anymore ."
4634,"dropping her head , she screamed into the mattress as she found her release ."
4635,"once her walls finished clenching , she felt pesh withdraw from her ."
4636,"as he groaned , megan felt warmth spurt onto her back and bu**ocks ."
4637,"after seeing him come before , she hated she could n't see his face ."
4638,he was so beautiful when he was finding release .
4639,"once he finished , she eased down onto her stomach and curled a pillow under her head ."
4640,"after a few seconds , pesh lay down beside her ."
4641,she turned her head and met his gaze .
4642,"exhausted and completely sexually satisfied for the first time in her life , all she could muster to say was , `` wow . ''"
4643,a slow grin spread across his cheeks .
4644,`` you seem to say that a lot around me after orgasms . ''
4645,she laughed .
4646,`` it 's because you render me absolutely speechless with your talents . ''
4647,`` thank you .
4648,i could say the same about you . ''
4649,his gaze left her face and trailed down her na**d back .
4650,`` we need to get you cleaned up . ''
4651,"rolling her shoulder blades , she said , `` i kinda like it ."
4652,makes me feel marked or something . ''
4653,he smiled shyly at her .
4654,`` i like the idea of marking you-making you mine . ''
4655,he wanted her to be his .
4656,she did n't know quite what to think about that statement .
4657,did she want to be his ?
4658,she certainly could n't imagine belonging to anyone else .
4659,"besides the amazing physical chemistry they shared , she was starting to feel such a deep connection to him ."
4660,"staring over at him , she could n't help wondering what was going on in his mind ."
4661,"`` we 've really done it now , have n't we ? ''"
4662,"`` yes , i do believe that was the universal `` it '' that we just did , '' he teased ."
4663,she smacked his arm playfully .
4664,`` that 's not what i meant . ''
4665,"`` i know , '' he murmured ."
4666,"`` no matter what , this changes everything . ''"
4667,"`` for the better , i hope . ''"
4668,`` i suppose . ''
4669,the truth was she 'd never really had casual sex before .
4670,there was one time her freshman year that she hooked up with a guy at work .
4671,it was the first and only time she 'd ever done anything so crazy .
4672,"in that instance , the sex had been over before she 'd known it and without her coming even once ."
4673,"after that fiasco , she had never wanted a repeat performance with him or any other random guy , until she 'd found herself in a sex slump after mason 's birth ."
4674,"but with pesh , the sex had been ... she shivered as the remaining echoes washed over her ."
4675,"before sleeping with pesh , she could count the number of past sexual partners on one hand , as well as the times she had had even remotely good sex ."
4676,"for megan , her experience with pesh was seriously earth shattering and life altering ."
4677,she could n't imagine just walking away now .
4678,pesh sat up and edged to the side of the bed .
4679,he held out his hand to her .
4680,`` come on .
4681,let 's shower . ''
4682,`` if you insist . ''
4683,she slid over to him before throwing a leg over the side of the mattress .
4684,"although she should have felt a little bashful being na**d in front of him , she felt surprisingly comfortable ."
4685,"when she got into the bathroom , she raised her brows in surprise ."
4686,`` a clawfoot tub ? ''
4687,she questioned .
4688,pesh laughed .
4689,`` all the old charm but modern conveniences . ''
4690,he pointed to the detachable shower head .
4691,`` nice . ''
4692,he turned on the water and waited for it to heat up .
4693,"once he decided it was warm enough , he took her by the hand and helped her inside ."
4694,"she turned her back to the spray , letting the water clean her up ."
4695,"pesh did n't seem to think that was enough because after he soaped up his hands , he began to wash off her back and ass ."
4696,"as his magic hands massaged in slow strokes , she could n't resist asking the question that was plaguing her ."
4697,`` did i feel different ? ''
4698,his hands stilled on her lower back .
4699,`` what do you mean ? ''
4700,"glancing at him over her shoulder , she replied , `` that was the first time i 've had sex since i gave birth to mason ."
4701,i just wondered if i felt different .
4702,"you know , inside . ''"
4703,his face came to nuzzle her neck .
4704,`` you felt amazing . ''
4705,`` not any different ? ''
4706,`` did you hear me complaining ? ''
4707,"`` no , but i just worried . ''"
4708,"`` you have nothing to worry about , my love . ''"
4709,his hand skimmed over her ribcage to cup her breast .
4710,"as her nipple hardened beneath his fingers , she sucked in a pleased breath ."
4711,`` i want nothing more than to be back inside you as soon as i can . ''
4712,`` then why do n't you ? ''
4713,she challenged .
4714,`` fine then .
4715,"put your hands on the tile , '' he ordered ."
4716,"`` yes , sir , '' she teased before placing her palms on the cool , wet tile ."
4717,"pesh slid the gleaming silver shower head between her legs , causing her to gasp at the contact ."
4718,"then he flicked his wrist to the side , sending the jets of water pounding into her clit ."
4719,she moaned and threw her head back against his drenched chest .
4720,slowly he started moving the shower head to where it would rub against her .
4721,"each time she moved back , the water hit her in just the right spot ."
4722,she arched her h*ps as the pressure began to build .
4723,pesh slid his free hand up over her ribcage to cup her breast .
4724,"he kneaded the flesh , pinching the ni**les that were already hardened ."
4725,she pinched her eyes shut from the sensory overload .
4726,"just as she would feel herself about to come , he would shift his wrist so the vibrations hit her in another area , building her again ."
4727,"`` please , pesh , '' she moaned ."
4728,"`` what , baby ? ''"
4729,`` please make me come . ''
4730,"`` have you had enough pleasure yet , or should we continue on ? ''"
4731,"he asked , moving the shower head away from her ."
4732,she groaned at the loss .
4733,"rubbing her ass against his hardened erection , she begged , `` you let me come , and then i 'll make sure you do as well . ''"
4734,"with his knee , he nudged her legs even further apart ."
4735,"when he once again brought the shower head between her legs , it reached even more sensitive areas ."
4736,it took only a few seconds of the water coupled with his rubbing and her grinding to cause her to scream with the pulsing convulsions .
4737,she smacked her hands against the walls as wave after wave pulsed through her .
4738,"when she finally stopped shuddering , she slowly slid around to smile up at pesh ."
4739,`` wow ? ''
4740,"he said , with a smile ."
4741,she teasingly pinched his arm .
4742,`` i was going to say exquisitely amazing . ''
4743,`` i 'm sure you were . ''
4744,"reaching between them , she took his erection in her hands ."
4745,"`` good thing i 'm about to get on my knees because i do n't think i could stand after all that , '' she said , with a teasing wink ."
4746,"bending her head , she began trailing kisses down his wet chest ."
4747,"as she stroked him , she took time to kiss and then suck on his ni**les ."
4748,his groan told her she was finding some of his most sensitive places .
4749,"after teasing his ni**les to erect points , she continued on down his delicious washboard abs and through the dark hair that crowned his erection ."
4750,"sinking down onto the floor of the tub , she stroked him hard from base to tip ."
4751,"when his chest began to heave , she leaned over to slide him into her mouth ."
4752,"`` megan , '' he groaned , his fingers coming to tangle in the wet strands of her hair ."
4753,she took him as far back as she could before sliding him out .
4754,her tongue flicked over the sensitive head before she suctioned it .
4755,"when she released him again , she began long licks up his length ."
4756,then she once again slid him in her mouth and began bobbing her head up and down his length .
4757,his groans began to echo throughout the bathroom .
4758,"`` oh , megan , '' pesh murmured ."
4759,his grip on her hair tightened as he flexed his h*ps to go even deeper into her mouth .
4760,"when he started tightening up , he tried to pull away , but she gripped his thighs and held him in place ."
4761,he cried out and then came in a rush into her mouth .
4762,she swallowed all of him before she glanced up to see him staring down at her with such adoration in his face .
4763,`` thank you . ''
4764,"as he fell free from her mouth , she smiled ."
4765,`` you 're welcome . ''
4766,he helped her up off the tub floor .
4767,`` we better hurry up before we use all the hot water in these old pipes . ''
4768,`` i think you would probably do a good job keeping me warm . ''
4769,he smiled .
4770,`` i feel the same way about you . ''
4771,"although they were tempted for another round , megan knew pesh did n't want to chance it without any condoms ."
4772,"instead , she tore herself away from him when they finished their shower ."
4773,she blew her hair dry while he got dressed .
4774,"once she finished , he helped her slide back into her dress ."
4775,then they left their suite without even turning down the bed .
4776,"when they got downstairs , megan inwardly groaned that the same man was at the reception desk ."
4777,she knew from his expression that he recognized them as well .
4778,"as pesh handed him the key card , megan decided to make the most of the situation ."
4779,she rubbed pesh 's arm .
4780,"`` thanks again , mr. nadeen ."
4781,make sure to call me again next time you 're in savannah .
4782,"i love big spenders like you , '' she purred ."
4783,"while the man 's eyes bulged , pesh stared at megan like she had grown another head ."
4784,"his mouth opened and closed like a fish out of water , but no words of admonishment came out ."
4785,"when he finally , recovered , he tersely replied , `` i 'll try to remember that , miss mckenzie . ''"
4786,"truly playing her part , megan turned on her heels and started walking across the lobby ."
4787,she did n't get far before pesh was at her side .
4788,"after shoving the hotel bill into his suit pocket , he slid his arm around her waist , drawing her close against him ."
4789,"`` you are in so much trouble , '' he growled into her ear ."
4790,she giggled as they walked out of the hotel .
4791,"`` mmm , are you going to punish me by taking me over your knee and spanking me ? ''"
4792,"`` i just might , '' he replied ."
4793,"tilting her head , she eyed him in the street lights ."
4794,`` you ca n't seriously expect me to believe that you of all people are into bdsm ? ''
4795,"`` no , i 'm not . ''"
4796,she snorted .
4797,"`` once again , that does n't surprise me . ''"
4798,"when he stopped walking right in the middle of the crowded street , she stared up at him in surprise ."
4799,"`` a good spanking , some handcuffs , and a blindfold all have possibilities ."
4800,as far as all that other stuff ? ''
4801,his thumb came up to trail slowly across her bottom lip .
4802,"`` if one truly knows how to f**k , you do n't need any accessories and embellishments . ''"
4803,she licked her lips as a little shiver went down her spine .
4804,`` and you certainly know what you 're doing .
4805,you just got me wet right here in the middle of the street . ''
4806,his jaw clenched as he took her by the arm .
4807,`` do n't say anything else like that .
4808,i need to get you home . ''
4809,`` to your bed ? ''
4810,she asked .
4811,`` i wish .
4812,but you need to go home to your family . ''
4813,megan did n't argue with him because she knew he was right .
4814,she had a son to think about .
4815,"regardless of how tempting it was , she just could n't go on some pleasure binge when she was a mother ."
4816,but there was a part of megan that did n't want the bubble to burst by leaving pesh and going home to her regular life .
4817,she wanted nothing more than go back to his place .
4818,sex with pesh had been phenomenal .
4819,"and despite being a little sore from underuse , she certainly felt ready for more ."
4820,"sex , that was ."
4821,"pesh grabbed them a taxi , and they made the drive back to the airport ."
4822,"even though they did n't speak , megan did n't feel awkward around him after what they had done ."
4823,he sat as close to her as he could with her hand clasped in his .
4824,"once they got back to the plane , she felt exhaustion begin to set in ."
4825,"leaning back against the headrest , she closed her eyes as pesh went about getting them ready to take off ."
4826,she only opened her eyes again when she felt them start racing down the runway .
4827,"when they got into the air , she could n't help sitting on the edge of her seat and peering out the windows at the city lights ."
4828,`` it 's so beautiful in the dark . ''
4829,`` sometimes i think i favor flying at night . ''
4830,`` you do ? ''
4831,he nodded .
4832,"`` for some reason , it seems much more tranquil ."
4833,there 's a vulnerability to it as well .
4834,"in the day , everything is within your sight distance ."
4835,"but in the dark , you have to rely on your instruments and instincts . ''"
4836,`` i 'd love to learn how to fly . ''
4837,`` you would ? ''
4838,she nodded .
4839,`` i 've always thought it would be something amazing to learn . ''
4840,`` then i 'll teach you . ''
4841,she turned to him in surprise .
4842,`` really ? ''
4843,`` sure .
4844,why not ? ''
4845,"with a shrug , she replied , `` you 're a busy man , and i do n't know how fast a learner i would be . ''"
4846,he smiled .
4847,`` for you i would make time . ''
4848,"as she stared at him across the small interior of the plane , she knew she was ready to make more time for him as well ."
4849,"where it would lead them , she could n't wait to see ."
4850,"chapter fifteen as the cornflower-blue horizon spread out for miles and miles before her , megan could n't help fighting the urge to pinch herself ."
4851,she was actually up in pesh 's plane during her first flight lesson .
4852,"from the moment they had taken off , she had been overwhelmed by such a surreal feeling ."
4853,it must 've been something about being in control of the plane as it rocketed down the runway and then took off into the sky .
4854,"of course , she really was n't in total control of the plane ."
4855,pesh was able to take over at any moment from his spot in the co-pilot 's seat .
4856,"that made her feel a little better considering she had so little flying experience , and the manual she had read at least twice did n't prepare you for everything ."
4857,"now as they coasted along the city skyline , she kept both hands firmly gripping the steering wheel , or yoke as it was called in small plane terminology , as they passed through wispy strands of white clouds ."
4858,"when pesh had first offered to give her flying lessons , megan did n't know if she should believe him or not ."
4859,"looking back , she was n't sure why she ever doubted him considering he was always a man of his word ."
4860,"and now , just two weeks after their first date in savannah , they were back up in the air flying around atlanta on a thursday afternoon ."
4861,it had been quite a week together of having dinner after work or them picking up something on the way to her house .
4862,"although , the first day back at work proved both difficult and awkward as they tried to appear as though nothing had changed ."
4863,"but the fact was everything had changed , and it was n't just because they had become physical ."
4864,"as much as megan tried to fight her growing feelings for pesh , it was virtually impossible ."
4865,"a man like him made it too hard for any woman not to fall in love with him , and as much as she did n't want to acknowledge it , she could see herself falling for him ."
4866,"of course , he was also full of surprises ."
4867,like on monday when he had asked her to see if there was an extra heart monitor in one of the empty patient rooms on the first floor .
4868,she had obediently gone to check .
4869,"while she found the heart monitor , she also found him ."
4870,the gentleman she had once known became somewhat of a sex fiend when he locked the door and disappeared with her behind the curtain .
4871,"a mid-day sex session in an empty hospital bed made for quite an experience , especially when the brake on the bed released , and they literally banged into the walls ."
4872,"but besides the naughty sexcapade , he 'd wanted to spend down time with her and mason ."
4873,"earlier in the week , pesh brought mason to see his plane ."
4874,megan had to smile at the image in her mind of mason on pesh 's lap in the pilot 's seat as he explained the ins and outs of the buttons and knobs .
4875,pesh had shown such patience with mason by constantly fielding his questions and letting him wear one of the headsets .
4876,he 'd even gotten the atc to send a message over the headset so mason could hear .
4877,"while it was supposed to be a pre-flying lesson for her , it turned educational for mason as well ."
4878,"and to make it a day that neither mason , nor pesh would forget , they 'd gone by mcdonald 's afterwards so mason could play on the playground ."
4879,the fact that pesh was so willing to do anything to make mason happy was slowly starting to crack megan 's tough resolve against dating him .
4880,it was n't just the fact that pesh was so wonderful with mason that had her reeling .
4881,"when they talked , she shared more with him than she ever had with a man ."
4882,he made it easy to open up to and speak of both the good and the bad in her life .
4883,he was such a good listener that she never felt like she was just rattling on and boring him .
4884,he truly seemed interested in everything she said .
4885,it was an amazing feeling .
4886,`` still doing okay over there ? ''
4887,"pesh asked , bringing her out of her thoughts ."
4888,she grinned .
4889,`` fine . ''
4890,"`` i wish you could see your face , '' he mused ."
4891,`` do i have some dopey expression ? ''
4892,she asked .
4893,`` it is n't dopey .
4894,it 's wide-eyed wonderment like a kid on christmas morning . ''
4895,"`` oh , i would totally believe it since this certainly feels like a very big and very dangerous toy . ''"
4896,`` it 's a wonderful sight to see .
4897,i 'm so glad i get to share this with you . ''
4898,he took one of her hands from the yoke and brought it to his mouth .
4899,"as his lips kissed over her knuckles , she tensed ."
4900,`` i need my hand back .
4901,"i do n't feel like i have a good grip on the steering wheel like you said i should , '' she protested ."
4902,pesh sighed and released her hand .
4903,"`` how i regret telling you that tip now , '' he lamented ."
4904,she smiled .
4905,`` that 's not fair to try and distract me .
4906,"i need to focus , so we do n't crash . ''"
4907,`` all right .
4908,i 'll keep my hands to myself ... for now . ''
4909,a shudder went through her at his words .
4910,"at that moment if there was any way possible to actually fly the plane and bang him , she would have tried ."
4911,"shaking her head , she tried ridding herself of her inappropriate thoughts ."
4912,`` what 's that ? ''
4913,"she asked , pointing at a dark blip far down on the horizon ."
4914,"pesh leaned forward in his seat , peering out the windshield ."
4915,`` looks like a storm cloud moving in . ''
4916,`` we should head back then . ''
4917,he chuckled .
4918,`` i do n't think it 's going to affect us . ''
4919,"`` yeah , well , i do n't like the thought of trying to fly in a storm . ''"
4920,`` then we 'll head back . ''
4921,`` which way should i turn the plane ? ''
4922,"`` let 's take a right , '' pesh replied ."
4923,megan bobbed her head and then turned the yoke at the same time she pressed on the right rudder pedal with her foot .
4924,`` good .
4925,keep it coming .
4926,we 're almost turned around . ''
4927,"once they were facing the opposite direction , pesh said , `` now let 's bring up the speed . ''"
4928,she did as she was told and waited for him to give her any further instructions .
4929,`` we 're good to go now .
4930,"when we 're about ten minutes out from mccollum , you need to let the atc know we 're coming in . ''"
4931,`` okay .
4932,i can do that . ''
4933,`` do you have plans for this evening ? ''
4934,`` not that i know of . ''
4935,`` would you like to have dinner with me ? ''
4936,she nibbled on her bottom lip to keep from laughing at his formalness .
4937,`` i suppose so .
4938,do i get dessert afterwards ? ''
4939,his body tensed beside her .
4940,"`` are you implying that i 'm dessert , or that after we finish dinner i should get you dessert ? ''"
4941,megan laughed .
4942,"`` no , i want you for dessert . ''"
4943,`` then you can have me .
4944,always . ''
4945,"glancing over at him , she said , `` i might have to ask for a to-go box since i 'm assuming we 'll have mason with us . ''"
4946,`` i do n't mind .
4947,i enjoy spending time with him . ''
4948,megan could n't keep the smile off her face at pesh 's words .
4949,"`` he really likes being with you , too ."
4950,i 've never seen him warm up to a stranger as much as he has to you . ''
4951,"`` i 'm a likeable guy , '' he teased ."
4952,"`` yeah , you are , '' she murmured , trying not to let the out-of-control fluttering of her heart make her think more than she should about him ."
4953,pesh interrupted her thoughts by motioning to the controls .
4954,`` go ahead and start doing your landing checks . ''
4955,megan vaguely remembered what knobs and meters she had looked at before they took off .
4956,"once she got through the landing checks with pesh 's help , they were getting closer to mccollum ."
4957,`` now radio atc . ''
4958,"`` um , okay , '' megan replied , nibbling on her lip ."
4959,"after clearing his throat , megan glanced over at pesh ."
4960,he motioned to the yoke .
4961,"`` oh , duh , '' she replied ."
4962,"with her thumb , she pressed the push-to-talk button ."
4963,`` this is cessna 172 coming in for landing . ''
4964,"before she could ask pesh if she had done it right , he relayed a different message over his push-to-talk ."
4965,the atc 's response crackled over her headset .
4966,"`` cessna 172 , this is ground control confirming you are clear to land . ''"
4967,"`` now push on the yoke to start the descent , '' pesh instructed ."
4968,"after she did what she was told , her eyes locked on the speedometer ."
4969,`` should we be picking up this much speed ? ''
4970,"`` yes and no , '' pesh replied ."
4971,`` what the hell does that mean ? ''
4972,"she asked , jerking her wild gaze to his ."
4973,he chuckled .
4974,`` see the black knob there labeled 'throttle ' ? ''
4975,`` yeah . ''
4976,`` look at it this way .
4977,"you know when you 're in a car and you 're going downhill , you pick up speed ? ''"
4978,megan nodded .
4979,`` it 's the same thing in a plane .
4980,"but if you pull on the throttle knob , it reduces the engine power so there wo n't be an increase in speed . ''"
4981,"with her fingers grasping the black knob , megan asked , `` how hard do i need to pull on it ? ''"
4982,`` try pulling back half-way . ''
4983,"after pulling on the knob , megan eyed the speed ."
4984,`` we 're slowing down . ''
4985,`` good . ''
4986,`` are we at ninety knots ? ''
4987,megan glanced down .
4988,`` yeah . ''
4989,"`` okay , then lower the nose just a little bit ."
4990,that will give us a glide-path or a controlled descent . ''
4991,megan eased on the steering wheel until the nose of the plane dipped below the horizon .
4992,"`` now put the landing gear in the down position , '' pesh instructed ."
4993,`` is that the button with the little tire on it ? ''
4994,"`` yep , that 's the one . ''"
4995,megan pressed it .
4996,`` got it . ''
4997,"`` using the steering wheel , roll the wings a little to the right , so we 're lined back up with the runway . ''"
4998,megan turned the steering wheel to the right a little too abruptly .
4999,"`` oops , '' she replied ."
5000,`` it 's okay .
5001,just level it out .
5002,you always want your runway target spot to stay in the same fixed spot on the windshield . ''
5003,"as megan stared ahead , she realized how close they were getting to the runway , and in turn , the ground ."
5004,suddenly she was n't so sure if she could land the plane .
5005,"it was one thing taking off , but it seemed like there was so much more that could go wrong when landing ."
5006,"`` u-uh , p-pesh , '' she stammered ."
5007,`` yeah ? ''
5008,he asked casually .
5009,`` i do n't think i can do this . ''
5010,she cut her eyes over to him .
5011,`` i ca n't land the plane .
5012,it 's too scary . ''
5013,"`` yes , you can . ''"
5014,megan shook her head furiously back and forth .
5015,`` no really .
5016,you need to take back the controls .
5017,i could cause us to crash . ''
5018,`` but i have faith in you . ''
5019,`` really ? ''
5020,`` of course .
5021,i would n't let you do this if i did n't think you could . ''
5022,"she stole a glance at him , taking in his earnest expression ."
5023,"god , he really and truly believed in her ."
5024,and it was n't just about the fact they were banging each other every chance they got alone .
5025,"no , he saw through to the real her ."
5026,"after taking a deep breath , she felt herself slowly calming down ."
5027,`` fine .
5028,"i 'll try , but i 'm not making any promises . ''"
5029,"`` that 's my girl , '' pesh replied ."
5030,`` what should i do now ? ''
5031,"`` all right , now you need to pull the throttle all the way out as well as pulling back on the wheel to keep the nose from dipping . ''"
5032,"clearing her throat that felt as dry as sandpaper , megan jerked on the throttle button before pulling on the steering wheel ."
5033,it was a little harder considering how sweaty her hands were .
5034,`` keep it steady .
5035,you 're doing great . ''
5036,"as they came closer and closer to the runway , megan fought the urge to close her eyes , but she realized that would not be the right thing to do ."
5037,"instead , she braced herself for the impact ."
5038,the moment the wheels hit the asphalt she shrieked and clutched at the steering wheel .
5039,`` do n't fight the bounce .
5040,we 're fine .
5041,you 're fine . ''
5042,they skidded along the pavement .
5043,"`` okay , now ease up on the wheel and push on the tops of both pedals to apply the brakes . ''"
5044,"without thinking , megan stomped her feet , causing the plane to screech ."
5045,"`` easy , '' pesh said ."
5046,"she let her feet off the brakes , and they began to coast ."
5047,`` now you 're going to bring it back into the hanger . ''
5048,"`` oh , hell no !"
5049,i would end up mowing out the side of the building or another plane ! ''
5050,megan cried .
5051,pesh 's amused chuckle died quickly at the death glare she shot him .
5052,"`` megan , you 'll do fine ."
5053,you just landed a plane .
5054,i think you can handle pulling into a hanger . ''
5055,she scowled at him .
5056,`` fine .
5057,"but when you have to file a huge insurance claim , i 'm going to say 'i told you so . ' ''"
5058,"`` we 'll see , '' he replied ."
5059,she could tell he was fighting back a smile the way he kept biting down on his lip .
5060,"`` all right , take a right here , '' he said , pointing to where the runaway split ."
5061,she turned the wheel to the right and began easing her foot down on the brake when she saw the hangers come into view .
5062,`` which one is yours ? ''
5063,`` i share the third one .
5064,"luckily for you , it 's pretty much a straight shot in ."
5065,just watch out for my dad 's plane . ''
5066,megan jerked her horrified gaze over to his .
5067,`` i could be taking out your dad 's plane ? ''
5068,pesh shook his head .
5069,"`` you 're not going to take out anyone 's plane , megan ."
5070,i have faith in you . ''
5071,she gripped the steering wheel until her knuckles turned white .
5072,"after taking a deep breath and giving herself a mental pep talk , she started slowly easing the plane inside the hanger ."
5073,"even though she was far away from the back wall , she hit the brakes ."
5074,`` is this okay ? ''
5075,`` looks good to me .
5076,now you want to pull on the red knob . ''
5077,`` the one that says mixture ? ''
5078,"`` yeah , that 's the one ."
5079,it will kill the engine . ''
5080,"when megan pulled on the knob , the plane shuddered into silence ."
5081,"she could n't help sitting absolutely frozen for a few moments , processing everything that had happened ."
5082,pesh 's hand reached out to rub her shoulder .
5083,`` you okay over there ? ''
5084,he asked .
5085,"turning her head , she smiled ."
5086,`` i think so . ''
5087,`` you were starting to worry me for a minute . ''
5088,`` i think i was worrying myself . ''
5089,pesh 's warm laugh made her tingle in parts it should n't .
5090,"with the adrenaline depleting from her system , she knew exactly what she wanted to do ."
5091,or maybe the more appropriate word was who she wanted to do .
5092,"frantically , she unbuttoned her seat belt and dove over into his lap ."
5093,"`` megan , what in the hell are you doing ? ''"
5094,he demanded .
5095,her response to his question was to kiss him .
5096,greedily her mouth devoured his lips .
5097,"as her tongue thrust into his mouth , her hand went between them to cup his growing erection ."
5098,he groaned while she worked him over his pants .
5099,"when she rose up on her knees to get a better grip of him , she banged her head against the ceiling of the plane ."
5100,`` shit ! ''
5101,`` are you all right ? ''
5102,"he asked , bringing his hands up to cup her now aching head ."
5103,`` i 'm fine . ''
5104,he snickered .
5105,`` the last thing you need is a concussion .
5106,how would we explain that one ? ''
5107,megan giggled .
5108,`` maybe turbulence during the flight ? ''
5109,"`` you 're the one creating turbulence , '' he replied , a wicked gleam in his eyes ."
5110,`` how are we going to do this ? ''
5111,she asked .
5112,"`` backseat , '' he replied ."
5113,"with a nod , she began climbing over him into the small two seats in the back ."
5114,"as pesh unbuckled his seat belt , megan 's fingers furiously worked to get her jeans unzipped and unbuttoned ."
5115,she was easing them down her thighs when his body came over hers .
5116,she once again claimed his mouth as pesh worked to get his own pants down .
5117,`` pocket .
5118,"condom , '' he murmured against her lips ."
5119,she nodded and then reached her hand down to dig out the foil wrapper .
5120,"during high school , she gotten used to ha**ng s*x in cars , but this was taking it to a whole new level ."
5121,"somehow without being able to see him in the small confines of the plane 's backseat , she rolled the condom down pesh 's length ."
5122,"when she felt his hardness pressing against her core , she widened her legs as far as she could in the cramped quarters ."
5123,"with one quick thrust , he was buried deep inside her ."
5124,"she gripped his shoulders , pushing against him to keep from knocking back into the seat ."
5125,"considering where they were , there was no time for soft and sweet ."
5126,"instead , the sounds in the air were of skin slapping together as pesh 's movements were frantic against her ."
5127,"she loved every delicious minute of it , and it was n't too long before she felt herself going over the edge ."
5128,her nails raked over his back as she screamed his name .
5129,"with her walls milking pesh 's erection , he came with a shout , crushing her body with his ."
5130,"just when she thought she could n't breathe , he jerked back ."
5131,`` are you okay ? ''
5132,"`` i 'm fine , '' she replied ."
5133,she cupped his cheek .
5134,"`` really good now , thanks to you . ''"
5135,he gave her the shy smile of his that warmed her all over .
5136,`` i 'm glad to hear that . ''
5137,"`` um , dr ."
5138,nadeen ? ''
5139,someone called outside the plane .
5140,"`` oh shit , '' he muttered , as he slid out of her body ."
5141,"as he went about ridding himself of the condom and jerking his pants up , he called , `` yeah , trace ? ''"
5142,`` i was just concerned about you considering you landed a few minutes ago and had n't deplaned .
5143,and then there was a lot of knocking going on inside the plane . ''
5144,megan 's hand flew over her mouth as she started giggling uncontrollably .
5145,"it probably did n't help that as trace was talking , she had noticed that the windows of the plane were fogged up ."
5146,"`` i appreciate your concern , trace ."
5147,i was just checking on some post-flight issues .
5148,i 'll be out in just a moment . ''
5149,"as pesh finished and climbed into the front seat , megan hurried to get her jeans up ."
5150,"once she had them buttoned and zipped , she smoothed down her hair that had to look like she had just been f**ked against an airplane seat ."
5151,she slid into the passenger seat to find that pesh had opened the driver 's side and was talking to trace .
5152,trace 's gaze left pesh 's and came to hers .
5153,it took only a few seconds for him to put two and two together of what had actually been going on .
5154,he slowly started backing away from the plane .
5155,"`` yeah , well , you two have a nice day then , '' he said ."
5156,"`` same to you , '' megan called , trying not to start giggling again ."
5157,pesh shook his head as he hopped down out of the plane .
5158,`` come on .
5159,let 's go before we get in any more trouble . ''
5160,"`` but getting in trouble is so much fun , '' megan protested , as she opened her door ."
5161,he grinned at her as he came around to meet her .
5162,"`` you , my lovely , are a very bad influence . ''"
5163,"he wrapped his arms around her waist , drawing her close to him ."
5164,`` but i 'm grateful for every moment i have with you . ''
5165,"`` mmm , you know just how to flatter a girl , '' she said , before kissing him ."
5166,"after a few heated moments , pesh pulled away ."
5167,"`` considering this hanger has security cameras , let 's not totally give them all our secrets today . ''"
5168,megan squealed and covered her mouth .
5169,`` did they ... can they ... ? ''
5170,`` not inside the backseat . ''
5171,she exhaled with relief .
5172,`` thank goodness . ''
5173,he laughed .
5174,"`` come on , little troublemaker ."
5175,let 's go get something to eat . ''
5176,`` sounds good to me . ''
5177,"with a wink , she added , `` especially if there 's dessert ! ''"
5178,"chapter sixteen a few days after her flying adventure and partial induction in the mile high club , megan had started to take a few scripts to the pharmacy when she was yanked by the arm and dragged into an examining room ."
5179,`` what the ? ''
5180,"she began , as the door was slammed behind her ."
5181,"instead of pesh before her , it was kristi ."
5182,`` i need to have a word with you . ''
5183,"anxiety bubbled in megan 's chest , and she had to take a few deep breaths before she could speak ."
5184,`` have i done something wrong with a patient ? ''
5185,kristi shook her head .
5186,"`` oh no , this has everything to do with dr ."
5187,nadeen . ''
5188,megan 's brows shot up in surprise .
5189,`` pesh ?
5190,what 's wrong with him ? ''
5191,`` it 's not what is wrong with him .
5192,it 's what is wrong with you . ''
5193,megan gulped .
5194,`` me ? ''
5195,kristi nodded .
5196,"`` i really like you , megan , but i am worried that you are just playing him ."
5197,it is cruel .
5198,he does n't deserve it . ''
5199,`` i do n't know what you mean . ''
5200,`` please do n't play coy .
5201,"not only do i have two daughters around your age , but i 've spent enough time working with women to have a pretty good insight into the female mind ."
5202,"so , i 'll ask once again , what are you doing ? ''"
5203,megan squirmed under the heat of kristi 's stare .
5204,"if anyone found out that she and pesh were hooking up , it could be very bad for her nursing career ."
5205,`` we 're friends .
5206,he 's my cousin 's godfather . ''
5207,kristi rolled her eyes .
5208,`` fine .
5209,let me speak as freely as i can since you insist on playing dumb .
5210,i do n't give two shits if you and pesh are screwing all over this hospital- '' megan was unable to contain her loud gasp .
5211,"`` excuse me , but i- '' now it was kristi 's turn to interrupt ."
5212,she held up her hands .
5213,`` let me finish please . ''
5214,"`` fine , '' megan muttered ."
5215,"`` i realize that deep down he 's just a man , and after going a long time without sex , it was probably a little easier for him to give in to just a causal relationship with you ."
5216,"but i 've worked by his side for seven years , so i have a pretty good handle on what he 's truly feeling . ''"
5217,`` oh really ? ''
5218,"megan countered , unable to stop herself from being snarky ."
5219,"`` yes , i do ."
5220,that man loves you with every fiber of his being . ''
5221,those words caused megan 's steely resolve to fade .
5222,she could n't help staggering a bit on her feet .
5223,"she knew that pesh liked her-i mean , any fool could see that ."
5224,but love ?
5225,`` h-he does ? ''
5226,"`` oh yeah , he does ."
5227,he 's been holding a candle for you since the moment you walked in here .
5228,i saw it the first day i introduced you two .
5229,"i do n't know what has happened since that day , but i know something has changed for you , too . ''"
5230,`` it 's true that i care about him .
5231,he 's the most amazing man i 've ever known . ''
5232,`` then what the hell is the problem ? ''
5233,"`` i wish i could tell you , but i do n't even know myself , '' megan moaned as tears stung her eyes ."
5234,"`` dammit , stupid pms hormones . ''"
5235,"`` oh honey , you do actually care about him , do n't you ? ''"
5236,"`` yes , '' she whispered ."
5237,"`` and you 're a wreck about what you 're feeling for him , are n't you ? ''"
5238,kristi asked .
5239,megan could n't hold back the sobs any longer .
5240,"they rolled through her , causing her to bend at the waist under the burden ."
5241,"kristi stepped forward , wrapping her arms around megan ."
5242,"even though she knew she should try to fight her emotions considering she was at work , she decided to let herself go and get it all out ."
5243,"when she finally had a hold of herself , she raised her head , wiping what she imagined were the hideous black mascara streaks off her face ."
5244,`` i 'm so sorry .
5245,that was so unprofessional of me . ''
5246,kristi gave her a sad smile .
5247,"`` would you stop that , please ?"
5248,this is n't an evaluation .
5249,"besides , i 'm the one who pulled you in here and provoked you ."
5250,you always keep your emotions in check out on the floor . ''
5251,`` the truth is i do care for pesh .
5252,how could i not ?
5253,i 'm just not sure i 'm the right woman for him . ''
5254,"`` but if he loves you , how could you think you 're not the right one ? ''"
5255,megan blurted out all the reasons she 'd previously given pesh about her age and her lack of wanting a committed relationship .
5256,"when she finally finished unburdening herself of all her doubts and fears , she glanced up at kristi ."
5257,there was no judgment in her eyes or anger for that matter .
5258,"instead , she merely patted megan 's cheek ."
5259,"`` oh honey , you 've got to tune all those negative voices out and go with your heart . ''"
5260,megan shook head .
5261,`` but what if i do n't know what my heart is telling me to do ? ''
5262,`` you will .
5263,just give it time . ''
5264,kristi patted her back .
5265,`` why do n't you go get cleaned up and then take your lunch break ? ''
5266,"`` no , i need to make up for the time i 've missed . ''"
5267,`` you 're fine . ''
5268,she motioned to the door .
5269,`` go on .
5270,see if dr. nadeen is on his way to lunch so you can join him . ''
5271,`` but i should n't .
5272,it wo n't look right if we 're alone together . ''
5273,kristi chuckled .
5274,`` alone together in a crowded hospital cafeteria ?
5275,i do n't think that 's possible . ''
5276,megan nibbled on her bottom lip and fought the urge to argue with kristi .
5277,"after all , if the very woman who was in charge of her clinical grade did n't give a shit about her and pesh being seen together , why should she ?"
5278,"finally , she just gave a defeated sigh ."
5279,"`` okay , i 'll go see . ''"
5280,`` good girl .
5281,and you be listening to your heart now .
5282,okay ? ''
5283,`` i 'll try .
5284,i promise . ''
5285,"although she spoke the words with such conviction of character , megan was afraid it was going to be harder than she thought ."
5286,"chapter seventeen when pesh arrived at work the following day , he found kristi alone in the nurses ' station ."
5287,"gazing around , he asked , `` where 's megan ? ''"
5288,"`` oh , she called in sick today . ''"
5289,both disappointment and concern filled him .
5290,she had seemed a little off the night before when they had dinner together in the cafeteria .
5291,she was quieter and somewhat withdrawn .
5292,he had just chalked it up to the fact that they were sitting with some of the other staff and she was trying not to make things seem weird with them now .
5293,he wondered if he should call her and check to make sure she was okay .
5294,"they were in such limbo together that even though it sounded like the right thing to do , he was n't sure ."
5295,"with a resigned sigh , he decided to leave things as they were and vowed to check on her tomorrow when she returned to work ."
5296,"as much as pesh hated to admit it , the day dragged mercilessly without megan ."
5297,he went from patient to patient with a monotony he had n't felt in a long time .
5298,"when his shift ended , he met kristi in the hallway ."
5299,`` want me to walk you out ? ''
5300,he suggested .
5301,`` thank you .
5302,i 'd appreciate that . ''
5303,`` it would be my pleasure . ''
5304,they started out the mechanized doors to the employee parking lot .
5305,"to fill the quiet of their shoes echoing on the pavement , he said , `` i hated to hear that megan was n't feeling well . ''"
5306,`` so did i .
5307,poor thing offered to pull a double tomorrow to make up for being gone . ''
5308,kristi smiled .
5309,`` she sure is going to make a fine nurse . ''
5310,"`` yes , she is . ''"
5311,"`` you 've taken a special interest in her , have n't you ? ''"
5312,kristi asked .
5313,"pesh 's steps momentarily faltered , and he stumbled ."
5314,`` whatever do you mean ? ''
5315,kristi chuckled .
5316,`` you know exactly what i mean . ''
5317,"`` it is true that we know each other outside of the hospital , but when we 're in the er , our relationship is strictly professional . ''"
5318,`` i never said it was n't . ''
5319,"after gazing around the somewhat deserted parking lot , he shook his head ."
5320,`` what you 're alluding to between me and megan ?
5321,nothing good can come of those types of rumors . ''
5322,"patting his arm , kristi smiled ."
5323,`` there are no rumors-merely an observation by someone who loves and admires you . ''
5324,his brows rose in surprise .
5325,`` you do n't disapprove ? ''
5326,`` of course not .
5327,i think it 's a good match for both you and her . ''
5328,"he remained silent for a few moments , contemplating her words ."
5329,`` perhaps i should call and check on her . ''
5330,`` i think that would be a very good idea . ''
5331,she took her keys out of her purse and motioned at the honda they were standing in front of .
5332,"`` well , this is me . ''"
5333,"`` have a good night , kristi . ''"
5334,"`` same to you , dr. nadeen ."
5335,and good luck . ''
5336,he smiled .
5337,`` thank you .
5338,i appreciate that . ''
5339,"when he got to his car , he slid inside and took his phone out ."
5340,he scrolled through his contacts to find megan 's number .
5341,"after he dialed , he anxiously drummed his fingers on the steering wheel ."
5342,"the call went to her voicemail , leaving him with a defeated feeling ."
5343,"although he knew it probably was n't the best idea in the world , he decided to go to her house to check on her ."
5344,the moment he rang her parents ' doorbell he really regretted making a house call .
5345,one of her younger brothers answered .
5346,"`` hey , what 's up ? ''"
5347,he asked .
5348,`` hello .
5349,i 'm dr. nadeen .
5350,i work with megan . ''
5351,"snapping his fingers , he pointed at pesh ."
5352,"`` wait , i know you ."
5353,are n't you noah 's godfather ? ''
5354,pesh smiled .
5355,"`` yes , i am . ''"
5356,`` cool .
5357,"listen man , megan 's downstairs ."
5358,"if you go around the side of the house , she has her own door . ''"
5359,`` i see .
5360,thank you then . ''
5361,`` no problem . ''
5362,"when the door closed , pesh debated going straight to his car ."
5363,but he knew it would look even worse if her brother told her he had been there and then he had left without seeing her .
5364,"heaving a frustrated breath , he headed off the porch ."
5365,he followed the sidewalk around the house to where it sloped down the hill .
5366,"at the side door , he knocked loudly ."
5367,"when the door flew open , megan stared at him in a mixture of both surprise and horror ."
5368,`` what are you doing here ? ''
5369,she demanded .
5370,pesh shoved his hands in his pockets .
5371,`` you called in sick today .
5372,i was worried . ''
5373,`` i 'm fine . ''
5374,"he fought the urge to say that by her disheveled appearance and dark circles under her eyes , she most certainly did n't seem fine ."
5375,"`` i tried calling you , but you did n't answer ."
5376,kristi and i were worried about you . ''
5377,her expression softened a little .
5378,`` i 'm sorry .
5379,i must 've forgotten to charge my phone . ''
5380,`` can i get you something to eat ?
5381,some soup maybe ? ''
5382,"`` really , i 'm fine . ''"
5383,`` but you look so pale .
5384,will you let me do an exam ?
5385,you know the flu is- '' `` i do n't have the flu . ''
5386,`` how can you be sure if you have n't been checked ?
5387,did you get the flu shot at the hospital ?
5388,sometimes it can give you a mild case . ''
5389,she shook her head and smiled .
5390,`` i do n't have the flu .
5391,"since you 're going to keep on and on , i 'm going to go ahead and tell you ."
5392,i have really horrendous cramps with my period .
5393,"usually , i can manage them with birth control , but when i started clinicals and stopped working , i could n't afford the birth control without health insurance ."
5394,and it was n't like i was ha**ng s*x anyway . ''
5395,"while he appreciated her honesty , he was also slightly mortified ."
5396,"`` oh , i see . ''"
5397,"`` i 'm sorry to have embarrassed you , '' megan said ."
5398,he waved his hand dismissively .
5399,"`` listen , when you return to work tomorrow , there will be a script for you for birth control ."
5400,"i do n't like the idea of you in pain , so i do n't want this to happen next month . ''"
5401,"`` but the money , '' she protested ."
5402,he shook his head .
5403,`` it will be discounted through the hospital pharmacy . ''
5404,"`` thank you , pesh ."
5405,that 's a very decent thing for you to do . ''
5406,a blonde head peeked around megan .
5407,`` hi esh .
5408,you play ? ''
5409,he smiled at mason .
5410,`` i came to check on your mommy . ''
5411,mason tilted his chin to look up at megan .
5412,`` her tummy hurts .
5413,she no play .
5414,u play ? ''
5415,"`` um , well ... '' he wanted nothing more than to spend time with mason , and in the same token , with megan as well ."
5416,but he was also walking such a fine line with her that he did n't want to come on too strong and scare her off .
5417,`` i 'm not sure your mommy feels up to company . ''
5418,megan smiled .
5419,"`` if you really do n't mind staying , we 'd love to have you . ''"
5420,`` are you certain ? ''
5421,`` sure . ''
5422,`` okay then . ''
5423,mason grabbed his hand and led him through the door .
5424,pesh took in the cozy decor of the basement apartment .
5425,"in one chair , megan 's textbooks and papers were strewn around , while on the floor it looked like a tornado had blown through the living room with all the toys lying around ."
5426,"when he met her gaze , she flushed ."
5427,`` sorry it 's such a mess . ''
5428,`` it 's fine . ''
5429,`` are you hungry ? ''
5430,she asked .
5431,"`` no , i 'm good , '' he lied , as his stomach rumbled ."
5432,megan cocked her head and shot him a look .
5433,`` sit down and let me fix you something . ''
5434,`` not with you feeling unwell . ''
5435,"`` although i wish i could cook you something , i think i 'm up to reheating some of the pizza we ordered today , or there are some homemade enchiladas i made last night , '' she replied , as she opened the fridge ."
5436,`` enchiladas would be lovely . ''
5437,she smiled and took out a casserole dish .
5438,"`` you hungry , mace ? ''"
5439,"`` mmm , hmm , '' he murmured , barely looking up at his mother from one of his toys ."
5440,"after spooning out two heaping plates full , along with some rice , she put it in the microwave ."
5441,she then motioned for him to have a seat at the table .
5442,`` you do n't need to wait on me . ''
5443,`` just shut up and let me take care of you for two seconds . ''
5444,her words reminded him of when she had cleaned his wounds after dev 's punch .
5445,"no matter what the situation , she was always ready to be there for him and take care of him ."
5446,the microwave beeped and brought him out of his thoughts .
5447,mason hurried over to the table and sat down beside pesh in his booster seat .
5448,"when megan put down the steaming plates , he reached for her hand and kissed it ."
5449,`` thank you . ''
5450,a funny look passed in her eyes before she smiled .
5451,`` you 're welcome . ''
5452,`` wo n't you sit with us ? ''
5453,he asked .
5454,"`` actually , i would love to take a warm bath ."
5455,"you know , to see if it would help relax my muscles . ''"
5456,pesh smiled .
5457,`` i 'll be happy to keep an eye on mason while you do that . ''
5458,`` you do n't mind ? ''
5459,`` of course i do n't . ''
5460,`` thanks .
5461,i really appreciate it . ''
5462,"she kissed the top of mason 's head , and then kissed his cheek ."
5463,she turned to start into the bedroom before whirling back around .
5464,he lowered his fork at the expression on her face .
5465,"placing her hands on his cheeks , she leaned in and laid a big one on him ."
5466,he could n't hide his surprise .
5467,"when she pulled away , she grinned at his speechlessness ."
5468,"`` i wo n't be long , '' she said ."
5469,"once the bedroom door closed behind her , pesh gazed over at mason ."
5470,`` what do you want to do when we finish eating ? ''
5471,"`` minions , '' he mumbled through a mouthful of food ."
5472,pesh furrowed his brows in confusion .
5473,`` what 's minions ? ''
5474,"hopping down off his chair , mason ran over to the tv ."
5475,"when he returned , he had a dvd box in his hand ."
5476,he pointed to some yellow blobs on the cover .
5477,`` minions . ''
5478,"`` ah , i see ."
5479,you want to watch this . ''
5480,mason bobbed his head .
5481,`` is it your favorite ? ''
5482,pesh asked .
5483,"`` uh , huh , '' mason replied ."
5484,`` then i guess we better eat fast so we can watch it . ''
5485,"at mason 's beaming grin , pesh felt a little tug in his chest ."
5486,"even though he should n't , he already had strong feelings for the little boy ."
5487,"from almost the moment they 'd met , mason had let pesh into his world ."
5488,the sound of a fork clattering on a plate brought pesh out of his thoughts .
5489,`` done ! ''
5490,"mason exclaimed , hopping out of his chair ."
5491,"although pesh was n't finished , mason grabbed his hand and led him from the table ."
5492,"instead of arguing with him , pesh just let himself be dragged over to the tv ."
5493,"once he got the movie on , they settled down on the couch ."
5494,he could n't fight the warmth that spread through his chest when mason snuggled close to his side .
5495,"instead , he just embraced the feeling and let happiness override the doubt that screamed in his mind ."
5496,"under the strong , warm jets of the jacuzzi tub , megan 's pain started to fade ."
5497,"of course , as much as she tried to relax , it was too hard considering that pesh was in her living room ."
5498,she could n't believe that he had shown up out of the blue to check on her .
5499,"just when she thought he could n't be any kinder or more attentive , he did something like that ."
5500,"tilting her neck on the foam headrest , she thought about her talk with kristi the day before ."
5501,"she hated to admit it , but she knew she had a choice to make ."
5502,"she either had to let go of pesh , or she had to make things official with him ."
5503,they could n't just keep dating and hooking up ... or was it just hooking up ?
5504,"with a frustrated groan , she shifted in the tub , sloshing the water around ."
5505,"closing her eyes , she tried to search her heart for how she truly felt ."
5506,"no man had ever made her feel like felt with pesh , and that could be said both inside and out of the bedroom ."
5507,"gazing down at her pruning fingers , she knew it was time to get out of the tub ."
5508,she could stay there for days and still not have the answer she so desperately sought .
5509,"after she toweled off and wrapped herself in her terry cloth robe , she went out into the bedroom ."
5510,"as she threw on a fresh pair of pajama pants and a t-shirt , she noticed it was awfully quiet in the living room ."
5511,"wondering what mason and pesh could be doing , she ducked out of the bedroom ."
5512,the sight across from her on the couch made her chest clench with emotion .
5513,"reaching up , she clutched her t-shirt over her heart , trying to still some of the ache that burned there ."
5514,"with the strains of despicable me playing in the background , pesh lay on his back with mason on top of him ."
5515,"her son 's face was snuggled into pesh 's chest , and he was sound asleep ."
5516,they both were .
5517,"pesh 's face was tilted down , his nose pressed into the strands of mason 's hair ."
5518,"before she could harden herself to the emotions coursing through her , tears stung her eyes ."
5519,"in that moment , she allowed herself to fantasize that this was truly her life ."
5520,"she had a loving husband who adored her , and her son had an attentive and doting father ."
5521,what more could she ask for in life ?
5522,"in those minutes of weakness , she wondered why she had been fighting pesh so hard about a relationship ."
5523,"besides her own happiness , there was nothing more in the world that she wanted than for mason to be safe and happy ."
5524,"as she came crashing back to reality , she saw things clearly for the first time in a long time ."
5525,pesh had been so worried about her that he 'd driven over just to check on her .
5526,"she 'd never had a boyfriend who cared about her that much , and no matter how hard she searched in the future , she was probably never going to find another man like pesh ."
5527,there were so many things about him that she liked ... maybe even loved .
5528,"he made her want to get up in the mornings , so she could see him at work ."
5529,she found herself anxiously checking her phone to see if she had a text from him .
5530,she loved spending time with him .
5531,but it was more than just the feelings that pesh felt for her or that she felt for him-it was the fact that he cared so much about her son .
5532,"they were a package deal for any future man , and he had willingly embraced that fact without complaint ."
5533,"on shaky legs , she walked over to the couch ."
5534,"as she stood over the two of them , she could n't help reaching out her hand and tenderly touching pesh 's cheek ."
5535,he stirred at the contact .
5536,"when his eyelids fluttered open , she smiled at him ."
5537,`` hi . ''
5538,his gaze spun around the room like he was trying hard to remember where he was .
5539,"when he glanced down at mason , realization washed over his face ."
5540,`` sorry .
5541,i did n't mean to fall asleep . ''
5542,`` it 's okay .
5543,i 'm sure you needed it .
5544,"besides , i took too long in the tub . ''"
5545,he smiled .
5546,`` i would argue that you need it as well . ''
5547,"bending over , she slid her hand under mason 's stomach while the other went under his legs ."
5548,she hoisted him up and into her arms .
5549,"when he whimpered , she murmured , `` shh , mommy 's going to put you to bed . ''"
5550,"`` night , night , pesh , '' mason mumbled drowsily ."
5551,"`` good night , little man , '' pesh replied ."
5552,"once she had tucked mason in and kissed his cheek , she closed his bedroom door and returned to the living room ."
5553,"pesh sat hunched over on the edge of one of the couch cushions , as if he were planning to leave as soon as she came back ."
5554,`` is he okay ? ''
5555,he asked .
5556,she nodded .
5557,`` out like a light the moment i put him down . ''
5558,`` good . ''
5559,"when he started to stand up , she pushed him back down on the couch ."
5560,"easing down onto his lap , she wrapped her arms around his neck ."
5561,he brought his hand up to rub lazy circles over her back .
5562,she did n't speak for a few minutes .
5563,"instead , she just enjoyed being close to him , the feel of his hand on her , his strong , muscled thighs beneath her ."
5564,`` thank you for coming over tonight . ''
5565,his brows rose in surprise .
5566,`` are you sure ?
5567,i was afraid i was overstepping my bounds . ''
5568,"raking her fingers through his dark hair , she shook her head ."
5569,`` i think we need to talk about our boundaries . ''
5570,`` oh ? ''
5571,she nodded .
5572,`` you coming over here tonight made me realize something very important .
5573,"what we 've been doing has been fun , and i 've enjoyed every minute of it ."
5574,"but now- '' pesh 's dark eyes snapped shut , and the expression on his face shifted as if he were in pain ."
5575,`` please .
5576,you do n't have to say this .
5577,i 'll just go . ''
5578,"`` but i do n't want you to go , '' she argued ."
5579,`` then what are you trying to say ? ''
5580,"`` that i need you in my life , and i want more . ''"
5581,his brows shot up .
5582,`` more ?
5583,as in more of us together ? ''
5584,`` yes . ''
5585,he sucked in a breath .
5586,`` you want us to be an official couple ? ''
5587,she smiled .
5588,"`` yes , i do ."
5589,"well , everywhere except work . ''"
5590,"`` i ca n't believe it , '' he murmured ."
5591,"`` this is n't exactly the reaction i thought you would have , '' she teased ."
5592,"`` oh , i 'm happy ."
5593,trust me .
5594,"i 'm just shocked , that 's all . ''"
5595,she brought her lips to his and gave him a tender kiss .
5596,"against his lips , she murmured , `` can you ever forgive me for being so stubborn and so stupid ? ''"
5597,`` i can try .
5598,but i suppose you 're going to have to work very hard to make it up to me . ''
5599,`` am i ? ''
5600,he nodded .
5601,"`` yes , very hard . ''"
5602,`` why do i have the funny feeling that your idea of me making it up to you is entirely different than mine ? ''
5603,`` no more orgasms for dates .
5604,just dates . ''
5605,`` i can handle that . ''
5606,a wicked gleam flashed in pesh 's eyes .
5607,`` the first date will be to the fox to see an opera . ''
5608,she groaned .
5609,`` you do n't play fair . ''
5610,"he ran his hands up her sides , causing her to shiver ."
5611,`` i would have to argue that you have n't been playing fair all along .
5612,now it 's my turn . ''
5613,`` are you going to punish me ? ''
5614,she questioned in a whisper .
5615,"`` mmm , hmm , there will lots of dates and lots of time spent together . ''"
5616,he quirked a brow at her .
5617,`` a true hell on earth . ''
5618,she could n't help giggling .
5619,`` i 'll be a good girl and take it . ''
5620,`` i 'm glad to hear it . ''
5621,"as they lapsed into silence , megan 's fingers wound through the hair at the base of his neck ."
5622,`` do you want to stay the night with me ? ''
5623,pesh 's brows furrowed as if silently questioning her proposal .
5624,`` but you- '' `` no sex .
5625,just sleeping . ''
5626,`` you think that 's a good idea with mason ? ''
5627,`` we 're a couple now .
5628,he 's going to be seeing a lot of you . ''
5629,pesh smiled .
5630,"`` yes , he is . ''"
5631,"staring into his eyes , she asked , `` so you 'll stay ? ''"
5632,`` it would be a pleasure . ''
5633,"without another word , she rose off his lap ."
5634,"after he got up off the sofa , she took him by the hand and led him to her bedroom ."
5635,"as she sat on the edge of the mattress , she watched as pesh stripped down to his boxer shorts ."
5636,"when he was finished , he walked slowly over to her ."
5637,`` i 'm sorry we ca n't do anything else . ''
5638,he brushed the hair out of her face and cupped her cheeks .
5639,`` i do n't mind .
5640,i 'm happy just to be with you . ''
5641,"in her heart , she was happy as well and not just about him staying the night ."
5642,but for how everything between them had worked out .
5643,"`` so am i , '' she murmured before lying back on the bed ."
5644,`` so am i . ''
5645,"chapter eighteen for megan , the next few weeks flew by ."
5646,"she did n't know if it was because she was so busy at work , or it was because she was so happy being with pesh ."
5647,she liked to think it was the latter .
5648,or maybe it was that she was busy being with pesh .
5649,"on her off days and his , they spent every second together ."
5650,"most often , he came to her house ."
5651,they made dinner together or they went out .
5652,"although her parents did n't entirely approve , he slept over as well ."
5653,what they did n't know is that some nights nothing illicit even happened between them .
5654,"exhausted from the day 's events , they merely enjoyed lying in each other 's arms ."
5655,"as she came out of a patient 's room , she glanced up to see pesh standing across the hall talking to another doctor ."
5656,"for just a moment , his gaze met hers , and although no one else could have possibly noticed it , she saw the longing and the affection ."
5657,she gave him a brief nod before walking on to the nurses ' station .
5658,"since they had become a couple , their time at work had become almost a game of wills to pretend there was nothing going on between them ."
5659,"most days , it was harder than megan could have ever imagined not to burst out in a smile whenever she saw him or to resist the urge not to wrap her arms around him ."
5660,but somehow they made it work .
5661,"in the end , the pent up emotions that were suppressed during the day made for a lot of heated fireworks in the evenings ."
5662,megan 's thoughts were interrupted at the buzzing of her phone .
5663,"when she glanced down at it , she grinned ."
5664,it was pesh .
5665,it killed me not to be able to kiss you a moment ago .
5666,i know .
5667,me too .
5668,dinner at my place tonight ?
5669,u cooking ?
5670,she questioned .
5671,yeah .
5672,indian food .
5673,"mmm , sounds good ."
5674,what time ? ''
5675,7 .
5676,does mason like indian food ?
5677,megan eyed his text thoughtfully .
5678,"the last three times she had been with pesh , mason had been with them as well ."
5679,"pesh never seemed to mind , but megan wanted a night with just him ."
5680,a true date night .
5681,not sure .
5682,will get my parents or papa to babysit .
5683,you do n't have to do that .
5684,i know .
5685,i want to .
5686,okay .
5687,see you at 7 .
5688,bye .
5689,she had just slipped her phone back in her pocket when she was ambushed by kara .
5690,"since the day she 'd seen kara grope pesh in the hallway , megan had loathed the sight of her ."
5691,"she had managed to keep her distance from her at work , but lately , she noticed that kara had been creeping around , staring at her ."
5692,`` can i do something for you ? ''
5693,megan asked politely .
5694,"`` yeah , for starters , you can drop the sugar sweet act ."
5695,i know how you feel about me . ''
5696,megan fought the urge to roll her eyes .
5697,"instead , she crossed her arms over her chest ."
5698,`` fine .
5699,what do you need kara ? ''
5700,kara glanced around them before she spoke .
5701,`` i want you to back off of pesh . ''
5702,`` excuse me ? ''
5703,"narrowing her eyes , kara said , `` i know you 're into him ."
5704,"i can see it in the way you look at him ... it 's in the way he looks at you , too ."
5705,and i do n't like it . ''
5706,"`` well , i 'm terribly sorry that you do n't , but frankly , i do n't see how any of that is any of your business . ''"
5707,"`` oh , he is very much my business considering we 've been together . ''"
5708,"`` um , okay ."
5709,"whatever , '' megan replied , feeling slightly shattered by kara 's proclamation ."
5710,"in the rational side of her mind , she knew there was no way pesh could be involved with kara ."
5711,"but at the moment , it was the irrational side that seemed to be winning out over whether pesh was truly hers ."
5712,kara jerked her chin in the air .
5713,"`` besides the fact of what pesh and i are to each other , i 'm sure it would be very interesting business to your professor ."
5714,"last time i checked , a nursing candidate was n't supposed to get involved with a doctor ."
5715,bad for one 's reputation . ''
5716,`` are you threatening me ? ''
5717,"after a casual shrug of her shoulders , kara replied , `` just stating facts ."
5718,"you do n't impress me as one of those bimbo girls who likes to be used by a man for sex , which i 'm afraid that 's exactly what pesh is doing with you ."
5719,"but more than not wanting to be a sex toy , i imagine you would n't want to do anything to harm your future career . ''"
5720,"`` i 'm not discussing this any further , '' megan muttered , as she started past her ."
5721,`` i wo n't be either as long as you stay away from pesh . ''
5722,"without giving kara a final glance , megan continued walking down the hallway ."
5723,"she did n't know where she was going , but she knew she wanted to put as much distance as she could between herself and kara ."
5724,the rest of the day she felt haunted by kara 's words .
5725,"more than anything , she could n't wait until she could be alone with pesh to talk to him about it ."
5726,pesh jerked his head up at the loud bang behind him .
5727,the garage door leading into the kitchen was thrown open with such a force that it rattled on its hinges .
5728,"megan stalked into the room , her mouth turned down in a determined frown ."
5729,she threw her purse down onto the floor beside one of the bar stools .
5730,"with a frustrated breath , she blew back a few errant strands of blonde hair that had escaped the loose knot at the back of her neck ."
5731,`` bad day ? ''
5732,"he asked , with thinly veiled amusement ."
5733,she glared at him .
5734,"`` yes , as a matter of fact it was . ''"
5735,`` what happened ? ''
5736,"`` well , where do i start ?"
5737,"when i went to drop mason off at papa 's house , there was a woman there with him . ''"
5738,pesh 's brows rose in surprise .
5739,`` patrick is dating ? ''
5740,"`` he claims she's- '' megan paused to make air quotes with her fingers , `` just a friend ."
5741,but i do n't buy it . ''
5742,"as he stirred the rice , he glanced at her over his shoulder ."
5743,`` would it be wrong if he were dating ? ''
5744,a long sigh escaped megan 's lips .
5745,"`` no , he deserves to be happy ."
5746,"my nana has been dead for six years , so it 's not like he raced out the moment he was free and started going through women like kleenex . ''"
5747,pesh chuckled at her summation .
5748,`` did you not like her ? ''
5749,"crossing her arms over her chest , megan replied , `` that 's the other part ."
5750,she seemed really nice .
5751,and mason loves her .
5752,i guess she 's been there before when he stayed with papa . ''
5753,"after abandoning his place by the stove , pesh placed his hands on the marble countertop and leaned in close to megan ."
5754,`` it sounds to me like patrick has found a good woman who loves him and his family .
5755,i do n't think you could ask for a better scenario . ''
5756,she stared into his eyes for a moment before she smiled .
5757,`` you 're right .
5758,i do n't know why i got so upset about it all . ''
5759,"`` because as much as you love your grandfather , you 're still protective of your grandmother 's memory . ''"
5760,"`` you 're so wise , '' she murmured ."
5761,"`` it comes with age , '' he replied , with a wink ."
5762,`` whatever . ''
5763,he gave her a quick kiss on the lips before returning to the stove .
5764,"`` so besides patrick 's new lady friend , what else happened to get you so upset ? ''"
5765,"when megan did n't reply , pesh turned around ."
5766,`` what else is it ? ''
5767,`` you need to have a serious discussion with kara . ''
5768,his brows rose in surprise .
5769,`` i do ? ''
5770,"`` yes , you do . ''"
5771,"`` megan , you do remember that i 'm not in charge of nurses . ''"
5772,she rolled her eyes .
5773,"`` yes , i realize that ."
5774,"but you are in charge of your dick , are you not ? ''"
5775,`` excuse me ? ''
5776,"crossing her arms over her chest , megan said , `` kara seems to think that the two of you are an item . ''"
5777,pesh chuckled .
5778,`` oh that 's nonsense .
5779,we 're just friends from working together . ''
5780,megan narrowed her eyes suspiciously at him .
5781,`` you 've never seen her outside of work ? ''
5782,this was one area of questioning he had n't bargained on ever having to answer .
5783,the truth was something he really did n't want to admit to megan .
5784,"carefully choosing his words , he replied , `` we got together for drinks a couple of times after work a few months back ."
5785,i hardly think that categorizes us as an 'item . ' ''
5786,`` it must be enough for her to think she can tell me that you 're only using me for sex . ''
5787,pesh winced at the words .
5788,he would have never taken kara for being someone who was jealous .
5789,he put down the spatula and turned off the stove .
5790,he knew he could n't go forward without coming clean .
5791,"`` megan , i have n't been honest with you . ''"
5792,`` what do you mean ? ''
5793,she asked .
5794,`` i told you that kara and i had only had drinks a couple of times .
5795,but that is n't the whole truth . ''
5796,megan 's eyes widened .
5797,`` what are you saying ? ''
5798,"defeated , his shoulders drooped a little ."
5799,"`` after the night of noah 's baptism , i could n't get you off my mind ."
5800,i wanted to prove to myself that i was n't so enamored by you .
5801,"so after having a couple of drinks one night , kara and i went to my car and fooled around . ''"
5802,`` you got drunk ? ''
5803,he gave a mirthless laugh .
5804,`` that is what is most shocking to you in what i just told you ? ''
5805,`` did you think i would be mad at you for messing around with some woman when we were n't dating ? ''
5806,"`` yes , '' he answered honestly ."
5807,megan shook her head .
5808,`` what you did then was your business .
5809,"i mean , i 'm not thrilled to hear that you fooled around with her , especially since you would n't sleep with me when i asked you to . ''"
5810,`` but do n't you see the difference ?
5811,"i cared for you , and i cared nothing for her ."
5812,we were barely in the car fifteen minutes if that tells you anything . ''
5813,the corners of her lips tugged up in a small smile .
5814,`` i really do n't need the details of how much you did n't enjoy yourself . ''
5815,he ducked his head .
5816,`` i 'm sorry .
5817,i should n't have said that . ''
5818,"`` but at the same time , i 'm glad to hear that you wo n't be going back for a repeat performance . ''"
5819,"jerking his gaze up to meet hers , he replied , `` never could i do that . ''"
5820,`` and you really were trying to get me off your mind ? ''
5821,"`` yes , i was . ''"
5822,"`` in a warped way , that 's very romantic , '' she teased ."
5823,"`` i 'm glad you think so , '' he mumbled ."
5824,"`` look , it 's not the fact that she said you were using me for sex that has me so upset . ''"
5825,`` it 's not ? ''
5826,`` she threatened me . ''
5827,pesh 's eyes narrowed .
5828,`` physically ? ''
5829,`` not exactly .
5830,"she said that if i did n't watch my back , she would report me to the dean . ''"
5831,a low growl erupted from pesh 's chest .
5832,`` she seriously said that ? ''
5833,"`` yes , she did . ''"
5834,`` i 'm sorry that her jealousy and spitefulness is rearing its head .
5835,"i never imagined she was such a person when i ... well , when i got involved with her ."
5836,i 'll make sure to speak to her .
5837,"no one should have to work in a hostile environment , and she must understand that just because of her seniority , she is not allowed to harass you . ''"
5838,pesh watched megan fidget on her feet while nibbling on her bottom lip .
5839,`` do you not want me to speak to her ? ''
5840,"`` no , that 's fine ."
5841,it 's just ... '' `` is there something else ? ''
5842,`` you know how much i like you .
5843,"i mean , the very fact i agreed to date you shows how much i 'm committed to you . ''"
5844,pesh crossed his arms over his chest .
5845,`` i 'm thinking there 's a 'but ' coming that i 'm not going to like . ''
5846,megan sighed .
5847,"`` but at the same time , whatever it is that is happening between us ... '' she swallowed hard ."
5848,"`` i 've worked really hard in school , pesh ."
5849,i do n't want anything on my record that could hurt my chances of getting a job . ''
5850,"if she was the crying type , he would have sworn her eyes shimmered with tears ."
5851,he came around the counter to pull her into his arms .
5852,"`` hey now , do n't you worry one bit about getting into trouble ."
5853,anyone who has seen you in action on the floor knows what a talented and gifted nurse you are . ''
5854,she sniffled .
5855,"`` if there 's even a rumor of me having an affair with an attending physician , i could be blacklisted . ''"
5856,pesh pulled away to grip her chin in his fingers .
5857,"`` after i speak to kara , you will have nothing to worry about , okay ? ''"
5858,"he could tell that even though she wanted to relax and let go of her anxiety , she could n't ."
5859,`` come on .
5860,let 's fix you up . ''
5861,she wiped her eyes .
5862,`` what do you mean ? ''
5863,"with a wink , he went over to the cabinet and got down a wine glass ."
5864,then he poured some white wine into the glass before setting it down on the bar .
5865,`` take that . ''
5866,megan glanced at the glass and then back at him .
5867,`` are you trying to ply me with wine ? ''
5868,`` maybe . ''
5869,she leaned forward and picked it up .
5870,he watched as she could n't resist the temptation and she took a hearty gulp .
5871,"closing her eyes , she murmured , `` that 's so good . ''"
5872,`` i 'm glad you like it . ''
5873,he walked around the counter again .
5874,this time he took her free hand .
5875,`` come on . ''
5876,`` where are we going ? ''
5877,`` for part two of your relaxation . ''
5878,megan smiled at him before he began tugging her down the hall .
5879,"when he got into the bedroom , he noticed her sigh of frustration when they bypassed the bed for the bathroom ."
5880,"`` while i finish dinner for us , you need to soak in a nice , hot bath . ''"
5881,"`` you spoil me , '' she protested with a smile ."
5882,he gave her a playful wink before turning on the bath water .
5883,"once he got the temperature right , he turned back to her ."
5884,`` bubbles ?
5885,bath salt ? ''
5886,she raised her brows .
5887,`` do n't tell me you actually have those ?
5888,"i mean , i know you 're a metrosexual but really ? ''"
5889,"`` we all have our secrets , '' he replied ."
5890,he did n't have the heart to tell her that he had kept some of jade 's bath and body works stuff .
5891,"he might 've tried to bury them under the bathroom counter to get them out of sight and out of mind , but they were still there ."
5892,he rummaged around to pull out a vanilla bottle as well as a peach .
5893,he held them up to megan for her approval .
5894,"`` hmm , vanilla . ''"
5895,`` good choice . ''
5896,it was the one scent that did n't remind him of jade since she never used it .
5897,"he poured a healthy cupful under the water , letting the foam magnify ."
5898,`` ready to get in ? ''
5899,megan glanced down at herself before looking back at him .
5900,"`` well , i seem to still be dressed . ''"
5901,pesh cocked his head at her .
5902,`` oh really ?
5903,i can help you with that . ''
5904,he took the wine glass from her and sat it on the counter .
5905,his fingers came to the hem of her shirt .
5906,"without taking his eyes off of hers , he jerked it up and over her head ."
5907,"he gazed down at her simple , white bra ."
5908,she sucked in a breath when his fingers skimmed her abdomen before he gripped the waistband of her scrubs and tugged them down .
5909,"she stepped out of the pants , standing before him in only her bra and skimpy thong ."
5910,"taking her by the shoulders , he gently turned her around ."
5911,his fingers trailed down her back to the clasp of her bra .
5912,"once he unhooked it , he brought his hands up to slide it off her shoulders ."
5913,"unable to resist the softness of her skin , he bent his head to kiss along her back ."
5914,"as he dropped the bra to the floor , his hands skimmed up her ribcage to cup her br**sts ."
5915,"`` mmm , '' megan murmured , letting her head fall back against his chest ."
5916,"`` i 'm only supposed to be undressing you , '' he argued , as he let her br**sts fall free of his hands ."
5917,she immediately picked them up and brought them back to cup her flesh .
5918,`` i like the way you undress me .
5919,it 's very relaxing . ''
5920,"rolling her puckered ni**les between his fingers , he was rewarded with her gasp of pleasure ."
5921,"`` the water is getting cold , '' he warned ."
5922,"`` i 'm getting so hot , i can warm it up . ''"
5923,he chuckled against her ear before taking his hands away from her .
5924,"as she whined in protest , his fingers jerked her thong down over her thighs ."
5925,she raised her feet to step out of the underwear .
5926,`` all right .
5927,get in . ''
5928,"`` tease , '' she muttered , before walking over to the tub ."
5929,he only got to admire her na**d backside for a moment before she lowered herself into the tub and disappeared under the foam .
5930,"leaning back against the wall , she closed her eyes in bliss ."
5931,`` this feels amazing . ''
5932,`` good . ''
5933,`` but you know what would feel even better ? ''
5934,`` what ? ''
5935,"her eyes popped open , and she smiled invitingly up at him ."
5936,`` if you were in here with me . ''
5937,`` really ? ''
5938,"`` mmm , hmm . ''"
5939,"`` i should be finishing dinner , '' he argued , feebly ."
5940,megan eyed the growing bulge in his pants .
5941,`` i think you should be in here letting me finish you . ''
5942,he threw his head back and laughed .
5943,`` fine .
5944,"you drive a hard bargain , my lady . ''"
5945,he quickly unbuttoned and took off his shirt .
5946,then his fingers went to the button and zipper on his pants .
5947,"he slid them and his boxers down and stepped out of them , leaving him naked ."
5948,megan did n't take her eyes off him the whole time .
5949,"he shifted them in the water , bringing megan up to straddle him , but she was facing away from him ."
5950,`` what are you doing ? ''
5951,she asked .
5952,he brought his hands to her shoulders and started massaging the tense muscles .
5953,`` helping you relax . ''
5954,she ground herself against his erection .
5955,`` i was hoping a couple of orgasms would do that instead . ''
5956,he chuckled .
5957,`` do n't you believe in foreplay ? ''
5958,"`` yes , but not when i 'm this horny . ''"
5959,"bending his head , he let his warm breath tickle her outer ear ."
5960,"`` you , my love , are never going to be a candidate for tantric sex ."
5961,you will never allow yourself to enjoy delayed pleasure and release . ''
5962,"`` i want to try-honest , i do . ''"
5963,"`` but just not this evening , right ? ''"
5964,one of his hands abandoned her shoulder to slide down in between her legs .
5965,she gasped as his thumb rubbed against her clit .
5966,"as he continued stroking her with his thumb , he pushed two fingers into her slick passage ."
5967,megan whimpered and thrust her h*ps against him .
5968,pesh kissed and licked her wet neck and back as he pumped his fingers in and out of her .
5969,`` does that feel good ? ''
5970,"`` yes , oh yes , '' she murmured ."
5971,"he increased the pressure of his thumb , and megan shrieked , bucking her h*ps faster and faster against his fingers ."
5972,"when his other hand cupped and kneaded her breast , she cried out and came , her walls clenching against his fingers ."
5973,"once she finished shuddering , she collapsed back against him ."
5974,`` feeling better now ? ''
5975,`` a little . ''
5976,she twisted her body around to where she was facing him .
5977,`` i want you inside me the next time i come . ''
5978,she rose up and then took his erection in her hand .
5979,"while keeping her eyes on his , she guided him into her core ."
5980,"slowly , she sunk inch by inch on him ."
5981,"when she was fully seated , they both moaned at the feeling ."
5982,"at the intensity of what he felt inside her , pesh was thankful she had taken him up on the birth control script where he did n't have to use condoms anymore ."
5983,"she brought her hands up to his shoulders , and then she began to ride him ."
5984,his hands came to grip her waist as his head bent forward to suckle one of her ni**les into his mouth .
5985,his teeth grazed the bud before his tongue flicked and teased it into a hardened point .
5986,"throwing her head back , megan 's walls tensed and convulsed around him ."
5987,he knew he had a long way to go before he was going to come .
5988,"once she recovered , megan panted as she started riding him faster , causing the water to slosh around them ."
5989,"as his mouth latched onto her other breast , megan threw her head back and moaned ."
5990,"`` harder , '' she urged ."
5991,pesh continued sucking her nipple as he began to thrust his h*ps up in time to meet her movements .
5992,"each time he went a little deeper , and it caused megan to be more and more vocal ."
5993,she tugged at the strands of his hair and clawed at his chest as she strove harder and harder for her orgasm .
5994,"`` please , please , '' she panted , as her hands came to cup her own br**sts ."
5995,"as she pinched and tweaked her own ni**les , it was pesh 's undoing ."
5996,"shoving his hand down between her legs , he flicked her clit , sending her over the edge again ."
5997,her movements caused him to jerk once and then come in her .
5998,"once he finished shuddering and came back to himself , megan stared at him with an utterly satiated expression ."
5999,`` that was ... amazing . ''
6000,`` thank you . ''
6001,`` where did a nice boy like you learn to f**k ? ''
6002,pesh chuckled at her choice of language .
6003,"`` you know , a person 's reputation has nothing to do with how they are in the bedroom ."
6004,i 'm sure there are many tough biker dudes out there who would n't know a clitoris from a labia-if they even knew that terminology . ''
6005,"`` hmm , i suppose that 's true ."
6006,"my ex liked to think he was a ladies man , but half of the time , i had to take matters into my own hands if i was going to finish . ''"
6007,she shot him a wicked grin .
6008,"`` thankfully , i have a lover now who has the most amazing tongue and dick ."
6009,i never have to worry about coming now . ''
6010,`` and do n't you forget how amazing he is . ''
6011,"her expression turned solemn as she replied , `` i could never forget his attributes both in and out of the bedroom . ''"
6012,he smiled .
6013,`` i 'm glad to hear that . ''
6014,"after he gave her a somewhat chaste kiss , he asked , `` how about we test out my kitchen attributes now ? ''"
6015,`` sounds good .
6016,"i 'm starving , '' she replied , as she climbed out of the tub ."
6017,"pesh followed her out , handing her one of his plush towels ."
6018,"after she finished drying off , he gave her a terry cloth robe to put on ."
6019,she slid it on and tied the front together .
6020,`` wait here .
6021,i 'll bring it to you . ''
6022,`` dinner in bed ?
6023,that would be marvelous . ''
6024,he winked before heading out of the bedroom .
6025,he fixed two heaping platefuls of food .
6026,"after putting the plates on a tray , he got two bottles of water out of the fridge ."
6027,"when he got back to the bedroom , he found her lounging back against the pillows with an expression of pure relaxation ."
6028,"after he set the tray down on the bed , he smiled ."
6029,`` i want to try something with you . ''
6030,`` what is it ? ''
6031,she asked .
6032,"he undid the ties on his robe , letting it fall open ."
6033,"after shrugging it off his shoulders , he stood na**d before her ."
6034,megan 's eyes widened .
6035,`` what are you doing ? ''
6036,"without answering her , he climbed onto the bed ."
6037,his hands went to the lapels on her robe .
6038,he opened them and then pushed the robe open to her waist .
6039,"`` i thought we were eating dinner , '' she murmured huskily ."
6040,`` we are . ''
6041,"while her brows furrowed in confusion , he passed her a plate and a fork ."
6042,then he took his .
6043,"`` pesh , why are we eating dinner naked ? ''"
6044,`` i want to teach you about delayed gratification . ''
6045,`` the tantric stuff ? ''
6046,`` yes . ''
6047,she eyed him curiously .
6048,`` okay . ''
6049,"`` look into my eyes , '' he commanded ."
6050,"when her blazing blue eyes were trained on his , he brought a forkful of food to her mouth ."
6051,"`` open up , '' he said ."
6052,"her gaze held his as her tongue darted out , tentatively tasting the spicy rice ."
6053,"when she decided that she liked it , her mouth clamped over the fork ."
6054,"as she chewed , she still remained staring at him ."
6055,"`` feed me , '' he insisted ."
6056,she momentarily broke their eye contact to stare down at the plate .
6057,she speared a piece of lamb before bringing it to his mouth .
6058,"after he took in the bite , his tongue slid over his lips , licking up the remaining sauce ."
6059,something stirred in her at his action-a slight tremble .
6060,"he brought a piece of lamb to her mouth , and she wrinkled her nose ."
6061,`` i do n't like lamb . ''
6062,he nodded and then took the bite for himself .
6063,he then picked some of the vegetables and brought them to her .
6064,this time she took the forkful .
6065,"`` it 's very good , pesh . ''"
6066,`` i 'm glad you like it . ''
6067,"each time she took the fork into her mouth , he could n't help imagining that it was his c**k instead ."
6068,sitting na**d with her in such a close proximity had his juices beginning to flow .
6069,"when she lowered her gaze to eye her plate for his next bite , she caught sight of his growing erection ."
6070,"immediately , she started to put her plate down , but he stopped her ."
6071,`` not yet . ''
6072,"`` but you 're hard , and i 'm getting wet sitting here with you staring at me like you 're already buried inside me . ''"
6073,"`` that 's the point , my love ."
6074,how good do you think it 's going to be when i do finally get inside you ? ''
6075,"`` oh , '' she murmured ."
6076,"as she swept up a forkful of rice , she brought it to his mouth ."
6077,`` so how long do we do this ? ''
6078,she asked .
6079,`` until we clean our plates . ''
6080,she appeared both disappointed and frustrated at his response .
6081,"to give her something else to focus on , he brought the fork to her mouth ."
6082,"she took from him , chewing methodically while staring into his eyes ."
6083,"each time he fed her a bite , he tried conveying through his gaze what he was imagining doing to her ."
6084,"a bite of vegetables had him sucking her breast , his tongue flicking over her nipple ."
6085,a forkful of rice had his face buried in her wet core as he licked her juices .
6086,"as she chewed and swallowed , pesh could tell desire was overtaking her ."
6087,`` can i have some water ? ''
6088,she asked .
6089,"with a nod , he brought one of the bottles to her lips ."
6090,"she drank in long gulps , her eyes never leaving his ."
6091,"when she finished swallowing , she gave him a grateful smile ."
6092,"then in a flash , she tackled him , causing his plate to flip over onto the sheets ."
6093,`` megan ! ''
6094,he cried .
6095,she was too busy kicking out of her robe to care .
6096,"at the sight of smeared vegetables and rice on the sheet next to him , he began to laugh ."
6097,"his chest shook so hard that he wanted to clutch his stomach , but megan 's body was in the way ."
6098,"as she gazed down at him , he pushed the long , blonde strands of hair out of her face ."
6099,"`` i do n't believe we were finished eating , '' he chastised ."
6100,"she drew his bottom lip between her teeth , causing him to groan ."
6101,"at the same time , her wet core ground against his cock ."
6102,"`` i guess you 'll just have to punish me the next time , '' she replied ."
6103,"cupping her bu**ocks , he sent a resounding smack against one of her cheeks ."
6104,her eyes widened .
6105,"`` pesh nadeen , did you actually just spank my ass ? ''"
6106,he grinned up at her before smacking the other cheek .
6107,"`` mmm , i like this side of you , '' she murmured , before bringing her lips to his ."
6108,"as their tongues battled against each other , pesh flipped megan over onto her back ."
6109,"after spreading her legs , he buried himself deep inside her with one thrust ."
6110,"`` oh god , that feels amazing , '' she cried ."
6111,`` see how much better it is when you wait ? ''
6112,"he questioned , as he leisurely moved in and out of her ."
6113,"`` yes , mmm , it 's so good ."
6114,you 're right . ''
6115,"although her body trembled , she was n't close yet ."
6116,he continued his pace of slow strokes within her .
6117,then he took her legs and put them on his shoulders to where he could pump deeper inside her .
6118,"she moaned at the feeling , her hands sliding up above her head to grip the sheets ."
6119,"pesh ducked his head to bring his mouth to her br**sts , alternating between each one ."
6120,"as he felt her begin to tense up , he increased the pressure of his tongue on her ni**les , lightly grazing them with his teeth ."
6121,"and then she came apart beneath him , crying out and clasping her hands onto his shoulders ."
6122,"the sight of her was so alluring he could n't hold back , and he came in a rush inside her ."
6123,"when he 'd finished shuddering , he raised his head to gaze down at her ."
6124,"her eyelids fluttered open , and then she smiled sheepishly up at him ."
6125,`` sorry for being a tantric sex failure . ''
6126,he laughed .
6127,"`` baby , i do n't care about that one bit ."
6128,i like the fact you 're aggressive when it comes to f**king . ''
6129,her hands feathered over his back and down to his ass .
6130,"as she squeezed his cheeks , he sucked in a breath ."
6131,`` you 're very good at that . ''
6132,`` you think so ? ''
6133,"`` mmm , hmm . ''"
6134,`` how good are you at laundry ? ''
6135,"he asked , motioning to the leftover dinner that was now staining the sheets ."
6136,she swatted his ass playfully .
6137,`` i was planning on taking care of that . ''
6138,`` why do n't we get dressed and then sit down and really eat ? ''
6139,`` i think that sounds like a good idea . ''
6140,`` good .
6141,i want to make sure you 're feeling your best for what i have to ask you . ''
6142,"as he pulled himself off megan , her brows furrowed ."
6143,`` what is it ? ''
6144,`` ca n't it wait until we finish eating ? ''
6145,"rolling her eyes , megan said , `` you know i ca n't wait for things . ''"
6146,pesh sighed as he bent down to pick up his robe .
6147,"as he slid his arm through the hole , he met megan 's questioning gaze ."
6148,`` i wanted to invite you to dinner at my sister 's house this weekend . ''
6149,"`` okay , i think i can do that . ''"
6150,"tilting her head , she eyed him suspiciously ."
6151,`` why did you think i would need to be feeling my best for that ? ''
6152,`` it wo n't just be my sister and her husband .
6153,"all of my family will be there , including my parents . ''"
6154,megan 's eyes widened .
6155,`` you want to introduce me to your parents ? ''
6156,"`` yes , i would . ''"
6157,she nibbled on her bottom lip as she was prone to do when she was nervous .
6158,"`` but that would mean we 're pretty serious , right ? ''"
6159,"`` yes , '' he replied , with utter certainty ."
6160,"scooting to the edge of the bed , she gripped her gaping robe as best she could ."
6161,she stared up at him .
6162,`` you 're not the least bit worried what they 're going to say about you dating me ? ''
6163,"`` no , i 'm not . ''"
6164,the corners of her lips tugged up in a smile .
6165,"`` then i 'll go , '' she said softly ."
6166,`` really ? ''
6167,"when she bobbed her head , he rushed forward to wrap her in his arms ."
6168,"`` thank you , my love ."
6169,you 've made me very happy . ''
6170,`` you make me happy every day .
6171,it 's the least i can do . ''
6172,"with her head buried in pesh 's chest , she was finally able to let the smile she had plastered on fade into a frown ."
6173,"while she should have been elated that pesh wanted to introduce her to his family , she could n't help feeling overwhelmed ."
6174,what if they hated her ?
6175,what if their dislike caused pesh to not want to see her anymore ?
6176,she did n't want to think about what it would be like not having him in her life .
6177,"at the same time , it was hard processing all the emotions that pesh 's devotion made her feel ."
6178,davis had never wanted to introduce her to his parents .
6179,she met them by accident after one of his games .
6180,now she had a man who wanted nothing more than to share all aspects of his life with her .
6181,it was hard to process .
6182,"in the end , she could only hope that everything went well ."
6183,"chapter nineteen the following day at work when pesh found a lull in patients , he stepped into the nurses ' station ."
6184,"while he said hello to some of the other men and women of the nursing staff , he had a singular focus of getting to megan ."
6185,"when he joined her at the counter where she was doing paperwork , she jumped like he had tasered her ."
6186,"`` go away , '' megan hissed ."
6187,he chuckled .
6188,"`` you know , i think i can be seen back here in the nurses ' station without arising any suspicion ."
6189,"after all , i could be discussing a patient with you . ''"
6190,`` then you better start talking in patient codes very soon . ''
6191,`` i wanted to know if it would be all right to pick you up at seven on friday evening ? ''
6192,"when megan jerked her gaze off the chart she was working on , her blue eyes bulged in horror at him ."
6193,"in a low voice , she said , `` i can not believe you are talking about a date here at work ."
6194,do you care anything about my reputation ? ''
6195,he held his hands up defensively .
6196,`` i 'm sorry .
6197,i do n't know what i was thinking besides the fact that i missed you and wanted to talk to you . ''
6198,megan 's expression softened .
6199,"`` i 'm sorry , but we ca n't be that way here . ''"
6200,pesh opened his mouth to protest when a voice behind them cut him off .
6201,"`` do n't you two look cozy , '' kara mused ."
6202,pesh whirled around to find kara staring at them with venom burning in her eyes .
6203,"`` excuse me , but i need to get another chart off the carousel , '' megan said , with her head tucked to her chest ."
6204,"she turned to go , but kara reached out and grabbed her arm ."
6205,"`` if you do n't mind , exam room three needs a clean-up . ''"
6206,"`` kristi is the only one authorized to give me orders around here , '' megan replied ."
6207,kara pursed her ruby red lips .
6208,"`` insubordination and sleeping with a doctor-you really have a career death wish , do n't you ? ''"
6209,"megan started to protest , but pesh stopped her ."
6210,"glaring at kara , he said , `` i want to talk to you ."
6211,alone . ''
6212,"after shooting megan a triumphant look , kara let pesh lead her out of the nurses ' station and down the hall ."
6213,`` what in the hell do you think you 're doing ? ''
6214,he demanded .
6215,`` saving you from making a huge mistake .
6216,you do n't need a girl like that-you need a woman to take care of you . ''
6217,"when her hands started to snake up around his neck , pesh grabbed them ."
6218,`` do n't touch me ! ''
6219,he snarled .
6220,a sultry smile spread across her face .
6221,`` you liked when i touched you before . ''
6222,"`` that was one time-a drunken mistake that i regret daily , and i never intend on making again . ''"
6223,she narrowed her eyes at him .
6224,`` so you 're throwing me aside for a young bimbo ? ''
6225,`` do not speak that way about megan ever again .
6226,do you hear me ? ''
6227,`` and do you really feel that she thinks you 're worth throwing her career away for ? ''
6228,pesh closed the gap between them .
6229,"looming over kara , his entire body shuddered in anger ."
6230,"`` listen to me when i say that if you threaten to expose megan one more time , i will make life a living hell for you ."
6231,"as the supervising physician over the er , i can have you shipped off to some hellhole far from here . ''"
6232,he glared down at her .
6233,`` do you understand me ? ''
6234,she slowly nodded her head as the realization that there was nothing between them finally dawned on her .
6235,"`` if you 'll excuse me , i need to go clean my exam room . ''"
6236,"as she hurried past him , pesh exhaled a breath of relief ."
6237,"he never used that tone of voice with women , or men for that matter , unless he was absolutely pushed to do so ."
6238,but kara 's previous behavior and the way she 'd acted today had forced him to become what he was n't .
6239,"at the feel of a hand on his back , he whirled around ."
6240,megan gave him a beaming smile .
6241,`` my hero ! ''
6242,he laughed at her expression and words .
6243,`` you do n't have to worry about her harassing you or me for that matter .
6244,i took care of things . ''
6245,`` i heard you . ''
6246,he grimaced .
6247,`` you did ? ''
6248,she nodded .
6249,`` it was amazing . ''
6250,`` i 'm glad you thought so . ''
6251,`` i 've never had a man take up for me like that before . ''
6252,pesh shook his head .
6253,`` that 's a shame . ''
6254,"`` if we were n't in the middle of the er 's hallway , i 'd kiss you to show my gratitude . ''"
6255,he smiled .
6256,`` i 'll gladly take a rain check . ''
6257,`` oh you will ?
6258,that 's good to know . ''
6259,"lowering his voice , he said , `` i 'll expect that kiss later tonight when we 're alone ."
6260,and i do n't just want it on the lips . ''
6261,his brows rose .
6262,`` i want it on several places on my body . ''
6263,megan grinned .
6264,`` i think that can be arranged . ''
6265,`` i 'll be looking forward to it . ''
6266,`` dr .
6267,nadeen ? ''
6268,a nurse called from the top of the hall .
6269,`` yes ? ''
6270,`` you 're needed in rxam room four . ''
6271,"`` as soon as i finish this patient consultation , i 'll be there , '' he replied ."
6272,"at his blatant lie , megan covered her mouth to hide her giggling ."
6273,`` i have to go .
6274,but can i come over tonight ? ''
6275,`` yep .
6276,"let me get mason fed and bathed , and then i 'm yours . ''"
6277,`` see you later . ''
6278,he winked at her before he turned and started down the hall .
6279,a few nights later pesh found himself speeding along the quiet streets of megan 's neighborhood .
6280,his phone dinged once again .
6281,"slowing down , he took a peek to make sure it was n't the hospital ."
6282,he was n't too surprised to find it was another text from megan .
6283,"he could tell from the way she had been frantically texting him that afternoon and evening that she was nervous , which was totally surprising to him ."
6284,she was so strong and fearless that it was hard for him to imagine her ever feeling nervous .
6285,but he supposed that in megan 's mind she had good cause to be nervous as tonight he was introducing her to his family .
6286,"after he picked her up , they were going to his sister , shveta 's , house for dinner ."
6287,"his parents , along with at least one of his brothers , would be there ."
6288,"although he had spent a lot of time with her family , it had n't quite meant the same thing as her spending time with his ."
6289,he did n't know if her nerves stemmed from simply meeting his family or if they were from the fear of how far their relationship had progressed in the last few months .
6290,he turned into the driveway at ten after seven .
6291,"he did n't even get up the front porch steps before the door flew open , and megan rushed out ."
6292,her diminutive figure wobbled a little on the black high heels she was sporting .
6293,"she wore black pants , and a dressy red top that had a lot of beading ."
6294,"it reminded him of the kurta , a style that women from his culture wore ."
6295,he wondered if she had chosen it for that reason .
6296,"`` you look beautiful , '' pesh murmured , leaning in to kiss her tenderly ."
6297,"when she did n't warm to his touch , he gazed down at her ."
6298,`` what 's wrong ? ''
6299,"rolling her eyes , she snapped ."
6300,"`` duh , i 'm really nervous . ''"
6301,`` you 're really that worried about my family 's opinion of you ? ''
6302,she threw up her hands .
6303,"`` of course , i am ."
6304,your family is very important to you .
6305,i do n't want ... '' she tore her gaze from his .
6306,`` you do n't want what ? ''
6307,he pressed .
6308,`` i do n't want to bring shame to you . ''
6309,he bit down on his lip to keep from laughing at her .
6310,he could n't believe megan was so concerned with his family 's opinion .
6311,his heartbeat accelerated at the thought .
6312,it had to mean she really was falling in love with him .
6313,he brushed a silky strand of blonde hair out of her face .
6314,"`` sweetheart , you 're not the first american girl i 've brought home with me . ''"
6315,"`` yes , i 'm well aware of that ."
6316,i 'm also aware of the fact of how well your family loved and accepted jade .
6317,it might not be the same way with me . ''
6318,she stared up at him .
6319,"`` i 'm not like her , pesh ."
6320,i 'm not meek and good-hearted . ''
6321,he shook his head .
6322,`` that 's not true .
6323,you are good-hearted .
6324,i see that part of you each and every day . ''
6325,"cupping her chin with his fingers , he brought her gaze to his ."
6326,"`` you saw my brother , dev ."
6327,"through all of his missteps and antics , my parents still love him very much ."
6328,so i promise you there is nothing you can do to where they wo n't like you or where you 'll bring shame on me .
6329,okay ? ''
6330,she gave a reluctant nod .
6331,`` okay . ''
6332,"taking her by the hand , he led her off the porch ."
6333,"once he 'd gotten her in the car , he went around and slid into the driver 's seat ."
6334,"when pesh cranked up the car , megan gasped in horror ."
6335,`` what ? ''
6336,he asked .
6337,she motioned to the clock on the dash .
6338,"`` oh my god , we 're going to be late ."
6339,can i make a worse first impression ? ''
6340,pesh laughed .
6341,"`` maybe i should tell you a few things , etiquette wise , so tonight will go a little easier . ''"
6342,`` what does that have to do with us being late ? ''
6343,`` because it 's considered good form to arrive thirty minutes late . ''
6344,`` seriously ? ''
6345,`` yes . ''
6346,"`` huh , i did n't know that . ''"
6347,"`` well , how could you ? ''"
6348,`` i tried doing a little research .
6349,"i even watched monsoon wedding , '' she said ."
6350,pesh laughed .
6351,`` did you now ? ''
6352,"`` yeah , it was pretty good ."
6353,i kinda hated there were n't more dance numbers and songs . ''
6354,"`` megan , i 'm pretty sure none of my family is going to break out into song like in a bollywood movie tonight , '' he said , with amusement ringing in his voice ."
6355,she rolled her eyes .
6356,"`` i did n't expect them to , smart-ass . ''"
6357,he tsked at her .
6358,`` so testy tonight . ''
6359,"after exhaling a long breath , she gave him an apologetic smile ."
6360,`` i 'm sorry i 'm so bitchy . ''
6361,`` you 're not bitchy . ''
6362,`` and you 're lying . ''
6363,"`` regardless of your out-of-control emotions , i know that my family is going to love you just as much as i do . ''"
6364,the moment the words left his lips he grimaced .
6365,there was the big l word .
6366,"they had n't actually exchanged it yet , and now he 'd managed to screw up and say it before he could find the right time ."
6367,"`` oh god , did you have to say that now ?"
6368,like i 'm not nervous enough ! ''
6369,"`` i 'm sorry , '' he murmured ."
6370,"burying her head in her hands , she groaned ."
6371,`` this is ... you are ... i ... ''
6372,"`` look , you don't- '' `` i love you , too ! ''"
6373,she shouted from behind her hands .
6374,"his hands jerked on the wheel , and he sent the car careening onto the emergency lane ."
6375,"when he recovered and got the car back into the right lane , he dared himself to look over at her ."
6376,she peeked at him through her fingers .
6377,"`` i love you , pesh ."
6378,i really f**king do . ''
6379,"`` oh megan , '' he whispered ."
6380,"pulling her hands away from her face , she gave him a genuine smile ."
6381,`` i love you more than any man i 've ever known . ''
6382,`` i love you more- '' suddenly he found himself unable to continue .
6383,did he love her more than he had jade ?
6384,he had spent years with jade and had only months with megan .
6385,"if he did love megan more , what did that say about his relationship with jade ?"
6386,she reached over and took one of his hands in hers .
6387,"`` hey , you do n't have to say what i said ."
6388,our situations are completely different . ''
6389,he clenched and unclenched his jaw .
6390,"`` no woman wants half a man 's heart , '' he argued ."
6391,`` but i know it is n't half your heart .
6392,"and i would n't want you to stop loving me just because i died , so why would i expect you to do the same with jade ? ''"
6393,"`` it 's not fair to you , '' he croaked ."
6394,"`` life 's not fair , baby ."
6395,you have to get used to that one . ''
6396,she squeezed his hand .
6397,"`` besides , i know what i feel when i feel your love ."
6398,there 's no half about it .
6399,you love me with all your heart and soul . ''
6400,`` i do .
6401,i honestly do . ''
6402,"unfastening her seat belt , she lunged over to kiss him ."
6403,"when she started to deepen the kiss , he had to pull away ."
6404,"`` hey now , you got ta stop that or we 're not going to make it to my parents . ''"
6405,she giggled and then eased back down into her seat .
6406,she managed to behave herself the remaining five minutes .
6407,"when he pulled into his parents drive , he saw it was already crowded with cars ."
6408,"the sight of so many people set megan off , and she began tapping her fingers nervously on her leg ."
6409,`` ready ? ''
6410,"he asked , as he turned to her ."
6411,"`` as i 'll ever be , '' she muttered ."
6412,he shook his head as he got out of the car .
6413,"like always , he opened her car door and helped her out ."
6414,"as they started up the sidewalk , megan was a flurry of movement ."
6415,she smoothed down her hair and then she adjusted her top .
6416,then she fiddled with her purse on her shoulder .
6417,"`` quit fidgeting , '' pesh whispered , as he rang the doorbell ."
6418,`` i ca n't help it .
6419,i 'm nervous . ''
6420,he grinned down at her .
6421,"`` megan , they 're going to love you ."
6422,i promise . ''
6423,she shook her head .
6424,`` they 're going to hate me because i 'm not a submissive indian woman .
6425,wait until they hear i had a child out of wedlock .
6426,they 'll be ready to disown you then . ''
6427,"the door flew open , cutting off the rest of their conversation ."
6428,"`` brother , it 's so good to see you ! ''"
6429,"his brother-in-law , sanjay , cried ."
6430,"after he hugged pesh , his gaze went to megan ."
6431,"his eyes widened , and he gasped in surprise ."
6432,"`` uh , hello . ''"
6433,"`` hi , '' megan said ."
6434,sanjay gave pesh a curious look .
6435,`` you did n't tell me you were bringing company . ''
6436,`` this is megan . ''
6437,"with a self-assured tone , he added , `` she 's my girlfriend . ''"
6438,`` really ?
6439,"well , what about that ? ''"
6440,sanjay gave megan a welcoming smile .
6441,`` we 're so glad to have you . ''
6442,"`` thank you , '' megan replied ."
6443,"as sanjay turned to go into the living room , megan smacked pesh 's arm ."
6444,`` you did n't tell them you were bringing me ? ''
6445,he shook his head .
6446,"`` no , i like the element of surprise when it comes to my love life . ''"
6447,`` s-seriously ? ''
6448,she sputtered .
6449,`` it 's better this way .
6450,trust me . ''
6451,"before she could say anything else , pesh started taking off his shoes ."
6452,"wide-eyed , megan watched him ."
6453,"quickly , she stepped out of her heels and put them in the pile next to his ."
6454,`` more etiquette you forgot to tell me ? ''
6455,she hissed .
6456,he patted the small of her back .
6457,`` you 're fine . ''
6458,"as they came into the living room , pesh felt megan tense at his side ."
6459,he supposed that it was overwhelming coming into a room packed full of strangers .
6460,"his sister , shveta , came forward first ."
6461,`` hello brother .
6462,you 're looking well this evening . ''
6463,`` thank you .
6464,so are you . ''
6465,he hugged her tight .
6466,"as he pulled away , he glanced down at her swollen belly ."
6467,`` and how is the future prince doing ? ''
6468,shveta smiled and brought her hand to her abdomen .
6469,`` he 's busy kicking me at the moment . ''
6470,"when she spied megan behind him , she gasped ."
6471,`` and who is this ? ''
6472,he drew in a breath and gazed around his family .
6473,"`` before i go through this with each and every one of you , i might as well get it out of the way ."
6474,"i want to introduce you to someone very special , my girlfriend , megan . ''"
6475,deafening silence reverberated around the room after his statement .
6476,his mother and father exchanged a glance before staring back at pesh .
6477,megan tucked herself even closer to his side .
6478,"although public displays of affection between men and women were frowned upon in his culture , he wrapped his arm around her waist ."
6479,"`` well , say something , '' he commanded ."
6480,"`` we 're sorry , son ."
6481,"it 's just you caught us off guard , '' his mother said ."
6482,his father 's bushy brows rose .
6483,"`` so you 're really dating , eh ? ''"
6484,"`` yes , i am . ''"
6485,"at his declaration , his father clapped his hands and grinned ."
6486,`` that is most wonderful to hear ! ''
6487,he came forward to embrace megan .
6488,`` you are very welcome here . ''
6489,"`` thank you , '' she said ."
6490,"`` i 'm charlie , '' his father introduced ."
6491,"`` megan , '' she replied , with a small smile ."
6492,pesh peered past his father where his mother stood chewing her lip .
6493,"he could tell she was n't entirely happy that another blonde-haired , blue-eyed woman was standing beside her son ."
6494,"while shveta and arjan had both sought out indian partners to marry , he and dev were somewhat the black sheep since they had n't chosen to settle down with women within their culture ."
6495,"finally , his mother 's manners won out over anything else , and she stepped forward to shake megan 's hand ."
6496,`` i 'm lavani .
6497,it 's nice to meet you . ''
6498,"`` nice meeting you , too , '' megan replied ."
6499,the room then fell into an awkward silence .
6500,"pesh glanced around , willing someone to say something ."
6501,his mother cleared her throat .
6502,`` i 'll go and finish up dinner . ''
6503,"as she started into the kitchen , shveta followed her , along with arjan 's wife ."
6504,"since it was customary for women to be in the kitchen , pesh found it to be only megan left with the men ."
6505,it did n't go without her notice either .
6506,`` should i go and offer to help ? ''
6507,"she questioned , in a whisper ."
6508,`` sure .
6509,that would be nice . ''
6510,"her expression told him that she really did n't want to leave his side , but she did anyway ."
6511,"once she was out of earshot , pesh found everyone 's eyes on him ."
6512,`` what ? ''
6513,charlie chuckled .
6514,"`` you even have to ask , my son ? ''"
6515,"`` so ask your questions and get it over with before megan comes back in here , '' he replied , as he collapsed onto the couch ."
6516,"he faced a barrage of questions about where they met , how long they had been seeing each other , and how serious was it ."
6517,he mustered as much patience as he could to answer them all .
6518,"when he was finished , the men sat back in surprised silence ."
6519,"`` i never thought i would see the day , '' his father mused ."
6520,sanjay shook his head .
6521,"`` oh , i knew the day would come ."
6522,i saw that when he was out with emma . ''
6523,charlie 's brows furrowed .
6524,`` emma ? ''
6525,pesh pinched his eyes shut and wished his brother-in-law did n't have such a good memory .
6526,`` just a friend . ''
6527,"with a snort , sanjay replied , `` you certainly did n't look at her like she was a friend , even if she was pregnant . ''"
6528,`` you were with a pregnant woman ? ''
6529,charlie asked .
6530,`` alpesh how could you ? ''
6531,his mother demanded from the doorway .
6532,`` how could i what ? ''
6533,pesh asked .
6534,lavani 's expression was horror stricken .
6535,`` get a woman ... in the family way . ''
6536,pesh rocketed off the couch .
6537,he glanced past his mother to where megan stood .
6538,`` you 're ... ? ''
6539,he could n't even form the words .
6540,megan 's face flushed blood red .
6541,`` no !
6542,"of course , i 'm not ! ''"
6543,lavani gave him a confused look .
6544,"`` not her , '' she replied , pointing at megan ."
6545,`` this emma that sanjay speaks of . ''
6546,"bringing his hand to his forehead , he rubbed furiously to try to ward off the ache that was starting to pound in his head ."
6547,everything was getting shot to hell so fast .
6548,"`` first of all , emma and i were never intimate ."
6549,she was pregnant by the man she is now married to .
6550,"yes , i took her to the opera with sanjay and shveta , but there was nothing really between us . ''"
6551,he shook his head and could n't help wondering if he would ever have to stop explaining what had happened between him and emma .
6552,"`` second of all , could everyone just back off for a second ?"
6553,"i mean , you 're not exactly giving megan a very good impression of our family . ''"
6554,a nervous laugh erupted from megan 's lips .
6555,"she covered her mouth with her hand , trying to hide her giggling ."
6556,"he winked at her , and she lowered her hand to smile at him ."
6557,"`` fine , fine ."
6558,"now that we 've cleared all that up , why do n't we eat ? ''"
6559,lavani suggested .
6560,"`` that sounds wonderful , '' charlie replied ."
6561,"as they made their way into the dining room , pesh went to megan 's side ."
6562,`` you surviving okay ? ''
6563,he whispered .
6564,`` i 'm hanging in there .
6565,i may need a drink when we leave . ''
6566,"`` just no silver tequila for you , '' he mused ."
6567,"without the others catching her , megan smacked his arm ."
6568,"`` ass , '' she hissed under her breath ."
6569,he chuckled as he held out the chair for megan .
6570,"`` thank you , '' she said before sitting down ."
6571,he then eased in beside her .
6572,"as the dishes began making their way around the table , he felt megan kick him ."
6573,"when he glanced at her in surprise , she whispered , `` where is the silverware ? ''"
6574,`` we eat with our hands . ''
6575,`` seriously ? ''
6576,`` yes . ''
6577,he leaned over to whisper in her ear .
6578,`` but do n't use your left hand because it 's considered rude . ''
6579,she jerked back to stare wide-eyed at him .
6580,"`` i 'm left handed , '' she protested ."
6581,he fought the urge to smile at her horror .
6582,he could tell that she would rather die than do something to embarrass him in front of his family .
6583,`` you 'll be fine .
6584,they wo n't expect as much out of you since you 're american . ''
6585,"`` alpesh , whatever is it that you 're whispering about ? ''"
6586,"lavani asked , narrowing her eyes at him ."
6587,`` i was just telling megan what a wonderful cook you are .
6588,"she loves indian food , so i 'm sure she 's in for a treat . ''"
6589,pesh squeezed megan 's knee under the table .
6590,she cut her eyes over to him and smiled .
6591,"once the plates had been passed around and everyone served , they began to eat ."
6592,"`` mmm , the samosa is delicious , '' megan complimented ."
6593,"`` thank you , '' lavani replied , with a beaming smile ."
6594,"as his mother turned her attention to shveta , pesh bowed his head and spoke in a low voice to megan ."
6595,`` once i tried bribing beau with some samosa . ''
6596,she laughed .
6597,`` you did ?
6598,why ? ''
6599,`` i was at aidan 's house checking on emma when she was on bed rest .
6600,i guess you could say he did n't like me invading his turf . ''
6601,`` would he not take it from you ? ''
6602,"`` oh , he took it , ate it , and seemed to enjoy it ."
6603,but i did n't make any friends that night . ''
6604,megan grinned .
6605,`` good old beau . ''
6606,pesh raised his brows .
6607,`` you 're siding with the dog ? ''
6608,"`` in that scenario , yes ."
6609,he was merely protecting emma and noah . ''
6610,`` i see . ''
6611,"tilting her head at him , she added , `` besides , i do n't like any scenario where you and emma are anything more than friends . ''"
6612,"`` i was there in a medical capacity , '' he argued ."
6613,she wagged her finger at him .
6614,`` you brought dinner with you .
6615,that fact alone shows you were there for more than just practicing medicine . ''
6616,"when he quickly pushed her finger down , she gave him a look that was a cross between puzzled and infuriated ."
6617,`` are you trying to silence me ? ''
6618,"`` no , i 'm just helping you save face ."
6619,we do n't point-it 's considered rude . ''
6620,megan 's eyes widened .
6621,`` i 've done something else wrong now ? ''
6622,`` you 're fine . ''
6623,she shook her head .
6624,"`` next time , you better plan on giving me a crash course in indian culture before you even think about bringing me around your family . ''"
6625,"across the table from them , shveta cleared her throat ."
6626,"when pesh and megan glanced at her , she smiled ."
6627,"`` you 're doing fine , megan ."
6628,please do n't worry about following all the rules of our culture .
6629,we certainly do n't expect you to . ''
6630,megan returned shveta 's smile .
6631,`` thank you .
6632,i would never dream of doing anything to offend you . ''
6633,"`` of course you would n't , '' charlie replied ."
6634,pesh did n't dare sneak a peek at his mother .
6635,"after all , she was the one who upheld the traditions and customs of their heritage while his father had tried to americanize himself as much as possible , right down to changing his name ."
6636,charlie dabbed the corners of his mouth with his napkin .
6637,"`` i understand you have a son , megan . ''"
6638,she smiled .
6639,"`` yes , mason is almost two ."
6640,he 's my entire world . ''
6641,`` you should have brought him with you this evening .
6642,"we would have loved to meet him , '' shveta said ."
6643,`` maybe next time .
6644,"of course , after you see how much energy he has , you might change your mind . ''"
6645,"as the table laughed , she glanced over at pesh ."
6646,"`` mason truly adores pesh , and pesh is so good with him ."
6647,his patience is infinite . ''
6648,pesh smiled .
6649,`` he 's a good boy .
6650,i enjoy spending time with him . ''
6651,`` so it 's serious between you two ? ''
6652,lavani asked .
6653,"`` uh , well- '' megan began before she was interrupted by the doorbell ."
6654,sanjay rose out of his chair .
6655,`` that must be dev . ''
6656,`` how surprising that he 's so late ? ''
6657,shveta mused with a smile .
6658,pesh almost laughed at the horrified expression on megan 's face at the mention of dev .
6659,`` you did n't tell me he was going to be here ! ''
6660,she hissed .
6661,`` i was n't sure if he was coming or not .
6662,but do n't worry .
6663,things are fine between us now . ''
6664,megan gave him a skeptical look as dev walked into the dining room .
6665,"`` hey everybody , '' he said , throwing up a hand ."
6666,"at the sight of megan sitting next to pesh , dev 's eyes widened ."
6667,"`` well , well , if it is n't miss right hook , '' he mused with a smirk ."
6668,"`` it 's miss left hook , actually , '' she corrected ."
6669,dev grinned .
6670,`` good to know . ''
6671,"`` you 've met megan , dev ? ''"
6672,lavani asked curiously .
6673,`` we had the pleasure of meeting each other one day when i went by the hospital to see alpesh . ''
6674,"at megan 's sharp intake of breath , dev winked at her ."
6675,he then eased down across from them and began piling food on his plate .
6676,"`` so you guys work together and now you 're dating , huh ? ''"
6677,"`` yes , '' pesh replied ."
6678,"after taking a bite of his samosa , dev motioned at them while he chewed ."
6679,"`` alpesh is sort of your boss , right ? ''"
6680,pesh could feel megan 's anger rising .
6681,"`` no , actually he is n't ."
6682,"i have a preceptor , or head nurse , who is my boss ."
6683,"and before you can make it sound any seedier , it is n't against the hospital rules to date each other ."
6684,"besides , we met each other long before i started working at wellstar . ''"
6685,`` is that right ? ''
6686,dev replied .
6687,"`` yeah , it is . ''"
6688,a slow grin slunk across his face .
6689,"`` i like you , '' he said to megan ."
6690,`` you have an interesting way of showing it . ''
6691,charlie chuckled at the head of the table .
6692,"`` my , my , alpesh , have n't you picked a feisty one ? ''"
6693,"pesh glanced at megan , who had flushed the red color of her blouse ."
6694,she gave charlie a weak smile .
6695,`` i apologize . ''
6696,"with a tsk , charlie replied , `` please do n't ."
6697,it 's been rather refreshing to see you putting dev into his well-deserved place .
6698,"i understand you punched him , too . ''"
6699,"when his mother gasped in horror , megan fumbled under the table for pesh 's hand ."
6700,he squeezed it reassuringly as she ducked her head .
6701,"`` um , well , i 'm sorry to say that i did . ''"
6702,"`` in megan 's defense , i totally deserved it ."
6703,i punched alpesh and said some really shitty things . ''
6704,`` dev ! ''
6705,lavani cried .
6706,"in true dev fashion , he rolled his eyes at his mother 's outrage ."
6707,`` we 're fine now .
6708,everyone calm down . ''
6709,he met pesh 's gaze .
6710,"`` i 'm happy for you , brother ."
6711,you 've made a good choice . ''
6712,he cut his eyes over to megan .
6713,`` i hope you both will be very happy together . ''
6714,pesh was taken aback by the sincerity in both dev 's words and his expression .
6715,`` thank you . ''
6716,megan nodded .
6717,"`` yes , thank you . ''"
6718,"dev leaned back in his chair , clasping his hands behind his head ."
6719,"`` and now to ensure that my news overshadows any excitement brought on by the two of you , i 'd like to announce that i 'm getting married next month- '' lavani once again gasped in horror ."
6720,but dev was n't finished .
6721,`` and i 'm going to be a father . ''
6722,pesh 's mouth gaped open as the table erupted in absolute pandemonium .
6723,he wondered if his mother was going to pass out .
6724,"turning to megan , he found her with her napkin over her mouth ."
6725,"from the way her shoulders were moving up and down , he could tell she was laughing ."
6726,he leaned over to whisper in her ear .
6727,"`` guess we 're off the hook , huh ? ''"
6728,she grinned .
6729,"`` yeah , i think we 're good . ''"
6730,`` i love you . ''
6731,`` i love you more . ''
6732,"chapter twenty now that he and megan were an official couple who had said the `` l '' word , pesh no longer had days off where he had to wonder how to pass the time ."
6733,"he wanted to spend every waking minute with her and with mason , and she always made sure that they had time together ."
6734,"today found him at patrick 's house , wedged on the couch between some of megan 's male family members ."
6735,"just like at his parents , the women were all stationed in the kitchen , putting the finishing touches on sunday lunch ."
6736,"as soon as becky came in the living room and announced it was time to sit down , there was a stampede to the dining room ."
6737,"he followed slowly behind the others , searching for megan who he felt like was his lifeline in the crowd ."
6738,`` where 's aidan and emma ?
6739,"they 're never late , '' angie remarked , as she sat a giant platter on the table ."
6740,liz shrugged .
6741,`` they have n't called .
6742,"we could go ahead and get started , and then they can start when they get here . ''"
6743,john pulled out a chair .
6744,`` good .
6745,i 'm starving . ''
6746,becky rolled her eyes .
6747,`` you 're always starving .
6748,"between you and percy , we 're going to be eaten out of house and home . ''"
6749,pesh hung back as the others started taking their seats at the massive mahogany table .
6750,"regardless of how welcoming the fitzgerald 's had been , he still could n't help feeling like an outsider ."
6751,megan came in carrying a plate of ham .
6752,"after she deposited it on the table , her gaze searched the room for him ."
6753,"when she spotted him , she gave him the smile that always warmed his heart before crooking her finger at him ."
6754,"as he started to join her , mason came running in ."
6755,"`` get me , esh , '' he urged , holding his hands up ."
6756,pesh grinned as he stooped over to pick mason up .
6757,`` are you hungry ? ''
6758,pesh asked .
6759,"`` uh , huh . ''"
6760,`` are you going to sit with me or pesh ? ''
6761,megan asked .
6762,"`` esh , '' he replied ."
6763,`` is that okay with you ? ''
6764,megan asked .
6765,`` we 'll be fine . ''
6766,she motioned for him to have a seat .
6767,"just as they sat down , aidan appeared in the doorway of the dining room with noah in his arms ."
6768,`` sorry we 're late . ''
6769,`` where 's emma ? ''
6770,"megan asked , as she took noah from aidan ."
6771,"with a grimace , aidan said , `` she is n't feeling well ."
6772,it seems that with this pregnancy she 's having third trimester morning sickness .
6773,"i told her i would stay home with her , but she insisted i come get a good meal . ''"
6774,`` poor thing .
6775,"we 'll fix her a plate for you to take home to her later on , '' megan said ."
6776,aidan smiled .
6777,`` thanks .
6778,"if she can eat it , i know she 'll be grateful . ''"
6779,patrick clicked his fork against his water goblet .
6780,`` is everyone here that 's supposed to be here ? ''
6781,"a chorus of , `` yes , '' rang around the room ."
6782,`` good .
6783,let 's return thanks . ''
6784,pesh obediently bowed his head along with the others .
6785,"when patrick finished , the dishes were passed around and food was served ."
6786,"it was certainly a lot different than how his family did it , but he still enjoyed being with megan 's family ."
6787,"while mason ate off his plate , megan gave aidan a break by feeding noah , or more appropriately letting him drape her in food while he fed himself ."
6788,"`` you 're a mess , '' megan said , into noah 's carrot-and-corn crusted face ."
6789,his response was to grin at her .
6790,"`` i 'm sorry , mister , but that cute little grin is n't going to work for me . ''"
6791,"`` he 's so stubborn , '' aidan said ."
6792,`` a stubborn fitzgerald ?
6793,"i 've never heard of such , '' becky joked across the table ."
6794,aidan shook his head .
6795,`` i 'm serious .
6796,"he refuses to let me or em feed him , and then he ends up wearing more than he eats . ''"
6797,"`` sounds like his father , '' angie mused ."
6798,"when aidan gave her an exasperated look , she said , `` you were the exact same way ."
6799,i do n't think you ate a meal until you were two that mother did n't have to hose you off after you finished . ''
6800,aidan grunted .
6801,`` do n't tell em that story .
6802,she already blames me enough for noah 's stubbornness . ''
6803,megan smiled .
6804,`` let 's hope that this next baby has emma 's temperament . ''
6805,"`` like she is n't stubborn , '' aidan countered ."
6806,"`` much less than you are , '' megan replied ."
6807,"pursing his lips , he appeared to be surveying her words ."
6808,"`` you might have a point , '' he said , with a grin ."
6809,"after everyone finished eating , the adults lounged around the table talking and laughing while the kids went into the living room ."
6810,both mason and noah wanted to go with the bigger kids .
6811,`` will you keep an eye on them ? ''
6812,megan asked percy .
6813,"`` sure , '' he replied ."
6814,"`` i owe you , perce , '' aidan said , as percy took the boys by the hand ."
6815,"as he sat with his arm draped over the back of megan 's chair , pesh enjoyed listening to the lively conversation around him ."
6816,occasionally one of aidan 's sisters would ask him a question or his opinion .
6817,"he had always been naturally quiet , and when he got in the midst of such a lively bunch , he tended to be even quieter ."
6818,"he realized if he was going to truly fit in , he was going to have to speak up more ."
6819,their conversation was interrupted by a shriek that came from the living room followed by a loud wail .
6820,aidan was out of his chair in a flash while megan was close on his heels .
6821,mason came running into the dining room .
6822,`` what happened ? ''
6823,pesh asked .
6824,`` noah got hurted . ''
6825,aidan reappeared in the dining room with noah in his arms .
6826,`` he 's fine .
6827,he just fell down . ''
6828,"taking noah 's hand , aidan said , `` here daddy will kiss the booboos away , okay ? ''"
6829,noah sniffled and bobbed his head .
6830,"once aidan finish with his hand , noah stuck out his leg ."
6831,aidan smiled .
6832,`` okay . ''
6833,"once he bent down to noah 's leg and kissed it , he asked , `` are you daddy 's boy ? ''"
6834,`` uh-huh . ''
6835,angie chuckled .
6836,`` that 's not fair to do that when emma is n't here . ''
6837,"as the others laughed , pesh glanced at mason ."
6838,he was staring at aidan and noah with a contemplative look on his face .
6839,never in a million years could he have imagined what he would do next .
6840,mason crawled up into his lap and patted pesh 's chest .
6841,`` esh mace 's daddy .
6842,mace daddy 's boy . ''
6843,conversation in the dining room silenced .
6844,"without even looking up , pesh felt his skin singing under the burn of everyone staring at him and mason ."
6845,there was no way he could deny the boy when he wore such an expression of happiness .
6846,"`` yes , you 're daddy 's boy . ''"
6847,a strangled cry caused him to snap his gaze from mason over to megan .
6848,"wide-eyed and open mouthed , she blinked a few times as if she were trying to believe that what she was seeing was real ."
6849,"then without another word , she bolted from her chair and fled the room ."
6850,pesh sat in a shocked silence for a few seconds trying to decide what to do .
6851,"bending over , he whispered into mason 's ear , `` will you go back and play with the others ?"
6852,i need to check on mommy . ''
6853,"when mason nodded , pesh gently sat him back down on the floor ."
6854,"after he raced out of the dining room , pesh finally glanced at the others ."
6855,"`` excuse me , '' he said , before rising out of his chair ."
6856,he made his way down the hallway .
6857,he did n't have to look hard for megan-she was in the one bedroom with the door closed .
6858,he rapped lightly on the wood .
6859,"when she did n't answer , he went ahead and opened the door ."
6860,he found her sitting on the edge of the bed with her head in her hands .
6861,he went over and sat down next to her .
6862,"tentatively , he put his hand on her back ."
6863,`` i 'm sorry for not setting mason straight and telling him i was n't his daddy .
6864,"he looked so happy , and i did n't want to hurt him . ''"
6865,"with her elbows braced on her knees , megan turned her head to look at him ."
6866,tears streamed down her cheeks .
6867,`` you think i 'm angry at you ? ''
6868,he nodded his head .
6869,she hiccupped a cry .
6870,"`` oh pesh , you 're so naive sometimes ! ''"
6871,he jerked back at her words .
6872,`` excuse me ? ''
6873,"`` just when i think i ca n't love you more , you go and do something like that . ''"
6874,"before he could process her words , she threw herself at him , kissing his cheeks and mouth ."
6875,she straddled his lap and brought her hands around his neck .
6876,"`` you really love mason , do n't you ? ''"
6877,`` of course i do . ''
6878,`` you could see yourself really being a father to him ? ''
6879,"`` yes , i could ."
6880,but what- '' she silenced him with a kiss .
6881,it was one that was laced with desperate emotions .
6882,he wrapped his hands around her waist and drew her closer to him .
6883,"just as he was about to deepen the kiss , she pulled away ."
6884,"`` you love me too , do n't you ? ''"
6885,`` you should have no doubts on that one . ''
6886,`` you love me enough to be a husband to me ? ''
6887,her question caused him to suck in a harsh breath .
6888,he felt like he had been kicked in the gut .
6889,"`` yes , i could-i always have . ''"
6890,she tilted her head at him and smiled .
6891,`` then marry me . ''
6892,`` excuse me ? ''
6893,"bringing her lips to his , she murmured against his mouth , `` marry me ."
6894,make me your wife . ''
6895,"at that moment , he thanked god he was sitting down because if he had n't been , he was pretty sure he would 've done something totally emasculating like fainting ."
6896,he also questioned both his hearing and his sanity .
6897,had megan just proposed to him ?
6898,"surely , he was hallucinating ."
6899,`` did you just ask me to marry you ? ''
6900,he questioned lamely .
6901,"giggling , megan nodded her head ."
6902,`` i wish you could see your face right now .
6903,i should be insulted . ''
6904,`` i 'm sorry .
6905,it 's just you surprised me . ''
6906,she cupped his face in her hands .
6907,"`` i 'm sorry i do n't have a ring , and i did n't get down on one knee , '' she lovingly teased ."
6908,he brought his hands up to touch hers .
6909,`` you 're really serious ? ''
6910,"`` yes , i am . ''"
6911,"bowing his head , he tenderly kissed the tops of her hands ."
6912,"`` i love you so much , megan , and i want nothing more than to make you my wife . ''"
6913,`` so is that a yes ? ''
6914,`` i just want to make sure you know what you 're saying .
6915,"one minute you 're in the dining room , laughing with your family , and then the next you 're in here weeping and then proposing to me ."
6916,and let 's not forget how adamant you have been the entire time i 've known you about being too young to get married . ''
6917,megan 's lips turned down in a pout .
6918,`` ca n't a girl change her mind ? ''
6919,"`` yes , of course , but i just want to make sure this is really what you want . ''"
6920,tears sparkled in her blue eyes .
6921,`` you are everything i could ever want in a man .
6922,"you love me , you watch out for me , you want the best for me ."
6923,"while that would be enough to make me want to marry you , you love my son ."
6924,you watch out for him and you want the best for him .
6925,i could n't ever imagine loving someone more than i do you .
6926,i ca n't imagine wanting to be anyone else 's wife but you . ''
6927,she sniffled .
6928,`` i was so stupid for so long .
6929,i could n't believe that someone like me could truly deserve someone like you .
6930,but you never gave up on me .
6931,"if you give me the chance , i 'll spend the rest of my life trying to make you happy . ''"
6932,pesh could n't stop the racing of his heart .
6933,he was sure both his heart rate and blood pressure were off the charts at this moment .
6934,he cupped her cheeks .
6935,`` nothing in the world would make me happier than for us to get married . ''
6936,`` so we 're engaged ? ''
6937,"`` yes , we are . ''"
6938,"when a smile lit up megan 's face , he shook his head ."
6939,`` but not formally yet .
6940,not until i put a diamond on your hand . ''
6941,`` but i do n't need that to know i 'm promised to you and that we 're getting married . ''
6942,"`` maybe you do n't , but i do . ''"
6943,she rolled her eyes .
6944,"`` fine , fine ."
6945,i 'll let you buy me a diamond .
6946,"a great big one , okay ? ''"
6947,he laughed .
6948,`` i promise to spend a fortune . ''
6949,`` you know i would be happy to wear your ring even if it was a little chip . ''
6950,`` i know you would .
6951,but i want to spoil my beautiful future wife . ''
6952,she grinned .
6953,"`` okay , i wo n't argue with you . ''"
6954,pesh brought his mouth to hers .
6955,"as their lips moved against each other , he could n't believe how lucky he was ."
6956,megan was his-she was really going to be his for the rest of his life .
6957,"when she flicked her tongue against his , he groaned into her mouth ."
6958,"considering they were at patrick 's with all of her family down the hall , he knew the last thing on his mind should 've been flipping her over onto her back and pounding into her ."
6959,but he did n't care .
6960,he wanted inside her body .
6961,"he had finally made it into her heart , mind , and soul , and he once again wanted to be inside her perfection ."
6962,"when megan pushed him onto his back , pesh raised his brows at her ."
6963,"`` mmm , i think my future wife is getting ahead of herself ."
6964,"usually the consummating comes after the wedding , not the engagement , '' he teased ."
6965,`` i think we 've consummated enough over the last few months where it does n't matter . ''
6966,`` i suppose you 're right . ''
6967,"as she ground her core against his growing erection , she said , `` looks like i 'm not the only one with consummating on the mind . ''"
6968,`` you should know that has a mind of its own . ''
6969,she grinned down at him .
6970,"`` well , right now i think we 're both of the same mind . ''"
6971,"as she continued to grind against him , his hands swept to her br**sts ."
6972,he cupped and kneaded the flesh over her top .
6973,"at the sound of the door opening , pesh tried to pull away , but he did n't make it in time ."
6974,`` oh f**king hell ! ''
6975,aidan 's voice boomed from the doorway .
6976,"megan quickly scrambled off pesh , and they both rose up , trying to straighten their clothes and hair ."
6977,"with a pained expression , aidan said , `` seriously ?"
6978,this is my old bedroom ! ''
6979,pesh chuckled .
6980,"`` i 'm sorry , but you of all people should understand that when the mood hits , you act on it . ''"
6981,megan smacked his arm playfully .
6982,`` that is not exactly what happened . ''
6983,"holding up one of his hands , aidan said , `` frankly , i do n't really want to know what happened ."
6984,i just came back here to make sure megan was all right .
6985,"next time , i 'll make sure someone else comes , so i do n't need eye bleach to wipe that out of my memory. ``"
6986,"`` ha , ha , very funny , '' megan grumbled , as she got off the bed ."
6987,"`` we were only celebrating , '' pesh said ."
6988,aidan pinched his eyes shut .
6989,`` i do n't think i even want to know what you were celebrating . ''
6990,"`` our engagement , pervert , '' megan replied ."
6991,aidan 's blue eyes widened .
6992,"`` holy shit , you two are engaged ? ''"
6993,pesh smiled as he rose off the bed and took megan 's hand .
6994,"`` yes , we are ."
6995,"well , i mean , i need to go to her father and properly ask for her hand ."
6996,and there 's the fact she does n't have a ring . ''
6997,"shaking his head in disbelief , aidan said , `` that 's ... wow ."
6998,i 'm so happy for you two . ''
6999,`` thank you .
7000,and i do mean that .
7001,"if it were n't for you and emma , i never would have met megan , '' pesh said ."
7002,aidan grinned as he clapped pesh on the back .
7003,"`` you 're more than welcome , man ."
7004,i 'm just so glad you two finally realized how good you were for each other . ''
7005,he turned back to the door before motioning them .
7006,"`` come on , let 's go tell the others ."
7007,"i think this calls for a celebration , but just not the kind that you two were partaking in . ''"
7008,megan shook her head .
7009,`` we were n't going to tell anybody yet . ''
7010,pesh nodded .
7011,`` she does n't even have a ring . ''
7012,aidan snorted .
7013,`` do you really think anyone out there is going to give two shits about whether or not you have a ring ? ''
7014,"`` we just want to do it the right way , '' pesh replied ."
7015,"holding up his hands in surrender , aidan said , `` all right , i 'm not going to argue with you anymore ."
7016,but i will say that there is no right way .
7017,"hell , look at me and em ."
7018,"in the end , you have to go with the flow and appreciate the moments that are bigger than you could ever imagine . ''"
7019,he then turned and strode out of the bedroom .
7020,pesh stole a glance at megan who appeared to be processing aidan 's words .
7021,"`` come on , we better get back out there before they send someone else , '' she finally said ."
7022,"with a smile , he took her hand and led her down the hall ."
7023,"when they got back to the dining room , everyone glanced expectantly at them ."
7024,"even though he knew he should n't , pesh blurted , `` we 're engaged ! ''"
7025,he did n't have time to worry about megan 's anger about him blabbing because he realized she had said it at the same time he had .
7026,"cheers went up over the room , and he was hugged and kissed by megan 's aunts ."
7027,"when megan 's father , paul , stood before him , pesh felt like he 'd been kicked in the groin ."
7028,"`` mr. mckenzie , i apologize ."
7029,i intended to come to you and ask for megan 's hand-to show respect to you and your wife .
7030,i 'm so sorry . ''
7031,paul shook his head and smiled .
7032,`` please do n't apologize .
7033,i 'm just grateful that she 's met such a wonderful man who will be a good husband to her and a good father to mason . ''
7034,`` i swear to you that i will . ''
7035,he and paul shook hands to seal the vow .
7036,"in the absence of champagne , wine was poured to celebrate ."
7037,"at the head of the table , patrick held up his glass ."
7038,"`` to my granddaughter and the good doctor , i give you an irish marriage blessing ."
7039,'may god be with you and bless you .
7040,may you see your children 's children .
7041,may you be poor in misfortunes and rich in blessings .
7042,may you know nothing but happiness from this day forward . ' ''
7043,he smiled .
7044,`` to megan and pesh . ''
7045,the others raised their glasses .
7046,"once pesh tasted the rich bouquet of the wine , he leaned over and kissed megan ."
7047,he did n't even mind the cat-calls and whistling-he was too happy to care .
7048,"chapter twenty-one standing in front of the lighted hotel mirror , megan surmised her appearance ."
7049,"it was the first time she had n't been encircled by pesh 's mother , sister , and aunts since she had stepped inside the suite an hour ago ."
7050,"when she had agreed to an indian engagement party , she had n't quite known what she was getting into ."
7051,she thought it would just be a great way to get their friends and family together .
7052,she did n't know that pesh 's family did n't do anything on a modest scale .
7053,"without her input , the plaza ballroom of the ritz carlton in atlanta had been booked ."
7054,"when she had dared a peek inside earlier , it had been transformed into something out of a bollywood movie ."
7055,"she had wanted to honor pesh 's culture by dressing just as a true indian prospective bride would , so she had gone sari shopping with lavani and shveta ."
7056,what she had n't bet on was how gorgeously intricate the outfit would be .
7057,"now as she gazed at herself in the mirror , she was almost blinded by the glittering stones and beading on the deep purple and gold sari ."
7058,the outfit put even the blingiest miss america pageant dress to shame .
7059,"the top part was sleeveless , and it ended just below her br**sts ."
7060,"while the front part appeared to be plain satin , the back was encrusted in beading and gems ."
7061,"the skirt , with its beaded waistband , started just beneath her belly button and fell to the floor in the most exquisite silky material ."
7062,"it was hard imagining she was going to be baring her mid-drift , as was the fashion of the sari ."
7063,"thankfully , she had a jewel encrusted drape that slung across one of her shoulders and down one side ."
7064,"earlier after one of pesh 's aunts had done her makeup , lavani and shveta did her hair ."
7065,the long strands were swept back and pinned on the side in loose curls .
7066,a gorgeous purple orchid adorned the curls .
7067,all that was missing from her ensemble was the jewelry that pesh 's family had requested that she wear .
7068,"apparently , it was all heirloom pieces and kept in a safe at a bank ."
7069,"although the necklace and earrings were to come , her arms were heavy laden with bangle bracelets that lavani and shveta had put on her ."
7070,they both had tears in their eyes when they finished .
7071,"`` you look absolutely breathtaking , my dear , '' lavani said ."
7072,megan smiled .
7073,`` thank you .
7074,and thank you so much for making tonight happen . ''
7075,lavani cupped her cheek .
7076,`` i look forward to seeing many happy years between you and my alpesh .
7077,i 'm grateful that you make him so happy .
7078,it had been so long since i had seen a light in his eyes .
7079,"but when you came into his life , you brought back that light . ''"
7080,"at lavani 's words , megan felt tears stinging her eyes ."
7081,"`` thank you , '' she murmured ."
7082,"when she felt like she could speak without crying , she brought her hands together as if she were praying and then bowed her head as was the sign of respect in pesh 's culture ."
7083,"`` i want you to know that before pesh , i was in darkness , too ."
7084,he has become my light as well .
7085,i can assure you that i will spend the rest of my life honoring him and making him happy .
7086,i am very thankful for the amazing man you have raised . ''
7087,"lavani 's dark eyes filled with tears , and she brought a handkerchief up to dab her eyes ."
7088,"`` thank you , my dear . ''"
7089,"shveta stepped into the bathroom , her face lit up in a broad smile ."
7090,`` alpesh is here . ''
7091,"gathering up the bottom of her skirt , megan walked out of the bathroom and into the bedroom ."
7092,her heart stopped at the sight of him .
7093,"she had never seen him in kurta-pajama , as they were called ."
7094,"basically , it was a long , tunic like shirt that came to his knees ."
7095,underneath he wore loose cotton-like pants .
7096,but his top was made much like hers .
7097,it was gold in color and encrusted in gems and beading .
7098,she did n't want to begin to imagine how much it cost .
7099,"when she brought her gaze back to his , she shivered under his heated stare ."
7100,"`` you are a vision of absolute and total perfection , '' he said ."
7101,"doing a little turn , the fabric of her sari twirled around her ."
7102,`` so you like it ? ''
7103,he smiled .
7104,`` i love it . ''
7105,she laughed .
7106,`` i feel a little like a poser .
7107,"like 'you can put the irish girl in a sari , but you ca n't take the irish out of the girl ' kinda thing . ''"
7108,"`` i would n't have you any other way , '' he said , with a serious , yet tender tone ."
7109,`` thank you . ''
7110,megan eyed the two velvet boxes in his hand .
7111,"`` ooh , let me see the goodies . ''"
7112,"with a bark of a laugh , pesh sat one of the boxes down on the table before he opened the other ."
7113,megan gasped as two enormous earrings glittered back at her .
7114,"while there was a thick base , the rest flowed down in flourishing designs that would probably touch her shoulders when she put them on ."
7115,"they had a gold overlaying , but all the gems were diamonds and amethysts that would match her sari ."
7116,`` this is why your mother and shveta wanted me to pick a purple sari ? ''
7117,she questioned .
7118,pesh nodded .
7119,"`` they 're breathtaking , '' she murmured ."
7120,"`` wait until you see the necklace , '' he replied , with a smile ."
7121,her shaky hands reached forward to take one of the earrings .
7122,she quickly worked the clasp and fastened it to her lobe .
7123,then she did the other .
7124,"while they were so heavy she felt like they might weigh her down , she glanced up at pesh and smiled ."
7125,`` thank you . ''
7126,"`` you 're welcome , my love . ''"
7127,he reached for the other box .
7128,megan 's eyes widened as the diamonds and deep amethysts sparkled in the light .
7129,he took the necklace out and unfastened the clasp .
7130,he moved behind her and then lifted the necklace over her head .
7131,she closed her eyes at the pleasurable sensation of feeling his closeness .
7132,`` there .
7133,now you 're ready . ''
7134,"whirling around to face him , she brought her lips to his ."
7135,`` i love you . ''
7136,his thumb tenderly rubbed her cheek .
7137,"`` i love you , too . ''"
7138,"from the doorway of the bedroom , lavani tsked disapprovingly at them ."
7139,"`` alpesh , stop mauling her , or you 're going to mess up her makeup ! ''"
7140,pesh chuckled .
7141,`` i hardly think i was mauling her . ''
7142,she waved her hand dismissively .
7143,`` come now .
7144,it 's time we went downstairs . ''
7145,"after pesh held out his arm for her , megan slid hers through his ."
7146,"`` do n't be nervous , '' he murmured into her ear ."
7147,"`` i 'm not , '' she lied ."
7148,"`` megan , i know you well enough by now that i know when you 're nervous ."
7149,you fidget and bite your lip . ''
7150,"`` sorry , '' she muttered , as they got onto the elevator ."
7151,"considering it was packed with pesh 's family , megan kept her mouth shut about her nerves ."
7152,the last thing she wanted to do was to come off wrong in front of them .
7153,"when the doors opened , she drew in a couple of deep breaths to still her nerves ."
7154,there was a whole lot of pomp and circumstance that she did n't quite understand about how they were all supposed to enter .
7155,she just tried not to mess up the part when she came in with her parents .
7156,"just like at a wedding reception , she and pesh sat at a table at the head of the room ."
7157,"of course , she had n't quite prepared herself for the golden chairs that looked almost like thrones ."
7158,"once everyone was assembled , pesh 's father got up to speak ."
7159,`` we are very grateful that you all could be with us this evening .
7160,"i know that with megan 's friends and family , as well as some of our son 's , there are a lot of you unacquainted with our culture ."
7161,i will try to explain to you what the proceedings are . ''
7162,on the table in front of them were two flower wreaths that reminded her of the leis that you would see in hawaii .
7163,"they were in colors of white , gold , and purple ."
7164,the wreaths crisscrossed over the black ring boxes .
7165,she knew from what pesh had told her that they would be giving each other rings tonight to symbolize their future union .
7166,it all seemed pretty extreme to her for just an engagement party-it was almost like a wedding .
7167,"`` it 's show-time , '' pesh murmured in her ear before he stood up ."
7168,she quickly followed his lead .
7169,he took one of the flower wreaths off the table and brought it over her head .
7170,he made sure to adjust her hair so it flowed over the flowers .
7171,"when he was done , she did the same , although it was a little harder for her to reach up over his head ."
7172,then he took one of the platinum bands and put it on her trembling finger .
7173,"`` i love you so very much , megan ."
7174,"there 's not another woman in the world i could love like i do you , '' he whispered to reassure her ."
7175,"`` i love you so much , too . ''"
7176,she then slid the band on his hand .
7177,"once it was done , applause went out over the ballroom , and pesh pulled her to him for a kiss ."
7178,`` now what do we do ? ''
7179,she asked .
7180,he smiled at her .
7181,`` we dance . ''
7182,"after exhaling the breath she had been holding , megan took pesh 's hand and let him lead her to the dance floor ."
7183,a song she had never heard before in her life began to play from the dj .
7184,`` so what were you thinking when it came to the wedding ? ''
7185,pesh asked .
7186,`` something small . ''
7187,his brows rose in surprise .
7188,`` really ?
7189,i was thinking you would want to go all out . ''
7190,she shook her head .
7191,`` i just want something simple with our closest friends and family .
7192,i do n't have to have something showy to make me happy . ''
7193,he grinned .
7194,`` you know that anything 'simple ' is not going to set well with my parents . ''
7195,megan laughed .
7196,"`` well , they 're just going to have to accept it . ''"
7197,"`` we could just run off and get married in a cave in hawaii , '' he suggested ."
7198,"`` that idea has potential , but i think as my parents ' only daughter , they would kill me if they did n't get to plan something . ''"
7199,his expression grew serious .
7200,`` i do n't want us to have to wait much longer . ''
7201,`` i agree .
7202,i want to get married in the next couple of months . ''
7203,he smiled .
7204,`` good .
7205,i 'm glad to hear that . ''
7206,"as megan glanced over to see her grandfather dancing with his lady friend , an idea popped into her head ."
7207,`` what if we got married in papa 's rose garden ? ''
7208,"`` it sounds like a beautiful place , but is there enough room ? ''"
7209,"`` only our closest friends and family , remember ? ''"
7210,she insisted .
7211,`` it could work . ''
7212,`` so you like the idea ? ''
7213,`` i do . ''
7214,"with a wink , he said , `` it makes sense considering you proposed to me at patrick 's house . ''"
7215,megan grinned .
7216,`` that 's right .
7217,it does . ''
7218,`` think we can put it all together in two months ? ''
7219,`` i do n't see why not . ''
7220,"he brought his warm lips to hers , and megan shivered in spite of the heat on the dance floor ."
7221,"`` i ca n't wait to make you my wife , '' he murmured against her lips ."
7222,"`` i 'm ready to make an honest man out of you , too . ''"
7223,pesh threw his head back and chuckled .
7224,`` only you would say something like that . ''
7225,"`` hey , the truth is the truth . ''"
7226,"the song ended , and pesh escorted her back to their table ."
7227,"after they finished with the blessings from pesh 's family , dinner was served ."
7228,megan could n't believe all the food that was paraded by her .
7229,she lost count on how many plates of delicious indian food she sampled .
7230,"by the time the desserts came out , she was thoroughly stuffed and could n't eat any ."
7231,"`` let 's go mingle , '' she suggested when pesh also turned down any dessert ."
7232,"`` sounds good to me , '' he said , before getting out of his chair ."
7233,"they made their way through the maze of tables , talking to family and friends ."
7234,megan was introduced to so many of pesh 's relatives that she was sure she would never be able to remember them all .
7235,"when they finally got to the fitzgerald tables filled with her parents and aunts and uncles , she was thrilled when pesh took a seat across from aidan and emma ."
7236,"after they had been talking for a while , emma turned aidan ."
7237,`` do you think noah 's okay ? ''
7238,aidan smiled .
7239,"`` i 'm sure he 's fine , babe ."
7240,the sitter looked very qualified . ''
7241,"although emma nodded her head , megan could tell that she was n't convinced ."
7242,both mason and noah were upstairs in the hotel with babysitters outside of their family for the first time in their young lives .
7243,"megan shared a bit of emma 's apprehension , but when she had dropped mason off in the suite , he seemed to get along with the woman they had hired ."
7244,`` i might just go peek in on him .
7245,"you know , make sure she got him to sleep , '' emma said , rising out of her chair ."
7246,aidan shook his head and stood up .
7247,`` you need to be off your feet .
7248,you said yourself you were n't feeling too well before we left . ''
7249,emma shot him a murderous look .
7250,`` thanks for saying that in front of pesh and megan . ''
7251,aidan gave them a sheepish grin .
7252,`` sorry guys .
7253,"i hope it does n't ruin your fabulous party knowing that emma , at nine months pregnant and some change , was n't feeling wonderful . ''"
7254,megan laughed while pesh shook his head .
7255,"`` emma , if you want to go on upstairs and lie down , we wo n't be hurt ."
7256,"i remember how awful it feels being overdue , '' megan said ."
7257,"`` no , i 'm fine ."
7258,"i want to stay , '' emma replied ."
7259,"when aidan motioned for her to have a seat , she shook her head ."
7260,`` i need to go to the restroom . ''
7261,`` you want me to go check on noah ? ''
7262,emma sighed .
7263,`` i 'm sure he 's fine or the sitter would have texted me .
7264,i 'm just being overprotective . ''
7265,aidan gave her a quick kiss .
7266,"`` love you , sweetheart . ''"
7267,she smiled at him .
7268,"`` i love you , too . ''"
7269,"after she headed through the crowd to the bathroom , aidan began telling pesh some wild story from work that had pesh doubled over with laughter ."
7270,"when emma returned , she did n't sit back down ."
7271,"instead , she swayed back and forth on her feet next to her chair ."
7272,"`` aidan , '' she said in a strained voice ."
7273,megan could n't help noticing how emma had paled considerably since her trip to the bathroom just a few minutes before .
7274,he held up his finger .
7275,"`` one second , babe ."
7276,i got ta finish telling pesh this story . ''
7277,`` but my water broke . ''
7278,"without taking his eyes off pesh , aidan slid his glass of water over to her ."
7279,`` here take mine . ''
7280,"if the situation had n't been dire , megan would have laughed at how oblivious aidan was ."
7281,pesh leaned forward in his seat .
7282,"`` um , aidan , i think- '' he did n't get a chance to finish ."
7283,"instead , water splashed against the side of aidan 's face ."
7284,he shot out of his chair before whirling around to emma .
7285,"`` what the hell , em ? ''"
7286,`` my .
7287,water .
7288,"broke , '' she muttered through gritted teeth ."
7289,"`` oh shit , '' he replied ."
7290,"after tossing his napkin back on the table , he held up a hand ."
7291,"`` okay , it 's fine ."
7292,no need to panic .
7293,"we 're not that far from the hospital- '' `` like twenty minutes , '' emma argued ."
7294,aidan 's hands came to her shoulders .
7295,"`` it 'll be fine , babe ."
7296,i promise . ''
7297,emma huffed out a few frustrated breaths as she weighed his words .
7298,then her grim expression softened .
7299,`` okay . ''
7300,aidan grinned as he turned back to pesh and megan .
7301,"`` i hate to cut and run , but it looks like baby caroline is a big attention whore who wants all the glory tonight . ''"
7302,megan rose out of her chair .
7303,`` do n't you worry about it one bit .
7304,"since she 's a week overdue , i 'm going to let her have this one without accusing her of trying to steal the limelight . ''"
7305,`` can we do anything ? ''
7306,pesh asked .
7307,"while aidan shook his head , emma said , `` just make sure noah is okay . ''"
7308,angie rose out of her chair .
7309,`` i 'll go check on him right now . ''
7310,emma smiled .
7311,`` thanks . ''
7312,aidan dug around in his pocket .
7313,"when he produced a set of keys , he tossed them at pesh ."
7314,"`` since i came after work , em and i are in separate cars ."
7315,whoever has noah overnight will need our suv to get him to the hospital tomorrow . ''
7316,"pesh nodded as megan said , `` good thinking ."
7317,i 'm not sure if mom is taking him or becky . ''
7318,"at emma 's somewhat apprehensive look that there was n't a strict plan in place for noah , megan said , `` it 'll be fine ."
7319,i promise . ''
7320,"`` okay , '' she said , a little reluctantly ."
7321,"sliding his arm around emma 's waist , aidan said , `` come on , sweetheart ."
7322,we need to go . ''
7323,"at the feel of pesh 's hand on her back , megan glanced up at him ."
7324,"`` exciting night for them , eh ? ''"
7325,"`` yes , it is . ''"
7326,`` how about letting me take you for another spin on the dance floor ? ''
7327,`` i 'd love that . ''
7328,"as an indian love song flowed out from the speakers , megan wrapped her arms around pesh 's neck ."
7329,this time he did n't bother dancing more formally like he had in savannah .
7330,"instead , he wrapped his arms around her waist and drew her flush against him ."
7331,"closing her eyes , she rested her head on his broad chest , loving the gentle beat of his heart beneath his shirt ."
7332,"when the song finished , they did n't move ."
7333,they just waited for the next one .
7334,"thankfully , it was another slow one ."
7335,"halfway through , she felt a tug on the bottom of her drape ."
7336,"glancing down , she saw georgie peering up at her ."
7337,"`` what are you doing , sweetie ? ''"
7338,she asked .
7339,he glanced left and right before he spoke .
7340,"`` mommy told me not to tell anybody , but she needs you to come up to her hotel room . ''"
7341,`` okay .
7342,what for ? ''
7343,"`` noah 's going crazy wanting aunt emma , and she thinks you 're the only one that might be able to get him to calm down . ''"
7344,"`` ah , i see . ''"
7345,"when she turned back to pesh , he smiled ."
7346,`` you do n't even need to apologize .
7347,go see if you can help . ''
7348,she leaned up and gave him a smacking kiss on the lips .
7349,`` thank you for being so amazing each and every moment of the day . ''
7350,his thumb brushed against her cheek .
7351,"`` you 're welcome , my love . ''"
7352,`` be back as soon as i can . ''
7353,`` i 'm going to hold you to that . ''
7354,"taking georgie 's hand , she made her way off the dance floor and out of the ballroom ."
7355,"after getting on one of the elevators , they rode to the sixth floor ."
7356,she let georgie lead the way .
7357,he stopped halfway down the hall and knocked on the door .
7358,"by then , she did n't have to guess which room noah was in ."
7359,she could hear his screams all the way outside .
7360,"when becky flung open the door , she waved megan through with her hand ."
7361,"`` the others did n't want me to interrupt you , but we 've been trying the last hour to get him to calm down , and he 's just not having it . ''"
7362,megan found the scene in hotel room somewhat comical .
7363,"her mother , along with her aunts julia and liz , stood in a circle around one of the beds ."
7364,"outfitted in a fuzzy , blue footed sleeper , noah sat in the middle of the mattress , his cheeks streaked and soaked with tears and his face red from crying ."
7365,`` what is the matter ? ''
7366,megan asked .
7367,everyone whirled around to look at her .
7368,`` nothing .
7369,everything 's fine .
7370,"go back to your party , '' angie said , over noah 's wails ."
7371,"`` um , i think it 's safe to say that it is n't fine ."
7372,"or at least , he 's not fine . ''"
7373,liz fanned her face with her hand .
7374,"`` it 's like the moment emma left the hotel , he freaked out ."
7375,he woke up out of a dead sleep screaming for his mama .
7376,the poor baby-sitter hung in as long as she could before she finally called us . ''
7377,megan cocked her head at noah .
7378,`` poor thing . ''
7379,she bypassed her aunts to hold out her arms .
7380,"considering he 'd spent so much time with her , noah happily reached for her , and megan pulled him into her embrace ."
7381,"`` hey buddy , you 've got to stop crying . ''"
7382,he was snubbing so hard his breath came in big hiccups as his chest heaved .
7383,`` mama .
7384,"want mama , '' he pleaded pitifully ."
7385,megan hugged him tight to her chest .
7386,"`` i know , sweetie ."
7387,but she 's at the hospital having your baby sister . ''
7388,her answer did n't satisfy him since he drew in a deep breath to start screaming again .
7389,she smiled at him .
7390,`` you wan na go downstairs to the party ? ''
7391,he appeared thoughtful .
7392,`` pesh is downstairs .
7393,you wan na see him ? ''
7394,`` esh ? ''
7395,megan laughed .
7396,"`` yes , he 's down there . ''"
7397,"`` see esh , '' he said , kicking his feet as if to tell her to start walking ."
7398,`` here .
7399,"i 'll take him , '' her mother suggested , reaching for noah ."
7400,he shrieked before wrapping his arms tighter around megan 's neck .
7401,`` i think it 's safe to say he 's staying with me . ''
7402,"`` but it 's your engagement party , '' julia protested ."
7403,"`` yes , and i 've been enjoying it the last four hours ."
7404,i do n't think watching him is going to take away anything for me . ''
7405,"as she started out the doorway , she asked , `` is mason okay ? ''"
7406,her mother nodded .
7407,"`` thank goodness he 's down the hall , or we 'd have two toddlers running around at eleven o'clock . ''"
7408,megan giggled as she walked down the hall .
7409,her necklace and the beaded sari seemed to be holding noah 's interest .
7410,"`` pretty , huh ? ''"
7411,"she asked , as they got on the elevator ."
7412,"`` ooh , pwetty , '' he mimicked ."
7413,"when she got back downstairs , pesh was seated at their table , talking to some of their colleagues ."
7414,"the moment noah saw him , he reached out for pesh ."
7415,"`` well hello , little one ."
7416,were you really crying because you wanted to come to our party ? ''
7417,"noah grinned at pesh behind his pacifier , which caused pesh to smile ."
7418,"`` he looks so much like aidan when he does that , does n't he ? ''"
7419,"`` yes , he does ."
7420,"i 'm sure he 's going to use that cute little grin to his advantage when he gets older , just like his daddy did . ''"
7421,she eased into the chair beside them .
7422,"after spitting out his pacifier , noah asked , `` daddy ? ''"
7423,"`` uh , oh , i should n't have said that , '' megan muttered under her breath ."
7424,`` my daddy ? ''
7425,`` he 's at the hospital with mommy .
7426,"we 'll take you there in the morning , '' she replied ."
7427,that statement caused noah 's lip to tremble .
7428,"before he could start crying , pesh rose out of his chair ."
7429,`` let 's go look at all the pretty party decorations . ''
7430,megan smiled as she watched pesh take noah around the room .
7431,her heart warmed at his thoughtfulness .
7432,she could n't believe there was ever a time when she fought her feelings for him .
7433,"there was n't a better man in the whole world , and the fact that he loved her was a true miracle ."
7434,"by the time pesh returned , noah had fallen asleep ."
7435,he carefully sat back down beside her .
7436,"`` here , '' she suggested , taking off her glittering drape ."
7437,she wrapped the fabric over noah like a blanket .
7438,`` did i mention how much i loved you in a sari ? ''
7439,"pesh questioned , with a wicked gleam in his eyes ."
7440,she glanced down to see the top had her boobs bulging out the front as well as the fact her stomach was now bared .
7441,`` i 'll have to wear one more often for you . ''
7442,`` i would love that . ''
7443,"when her phone beeped , she reached across the table and grabbed it ."
7444,`` oh my god ! ''
7445,`` what ? ''
7446,pesh asked .
7447,`` that was aidan .
7448,the baby is already here . ''
7449,"`` considering it 's a second baby , it is n't too surprising . ''"
7450,`` i need to tell my mom and aunts . ''
7451,he nodded .
7452,`` go ahead .
7453,we 're fine . ''
7454,megan smiled at noah sleeping soundly against pesh 's chest .
7455,`` be right back . ''
7456,she made her way over to her family 's table .
7457,`` that was aidan .
7458,caroline was just born . ''
7459,a whoop went up around the table .
7460,`` is emma okay ? ''
7461,becky asked .
7462,megan nodded .
7463,`` he said mother and baby are doing great . ''
7464,julia shook her head and smiled .
7465,`` aidan with a daughter-now that 's going to be something to see . ''
7466,they all laughed .
7467,"`` that 's so true , '' megan said ."
7468,becky glanced at the group .
7469,`` why do n't we go see them ?
7470,"i mean , the hospital is n't too far from here . ''"
7471,angie nodded .
7472,`` sounds good to me .
7473,i 'd personally like to see aidan in action with his baby girl . ''
7474,"with a snort , megan added , `` i would have liked to have been in the delivery room when she was first born ."
7475,his expression then would have been priceless . ''
7476,"`` i bet he cried , '' liz said ."
7477,"`` oh yeah , he bawled for sure , '' angie replied , with a grin ."
7478,"as her aunts started gathering up their purses and telling their husbands where they were going , megan said , `` i want to go too . ''"
7479,"before they could argue , she held up her hand ."
7480,`` it 's late .
7481,"the party is pretty much over , and there 's two more next week at some of pesh 's relatives ' houses ."
7482,"besides , i want to see the newest fitzgerald baby girl . ''"
7483,her mother frowned .
7484,`` are you sure ? ''
7485,`` i 'm positive . ''
7486,`` all right .
7487,"go tell pesh , and we 'll meet you out front . ''"
7488,she smiled as she went back to their table .
7489,`` my mom and aunts are going to the hospital to see aidan and emma . ''
7490,`` you want to go ? ''
7491,her heart warmed at the fact that he already knew what she was feeling .
7492,`` do you mind ? ''
7493,he shook his head .
7494,`` of course not .
7495,can i go too or is this just a hen party thing for the women ? ''
7496,she laughed .
7497,"`` yes , you can come . ''"
7498,pesh glanced down at noah .
7499,`` he 's going to want to see his mother . ''
7500,`` oh yes .
7501,i do n't think we could go without him . ''
7502,"as pesh rose out of the chair , noah stirred but did n't wake up ."
7503,`` get aidan and emma 's keys out of my pocket . ''
7504,she nodded and reached into his pants .
7505,"when she accidentally touched his penis through the fabric , he jumped ."
7506,"`` sorry about that , '' she replied , as she pulled out the keys ."
7507,"`` no problem , '' he muttered through gritted teeth ."
7508,they said a quick goodnight to pesh 's parents and other relatives who remained .
7509,then they headed out to the lobby .
7510,"after giving the valet aidan 's keys , they waited for the suv to be brought around ."
7511,"when she caught her reflection in the glass doors of the hotel , she gasped ."
7512,`` what 's wrong ? ''
7513,pesh inquired .
7514,`` the jewelry !
7515,i ca n't go loaded down with this expensive stuff to the hospital ! ''
7516,she cried .
7517,she snatched off the earrings and then started working on the necklace .
7518,`` i 'll run go give it to your mother . ''
7519,"`` if you insist , '' pesh replied ."
7520,she kicked off her heels so she could run easier .
7521,the necklace and earrings weighed down her hands .
7522,"she grabbed the first member of pesh 's immediate family she saw , which unfortunately happened to be dev ."
7523,`` can you get these to your mother ?
7524,i 've got to get to the hospital . ''
7525,his dark eyes widened as he took the jewelry from her .
7526,`` are you okay ? ''
7527,`` i 'm fine .
7528,a cousin 's baby was just born .
7529,"do n't let anything happen to that , okay ? ''"
7530,dev chuckled .
7531,"`` yeah , i 'll be unloading this pronto ."
7532,the last thing i need is for my ass to be the one to lose the family jewels . ''
7533,"with a wink , he added , `` they 'd be taking my family jewels . ''"
7534,megan laughed and then gave him a wave before running off .
7535,"when she got back outside , aidan and emma 's suv had just pulled around ."
7536,noah began to squirm in pesh 's arms .
7537,`` guess where we 're going ? ''
7538,"pesh said , before he could start crying ."
7539,`` mama ? ''
7540,pesh smiled .
7541,"`` yes , we 're taking you to your mama and daddy and new baby sister . ''"
7542,"noah 's face lit up at the prospect , and he happily let them buckle him into his car seat ."
7543,"following her mother 's car , they made the drive in almost a caravan of relatives ."
7544,"when they got to the hospital , pesh pulled up to let her out ."
7545,`` i 'll go park and bring him in . ''
7546,`` okay .
7547,i 'll see you guys up there . ''
7548,"when she got up to the maternity floor , there was a quite a group waiting for her , including emma 's best friend , connor ."
7549,`` did casey not feel like coming tonight ? ''
7550,"megan asked , as she hugged him ."
7551,casey was just a few weeks shy of her own due date with a little girl .
7552,he chuckled .
7553,"`` oh , she 's here all right ."
7554,she 's just in labor herself .
7555,it seems like caroline and olivia are going to be true best friends by being born almost the same day . ''
7556,megan grinned .
7557,`` that 's wonderful news . ''
7558,connor wrinkled his nose .
7559,`` i think casey will be appreciating it a little more when her epidural kicks in .
7560,she was n't too happy the last time i went back to see her . ''
7561,"`` oh yes , i remember that feeling well . ''"
7562,"megan 's phone dinged , and she quickly read the text ."
7563,"`` aidan says we can come back now , '' she said to her aunts ."
7564,the group made their way through the double doors and down the hall .
7565,"when they reached emma 's room , angie knocked on the door ."
7566,"within a few seconds , aidan appeared ."
7567,"`` hey guys , '' he said , with a beaming smile ."
7568,"`` the nurse is actually checking on em , but give me a second . ''"
7569,he disappeared back behind the door only to reappear within a few moments .
7570,this time he held a tiny bundle wrapped in a pink blanket .
7571,`` here she is .
7572,miss caroline elizabeth fitzgerald . ''
7573,collective oohs and aahs went up over the group as aidan held caroline out for them to see .
7574,she did n't seem too interested or impressed by them .
7575,she yawned and closed her eyes .
7576,"`` she 's absolutely beautiful , '' megan said ."
7577,"`` she 's something all right , '' aidan murmured ."
7578,`` there it is !
7579,"i see a tear , '' becky teased ."
7580,aidan rolled his eyes at his sister .
7581,`` let me guess .
7582,you had some kind of bet going about whether i cried or not ? ''
7583,liz patted his back .
7584,`` something like that . ''
7585,pesh appeared then .
7586,the moment noah saw his father he kicked to get down .
7587,"once he got his feet on the floor , he ran to aidan , wrapping his arms around aidan 's leg ."
7588,`` hey buddy .
7589,you want to meet your sister ? ''
7590,"squatting down , aidan held caroline to where noah could get a good look at her ."
7591,`` mama 's tummy baby ? ''
7592,he questioned .
7593,aidan laughed .
7594,"`` yeah , this is your baby sister , caroline . ''"
7595,"noah eyed his sister with a slight frown , as if he was trying to figure her out ."
7596,megan could only imagine what was going on in his head at the moment .
7597,"he 'd spent the last sixteen months being the center of his parents ' world , and now there was someone else to share the attention ."
7598,"when caroline scrunched up her face and whimpered , noah patted her arm ."
7599,"`` no cwy , baby . ''"
7600,"`` aw , he 's going to be a good big brother , '' angie remarked ."
7601,aidan chuckled .
7602,"`` yeah , he 'll be fine until caroline needs emma ."
7603,then he 's going to be ready to sell her to the gypsies . ''
7604,a nurse exited emma 's room .
7605,`` you can go in now . ''
7606,"as she gazed around the crowd , she shook her head ."
7607,"`` well , some of you can go in . ''"
7608,"rising up off the floor , aidan took noah 's hand ."
7609,"`` come on , buddy ."
7610,mama wants to see you . ''
7611,noah did n't bother waiting on aidan .
7612,he barreled through the door .
7613,`` mama !
7614,mama ! ''
7615,he cried .
7616,megan smiled as she watched him climb up on emma 's bed .
7617,`` there 's my baby boy ! ''
7618,"emma cried hoarsely , smothering both his cheeks in kisses ."
7619,he snuggled up to emma 's side .
7620,"`` come on , meggie ."
7621,"you and pesh come in first , '' aidan suggested ."
7622,megan did n't argue with him .
7623,"instead , she took pesh 's hand and followed aidan inside ."
7624,emma glanced up and shook her head .
7625,`` i 'm so sorry for ruining your engagement party . ''
7626,"`` you did n't ruin our night , '' pesh reassured her ."
7627,`` that 's right .
7628,"we kept right on partying-it did n't bother us at all , '' megan teased ."
7629,emma laughed .
7630,`` i 'm glad to hear that . ''
7631,"megan smiled and jerked her chin over at aidan , who sat in the rocker with caroline ."
7632,`` congratulations on a beautiful baby girl . ''
7633,"`` thank you , '' emma replied , as a beaming smile lit up her face ."
7634,`` are you feeling okay ? ''
7635,pesh asked .
7636,emma nodded .
7637,`` it was a little easier this time and a lot quicker . ''
7638,she turned to aidan .
7639,`` and this time i did n't have to worry that aidan might not make it . ''
7640,aidan chuckled .
7641,"`` no , you just kept screaming at me to drive faster because you were not going to deliver caroline on the side of the interstate . ''"
7642,emma 's cheeks flushed .
7643,`` i guess i was a little panicked . ''
7644,pesh took megan 's hand and squeezed it .
7645,"`` we better go and let the others have a turn , '' he said ."
7646,`` do you want us to take noah back with us ? ''
7647,"considering he was plastered to his mother 's side , megan was n't really looking forward to trying to take him ."
7648,emma gazed down at her son with love burning in her eyes .
7649,"`` no , i think he can stay here with us a little longer ."
7650,i might get connor to take him home .
7651,i know he 'll be here until casey delivers . ''
7652,`` are you sure you wo n't need your rest ? ''
7653,megan asked .
7654,"`` oh , i 'll pawn him off to aidan and make sure i get plenty of sleep until miss caroline needs me , '' emma replied , with a sly smile ."
7655,aidan did n't argue with her .
7656,he looked perfectly content to lose sleep if it meant being surrounded by his wife and children .
7657,"after exchanging a few hugs and kisses , she and pesh headed out into the hallway and let the next group in ."
7658,"as they walked down the hall hand in hand , pesh turned to her and smiled ."
7659,"`` you know , i never thought i would see the day i would be envious of aidan again . ''"
7660,`` what do you mean ? ''
7661,he heaved a sigh .
7662,`` seeing him with his children makes me envious .
7663,one day i hope that 's you with my child in your arms . ''
7664,"`` oh , '' she murmured ."
7665,whether or not they would have children together had never really been discussed .
7666,"it was almost a given that they would , so it did n't seem necessary to iron out when and how many ."
7667,she wanted nothing more than to give pesh a baby of his own .
7668,he was truly the father mason had never had .
7669,"`` give me a year , '' she said softly ."
7670,his brows furrowed in confusion .
7671,`` what ? ''
7672,`` i 'd like one year for us to be together as a married couple before we try to have children . ''
7673,"`` that only makes me an even older father , '' he protested ."
7674,`` you 'll be fine .
7675,you 're awfully spry for your old age . ''
7676,he laughed .
7677,`` i just do n't want to be on a walker at his or her high school graduation . ''
7678,she smacked his arm playfully .
7679,`` one year is not going to make that much a difference . ''
7680,`` fine .
7681,you win .
7682,we 'll wait one year . ''
7683,"as the elevator doors dinged open , they stepped inside ."
7684,"gazing down at her , pesh said , `` i could n't have picked a more amazing mother for my future children . ''"
7685,"`` yeah , i got ta agree that you did good , nadeen ."
7686,"real good , '' she teased ."
7687,he cupped her face in his hands and gave her a lingering kiss that silenced anymore of her comebacks .
7688,"when he pulled away , she smiled at him ."
7689,"`` keep kissing me like that , and i might decide to wait even longer for a baby ."
7690,"you 'll make me want you , your lips , and your dick all to myself for as long as possible . ''"
7691,"`` and here i thought my kisses might get you in the mood for baby-making , '' pesh mused ."
7692,megan laughed .
7693,"`` either way , it 's a win-win situation ."
7694,"so bring it on , nadeen ."
7695,bring .
7696,it .
7697,on . ''
7698,"chapter twenty-two although her stomach screamed in protest to drop her fork , megan could n't resist popping in the last bite of delicious crepe into her mouth ."
7699,"as she chewed , she closed her eyes at the delicious combination of chocolate and strawberries danced along her taste buds ."
7700,`` good ? ''
7701,a voice asked from across the table .
7702,"her eyelids popped open to take in pesh , her new husband of three days ."
7703,he wore an amused smile as he held his cappuccino cup in midair .
7704,"`` orgasmically good , '' she replied ."
7705,he chuckled .
7706,`` i 'm glad you 're enjoying them . ''
7707,"`` i 'm going to gain ten pounds while we 're here , '' she replied ."
7708,"as she dabbed her mouth with her napkin , she sighed with absolute contentment ."
7709,"gazing around the tiny parisian cafe , she fought the urge to pinch herself ."
7710,was she actually in paris on her honeymoon ?
7711,"when pesh had asked her where she wanted to go , there was only one place ."
7712,"although it was somewhat cliched for a honeymoon destination , she had always wanted to see the city ."
7713,"and because she was marrying a man who loved to spoil her , pesh had booked them for a week 's stay at the hotel plaza athenee ."
7714,"not only had he chosen the hotel for its gorgeous views of the eiffel tower , but it was also where carrie bradshaw stayed when she was in paris ."
7715,it seems pesh completely understood megan 's love for sex and the city .
7716,their first day in the city had been spent in their hotel room .
7717,"a combination of jetlag and lust had kept them na**d and in bed , stopping only for room service and showers ."
7718,today they had pried themselves away from the room to go sightseeing .
7719,`` are you ready to go back to the hotel ? ''
7720,pesh asked .
7721,`` maybe . ''
7722,"with a teasing grin , she asked , `` are you tired and want to rest ? ''"
7723,desire pooled in pesh 's dark eyes .
7724,"`` no , i do n't want to rest ."
7725,i want you to model what you bought this afternoon . ''
7726,her gaze left his to go down to the pink and black bag at her feet .
7727,"part of their sightseeing had turned into shopping , in which she bought some very racy lingerie ."
7728,"although she was enjoying her day out in the city , she was also itching to put on the outfit and get back in bed with pesh ."
7729,"`` then let 's go , '' she said ."
7730,pesh certainly did n't need any more convincing .
7731,"digging in his pocket , he took out his wallet and threw a wad of euros on the table ."
7732,then he popped out of seat like a jack-in-the-box .
7733,she had to snatch up her purse and bag to keep up with him before he sprinted out the door and into the sunshine .
7734,"as she passed the colorful flowers in bloom outside the cafe , they transported her back to her wedding ."
7735,"it had been a perfect , cloudless day when she stood with pesh in the rose garden at her papa 's house ."
7736,"to her , he had never looked more handsome than in his black tux that fit his built frame like a second skin ."
7737,"since she was the master of party planning , megan had enlisted emma 's help in getting the quickie wedding done ."
7738,"even with newborn caroline to tend to , emma had gone above and beyond any expectations megan had ."
7739,"tears had stung her eyes when she first caught sight of the garden as she , on her father 's arm , made her way from the house to the ceremony ."
7740,white chairs draped with blue silk bunting lined the garden in rows while a tent had been erected to the side of the makeshift altar .
7741,"next to the chairs , votive candles lit the way up the aisle that was adorned in multicolored rose petals ."
7742,"emma , casey , and two of her best friends from childhood stood at the altar in their cornflower blue bridesmaid dresses ."
7743,"pesh , along with his brothers and aidan , wore blue vests with their tuxes ."
7744,a string quartet struck up the bridal march to herald her arrival .
7745,"she would never , ever forget the feeling of walking up the aisle to pesh ."
7746,"his loving gaze took her in , and she felt like the princess she had always wanted to be on her wedding day ."
7747,"her dress was almost like what a disney princess might wear-a long train , a full ball gown , a bodice encrusted with pearls and sequins , and then a glittering tiara holding her veil in place ."
7748,the entire world seemed to evaporate when pesh took her hand in his .
7749,he was her only focus .
7750,she barely heard the words the priest spoke or the lyrics of the song that emma sang .
7751,she just stared at her soon-to-be husband-the man who made her believe in romance and true love .
7752,she was so lost in thoughts of her wedding day that she accidentally mowed into a woman .
7753,"`` excuse me , '' she apologized ."
7754,the woman scowled at her while cursing at megan in french .
7755,"well , megan imagined it was cursing since she did n't speak french ."
7756,`` where is that head of yours ? ''
7757,"pesh asked , with a smile ."
7758,"`` thinking of our wedding day , '' she replied ."
7759,"his smile grew broader at her response , and in the middle of a crowded street , he stopped to kiss her ."
7760,"while it was somewhat chaste and full of more love than lust , it did hold a promise of what was to come later on ."
7761,he ended it far sooner than she would like .
7762,"`` let 's hurry , '' he replied ."
7763,she giggled before breaking into a slight run towards the hotel .
7764,he followed her example .
7765,"by the time they pushed through the revolving doors into the lobby , they were both breathless ."
7766,"like two mischievous kids , they raced to the elevators ."
7767,"once inside , they wrapped their arms around each other and kissed passionately until the door dinged open ."
7768,they pulled apart long enough to get down the hall and into their suite .
7769,"when the door closed behind them , pesh pulled her to him , bestowing a lingering kiss on her lips ."
7770,"as he ravaged her mouth , his tongue darted inside to tease along hers ."
7771,"when she felt his evident desire poking into her stomach , she broke the kiss ."
7772,"at his groan , she shook her head ."
7773,`` not yet .
7774,i have to get dressed . ''
7775,"`` next time , '' he muttered ."
7776,"pushing out of his arms , she grinned up at him ."
7777,`` i 'll be back in just a second .
7778,you get ready . ''
7779,"`` oh , i 'll be ready ."
7780,that 's a promise . ''
7781,she laughed and then practically skipped into the bathroom .
7782,"once she closed and locked the door , she sat the bag down and dug inside ."
7783,"after she decided what to wear , she laid them out on the counter , and then started taking off her clothes ."
7784,"when she was naked , she reached for the lingerie ."
7785,the tight bodice was solid black with pink ribbons that wove through making intricate designs .
7786,"it pushed her br**sts up and over the cups , making her appear to have far more cle**age than she was blessed with ."
7787,the black and pink panties were lace and practically see through .
7788,"on her legs , she slid black silk stockings that had pink bows at the tops of her thighs ."
7789,"as she fluffed out her hair , she could n't help gazing in the mirror ."
7790,"she looked quite the sexpot , which she hoped pleased pesh ."
7791,"well , she knew it would please pesh ."
7792,"the man was ravenous for her , something for which she was very thankful ."
7793,"not quite the polite gentleman she had expected when she first met him , that was for sure ."
7794,megan opened the bathroom door .
7795,"across the room , pesh stood gazing out the window , stripped down to his boxer shorts ."
7796,"when she cleared her throat , he jerked his head to stare at her ."
7797,"slowly , she walked out of the bathroom ."
7798,her eyes stayed on him .
7799,a shiver rippled through her as he tracked her every move .
7800,"when she finally stood before him , it took less than a second for him to pounce on her ."
7801,"his hands grabbed her by the waist , jerking her flush against him ."
7802,his mouth bore down on hers in a frantic kiss as he ground his c**k between her legs .
7803,"breathless , she pulled away to gaze up at him ."
7804,`` does this mean you like the lingerie ? ''
7805,"`` oh hell yes , i do ."
7806,i think we 're going to have to go back and get you some more . ''
7807,she laughed .
7808,`` more shopping ?
7809,you wo n't hear me say no to that . ''
7810,"bending over , pesh brought his arm under her knees and then lifted her up ."
7811,she felt so light in his arms as he walked her over to the bed and gently deposited her on the mattress .
7812,"as he loomed over her , her heartbeat sped up in anticipation the sensual delicacies she was about to experience ."
7813,"tugging on the straps of the bodice , he bared her br**sts ."
7814,"his mouth hovered over her nipple , breathing warm air onto the cool tip ."
7815,it puckered under his attention before his tongue darted out and flicked it .
7816,"`` mmm , '' she murmured , her fingers tightening in his hair ."
7817,"making slow circles around her nipple , pesh continued his teasing assault ."
7818,"arching her back , she gripped the strands of his hair tighter , willing him to take her nipple in his whole mouth ."
7819,"finally , he obliged her , sucking the hardened peak into his mouth ."
7820,"while he gave oral attention to one breast , his hand palmed and stroked the other ."
7821,"as the heat and moisture built in her core , megan began sawing her legs back and forth ."
7822,"the friction eased her a little , but she wanted pesh 's fingers , tongue , and dick there more than anything ."
7823,"over the fabric of her bodice , he kissed down her stomach ."
7824,"just as he reached the juncture between her legs , he bypassed it and began kissing and licking the exposed skin on her upper thighs ."
7825,she groaned in protest .
7826,he gazed up at her with a teasing smile .
7827,`` did you want me to kiss you somewhere else ? ''
7828,"raising her hips , she replied , `` you know where i want you-where i want all of you . ''"
7829,"`` patience , my love . ''"
7830,`` oh really ? ''
7831,she muttered .
7832,"with one quick movement , she was out from underneath him in a flash ."
7833,surprise filled his face as she flipped him over onto his back and straddled him once again .
7834,"raking her fingernails down his chest , she stopped just at the waistband of his boxers ."
7835,"as his breath hitched , her hands went to his thighs , scraping a trail up the exposed skin to his dick ."
7836,"his h*ps bucked up , causing her to smile ."
7837,"`` oh , did you want me to touch you somewhere else ? ''"
7838,"with a growl , he gripped her by the ass and forced her onto her knees ."
7839,he slid down the mattress to where her core was right at his mouth .
7840,"his tongue flicked out , sliding along the thin scrap of her panties ."
7841,she gasped as he flattened his tongue and rubbed it over her clit .
7842,"even through the fabric , it lit her on fire ."
7843,"as he added more pressure , she began to rock her h*ps against his face ."
7844,"closing her eyes , she concentrated on the feel of tongue ."
7845,"when he pulled away , she whimpered ."
7846,his lips came to kiss along her thighs again .
7847,"just as pesh 's teeth dug into one of the bows on her stockings , megan 's ringtone for mason blared out over her frustrated breaths ."
7848,"pesh protested the interruption with a grunt , but immediately let the stocking fall from his mouth ."
7849,`` i 'm sorry .
7850,it 's his bedtime call .
7851,"i have to take it , '' megan said , as she sat up in the bed ."
7852,"`` it 's all right , my love ."
7853,"i 'm the one with patience , not you , '' he replied , with a smile ."
7854,she rolled her eyes at him as she grabbed the phone off the nightstand and answered it .
7855,"`` hey baby , '' she said , trying to catch her breath ."
7856,`` hi mommy .
7857,miss you . ''
7858,her heart warmed hearing his tiny voice while an ache filled her chest .
7859,"`` oh , i miss you too , sweet boy ."
7860,are you being good for grammy ? ''
7861,`` uh-huh .
7862,pway with noah today . ''
7863,`` did you ?
7864,did you have fun ? ''
7865,`` uh-huh .
7866,but caowine cwies . ''
7867,megan laughed at his summation of the latest fitzgerald family member .
7868,`` i bet she does .
7869,"she 's a little baby , and they do like to cry ."
7870,you cried a lot when you were that age . ''
7871,`` where daddy ? ''
7872,"glancing at pesh , megan smiled ."
7873,`` he 's right here .
7874,you want to talk to him ? ''
7875,`` uh-huh . ''
7876,megan handed the phone to pesh .
7877,"his face lit up as he said , `` hey buddy , how are you ? ''"
7878,"as mason rattled along to pesh , megan could n't help thinking of how happy mason had been on her wedding day ."
7879,he had played his part as ring bearer wonderfully .
7880,everyone commented on how handsome he was in small tux and how much he looked like her .
7881,he was so excited to have a daddy and to be part of a real family .
7882,he did n't even seem to mind that they were moving away from his grandparents into pesh 's house .
7883,"of course , pesh had sweetened the moving angst by having a black lab puppy , just like beau , waiting for mason in his new room ."
7884,he had squealed so loud that megan thought her ear drums were going to burst .
7885,"`` oh , so beau two pee-peed on grammy 's rug , huh ? ''"
7886,"pesh asked , throwing megan an `` oh shit '' look ."
7887,"while they were away , angie was in charge of both mason and the puppy , who mason had aptly named beau two after his first love , beau ."
7888,megan could imagine her mother was fit to be tied with her rugs being christened by puppy piss .
7889,"`` okay , you better go to bed now ."
7890,"mommy and i miss you very , very much ."
7891,we 're bringing you lots of presents home . ''
7892,"at mason 's reply , tears shimmered in pesh 's eyes ."
7893,"`` i love you , too , buddy , '' he replied , in a choked voice ."
7894,"`` say goodnight to mommy , '' he replied , thrusting the phone at megan ."
7895,a sheepish expression came over pesh 's face as he ground the moisture from his eyes with his fists .
7896,megan took the phone .
7897,"`` night , night , mommy ! ''"
7898,mason called .
7899,"`` night , night , baby ."
7900,"you have sweet dreams , and i 'll talk to you tomorrow . ''"
7901,`` okay .
7902,wuv you ! ''
7903,she smiled .
7904,"`` i love you , too . ''"
7905,"after megan hung up , she still cradled the phone to her ear as if by doing that , she was able to have mason a little closer ."
7906,pesh 's hand came to rest on hers .
7907,"`` he 's something , is n't he ? ''"
7908,he asked .
7909,"`` yes , he is , '' she murmured ."
7910,"`` i know it makes me a complete pansy , but every time he tells me he loves , i ca n't help but cry . ''"
7911,"putting her phone back on the nightstand , megan eased herself over onto pesh 's lap ."
7912,`` do n't you ever worry that i think you 're a pansy because of what you feel for mason .
7913,it makes me love you even more . ''
7914,"brushing her hand across his cheek , she added , `` a man who is n't afraid of showing his emotions or his vulnerability is very sexy . ''"
7915,`` you think so ? ''
7916,"`` mmm , i do . ''"
7917,he smiled .
7918,`` i 'm glad to hear you say that . ''
7919,`` where were we ? ''
7920,"glancing down at his crotch , pesh said , `` i think we 're starting over from my perspective . ''"
7921,megan 's hand went to cup his now deflated erection .
7922,she rubbed him over the boxers before dipping her hand inside to grip him .
7923,pesh hissed in a breath .
7924,his head fell back against the headboard as she started stroking his growing length .
7925,"sliding down his body , she brought her hand to his lap and took him into her mouth ."
7926,her tongue teasingly flicked across the tip .
7927,pesh 's hand came to tangle in her hair .
7928,she did leisurely strokes up and down his length before bringing him into her mouth .
7929,"as she began bobbing up and down , pesh 's groans echoed through the room ."
7930,"as she cut her gaze up to him , he glanced down at her with hooded eyes ."
7931,"`` so good , baby ."
7932,"so , so good , '' he murmured ."
7933,"when he started tensing up , she let him fall free of her mouth ."
7934,"`` i want you to come inside me , '' she said , as she climbed up his body ."
7935,"rising up on her knees , she brought pesh 's hands to the elastic band of her underwear ."
7936,he tore them off her h*ps and down her thighs .
7937,somehow she managed to get them off and toss them to the floor beside the bed .
7938,"leaving on the bustier , she guided his erection to her core ."
7939,"slowly , she eased down on him , inch by inch ."
7940,"when he was balls deep inside her , she sat back on his thighs ."
7941,"raising her knees , she placed both her feet flat on the mattress ."
7942,"from this position , she was giving pesh quite the view as she rose on and off of him ."
7943,"as the pressure began building inside her , the more frantic her movements became ."
7944,"harder and harder she bounced , the sound of skin slapping along with grunts and panting echoing through the room ."
7945,"when pesh 's fingers came to tease her clit , she came undone , crying out and collapsing onto his chest ."
7946,he continued raising his h*ps to pump into her until he came a few moments later .
7947,"brushing the hair out of her face , pesh stared up at megan with a satisfied expression ."
7948,she brought her lips to his for a gentle kiss .
7949,"`` i love you , mr ."
7950,nadeen . ''
7951,`` do you ? ''
7952,she bobbed her head .
7953,"`` i love you and your talented fingers and dick , all of who give me wonderful orgasms . ''"
7954,he barked out a laugh .
7955,"`` i 've married such a naughty girl , have n't i ? ''"
7956,"`` yes , you have . ''"
7957,"`` i would n't have you any other way , my love . ''"
7958,megan smiled as he slid free of her body .
7959,"easing her onto her side , pesh spooned up behind her , nuzzling his face in her neck ."
7960,"`` rest now , '' he said , drowsily ."
7961,"`` yes , you need your rest ."
7962,i 'm going to want more of you in a little while . ''
7963,his chuckle made her tingle with love and lust .
7964,"with the feel of his arm wrapped around her , megan let her drooping eyes close and drifted off to a contented sleep ."
7965,"chapter twenty-three as they sat outside the courtroom waiting to be called in , megan adjusted mason 's blue and white striped tie for the hundredth time ."
7966,"`` mommy , no , '' he pleaded ."
7967,she snatched her hands away .
7968,"`` i 'm sorry , sweetheart ."
7969,i 'll leave you alone . ''
7970,"`` tank you , '' he replied , going back to his game on his tablet ."
7971,the truth was her nervous hands needed to be doing something .
7972,"sensing her need , pesh reached over and took her hands in his ."
7973,`` relax .
7974,everything is going to be fine . ''
7975,"megan wanted to believe him , but she could n't help feeling anxious ."
7976,she would n't be able to calm down until the ink had dried on the paperwork .
7977,"her feet , encased in black heels , tapped anxiously on the floor ."
7978,the clattering noise echoed around the atrium .
7979,"as she glanced between pesh and mason , megan had to smile ."
7980,the two men in her life looked almost identical today in their navy suits and ties .
7981,of course mason 's was considerably smaller than pesh 's .
7982,"when the door opened and a clerk poked her head out the door , megan 's heartbeat started thrumming faster and faster ."
7983,`` megan nadeen ? ''
7984,she shot off the bench .
7985,`` that 's us .
7986,"i mean , i 'm megan nadeen . ''"
7987,the clerk smiled .
7988,`` you guys can come in now . ''
7989,"taking a deep breath , megan reached for mason 's hand ."
7990,"`` this is it , baby . ''"
7991,he grinned and then glanced up at pesh .
7992,`` you be my daddy now ? ''
7993,pesh smiled .
7994,"`` yes , i 'm going to be your daddy for real now . ''"
7995,they walked through the massive doors of the courtroom .
7996,"the judge , in his ominous black robe , gazed down at them from his bench ."
7997,"`` good morning , '' he said , politely ."
7998,"`` g-good morning , '' megan stammered ."
7999,"`` i understand that we 're here today to petition for the adoption of the minor child , mason patrick mckenzie ? ''"
8000,"`` yes , '' megan and pesh replied ."
8001,"`` first , we need to swear you all in , '' the judge said ."
8002,"megan went through the motions of the procedure , trying desperately to calm her nerves ."
8003,"when pesh had first broached the subject of formally adopting mason , she initially had been thrilled and honored ."
8004,but then she had to worry about whether davis would allow pesh to adopt mason or not .
8005,"although he still had nothing to do with his son , davis had n't shown a lot of enthusiasm about the prospect ."
8006,"the closer they got to the adoption hearing , the more megan worried that he would refuse ."
8007,"`` dr. nadeen , i understand that you wish to adopt the minor child of your wife ? ''"
8008,pesh nodded enthusiastically .
8009,"`` yes , your honor , i would . ''"
8010,"`` i see that you and your wife have been married less than two months , and that you 've only known her a year . ''"
8011,the judge adjusted his glasses that had slid down his pointy nose .
8012,`` do you think it wise to legally bind yourself to this child after such a short time ? ''
8013,megan fought the urge to stalk up to the bench and smack the judge .
8014,"instead , she took deep breaths and tried to reign in her temper ."
8015,she glanced over at pesh who merely smiled pleasantly at the judge .
8016,"`` your honor , i realize that on paper it might seem as though i am rushing into things ."
8017,"however , i 've never been more certain of anything in my life as i am about my love for megan and in turn , my love for mason ."
8018,"i 've waited a long time to be a father , and i do n't want to have to waste another second . ''"
8019,`` i see . ''
8020,the judge eyed the folder open before him .
8021,`` i understand the biological father has had no contact with the child . ''
8022,"`` that 's correct , '' megan replied ."
8023,`` he has also waved his parental rights so that dr. nadeen can adopt his son . ''
8024,megan exhaled a relieved breath that davis had signed the paperwork .
8025,"`` i 'm glad to hear that , your honor , '' she said ."
8026,`` do you feel that your husband will make a good father for your son ? ''
8027,"`` i never would have dated , least of all married him , if i did n't believe that pesh would be a good and loving father to mason . ''"
8028,`` so the fact that he is a wealthy doctor had nothing to do with it ? ''
8029,`` how dare you ! ''
8030,megan cried .
8031,"when pesh grabbed her arm to silence her , she slung him away ."
8032,"`` you 've known us for two minutes and you 're making assumptions about me , my husband , and my marriage ?"
8033,"if this were about money , i could have used his father for child support considering he is a wealthy nfl player ."
8034,but i would have sacrificed everything to ensure that my son had a good father ! ''
8035,"`` mrs. nadeen , i will ask that you control yourself , or i will have to hold you in contempt , '' the judge said sternly ."
8036,"pesh wrapped his arm around her waist , drawing her against him ."
8037,"`` easy , '' he murmured ."
8038,"although she hated to do it , she said , `` i 'm sorry , your honor . ''"
8039,"when he smiled at her , she gasped in surprise ."
8040,"`` and i am sorry for rattling you , mrs. nadeen ."
8041,i often say or do unorthodox things to see the true nature of the people who come before me . ''
8042,"`` you mean , you said that to get a reaction from me ? ''"
8043,"`` yes , i did ."
8044,and you unwaveringly rose to my challenge .
8045,i can see that you are truly concerned with the wellbeing of your son . ''
8046,"still reeling from the judge 's behavior , megan mumbled , `` thank you . ''"
8047,"peering down over the bench , the judge surmised mason ."
8048,"`` son , do you know why you 're here today ? ''"
8049,"`` i gettin ' 'dopted , '' mason replied ."
8050,the judge smiled .
8051,"`` yes , you are ."
8052,do you want pesh to be your daddy ? ''
8053,"`` uh , huh . ''"
8054,`` do you want anyone else to be your daddy ? ''
8055,"`` no , '' mason replied quickly , shaking his head back and forth ."
8056,`` then come up here while i sign the paperwork . ''
8057,mason happily ran around the side of the bench to the judge .
8058,he climbed up onto the judge 's lap .
8059,"after signing several sets of papers , the judge handed mason his gavel ."
8060,"`` once you bang that gavel , pesh is officially your daddy , and you are mason nadeen . ''"
8061,"with a broad grin , mason brought the gavel down ."
8062,"tears stung megan 's eyes , and she gladly let pesh pull her into his arms ."
8063,"`` thank you , thank you , thank you , '' she murmured ."
8064,"`` i love you , '' he replied , squeezing her tight ."
8065,"`` i love you , too . ''"
8066,their attention was drawn to where mason kept banging the gavel .
8067,the judge chuckled .
8068,"`` okay , i think that is enough ."
8069,why do n't you go to your mommy and daddy now ? ''
8070,"`` tell the judge thank you , '' megan instructed ."
8071,"`` tank you , '' mason replied , before he hopped off the judge 's lap and came running to them ."
8072,`` i 'dopted !
8073,i 'dopted ! ''
8074,pesh bent down to pick him up .
8075,"`` that 's right , buddy ."
8076,you 're my son for now and always . ''
8077,megan smiled and patted mason 's back as they started out of the courtroom .
8078,`` come on .
8079,let 's go to papa 's .
8080,we 've got a big party for you there . ''
8081,mason 's face lit up .
8082,`` ice cweam ?
8083,"`` oh yes , there 's lots of ice cream just for you . ''"
8084,`` yay ! ''
8085,he cried .
8086,"when they drove up at patrick 's , megan did a double take at the sight of an inflatable bouncy castle out on the lawn ."
8087,"john , percy , and georgie were already making good use of it ."
8088,"`` emma , the party planning monster has struck again , '' she mused ."
8089,pesh chuckled as he got out of the car .
8090,he went to get mason while she started into the house .
8091,balloons and flowers filled the foyer and living room .
8092,"over the dining room archway , there was a giant congratulations mason sign ."
8093,"when she got to the kitchen , she sucked in a breath at the sight of all the catering pans ."
8094,"`` emma fitzgerald , what have you done ? ''"
8095,she questioned .
8096,"at the sound of megan 's voice , emma jumped ."
8097,"clutching her chest , she whirled around ."
8098,"`` okay , so maybe i found a really excellent deal on the bouncy castle ."
8099,like ridiculously cheap . ''
8100,megan crossed her arms over her chest .
8101,`` the food ?
8102,i thought mom and my aunts were cooking . ''
8103,"holding up one hand , emma replied , `` just williamson brothers bbq ."
8104,nothing fancy . ''
8105,`` anything else i need to know about ?
8106,live band or celebrity bursting out of a cake ? ''
8107,emma giggled .
8108,`` nope .
8109,that 's it . ''
8110,"megan watched emma bustle around the kitchen , setting up the plates and cutlery ."
8111,"`` um , is there anything i can do ?"
8112,"i mean , i feel pretty shitty considering this is my son 's adoption party , '' megan said , with a smile ."
8113,pink tinged emma 's cheeks .
8114,`` i 'm sorry . ''
8115,megan threw her arms around emma and squeezed her tight .
8116,`` do n't be sorry .
8117,you 're amazing to do all of this for us . ''
8118,emma smiled .
8119,`` you 're more than welcome .
8120,i 'm so happy for you and pesh and for mason . ''
8121,`` thank you . ''
8122,"when megan pulled away , emma said , `` oh , there is something you can do ."
8123,go tell aidan we 're about to start .
8124,he went to get caroline up from her nap . ''
8125,`` sure .
8126,i 'll be happy to . ''
8127,"as megan started down the familiar hallway , she stopped outside of aidan 's boyhood bedroom ."
8128,"through the crack in the door , she could see him walking around the room , bouncing caroline in his arms ."
8129,"at the sound of his singing , she had to stifle a laugh ."
8130,"ankle was many things , but a singer was n't one of them ."
8131,"`` sweet caroline , dum , dum , dum ."
8132,"good times never seemed so good , '' he crooned off-key ."
8133,"when megan pushed open the door , aidan jumped ."
8134,"`` um , hey , '' he said , a flush entering his cheeks ."
8135,"`` i never really pictured you as a neil diamond fan , '' she said , with a smile ."
8136,"`` yeah , well , sweet caroline seems like the right thing to sing to her . ''"
8137,he cleared his throat .
8138,`` what are you doing in here ? ''
8139,`` emma wanted me to come get you . ''
8140,"`` oh , '' he said ."
8141,"in his arms , caroline began to whimper , her little fists flailed ."
8142,"`` shh , it 's okay , sweet pea ."
8143,where was i ? ''
8144,"`` i 've been inclined , '' megan answered him ."
8145,"`` right , '' he said , over caroline 's cries ."
8146,"when he picked back up with the song , megan said , `` that 's really unfair to torture her like that . ''"
8147,"as aidan scowled at megan , caroline began to quiet ."
8148,aidan 's expression then turned triumphant .
8149,`` see ?
8150,she likes it when i sing to her . ''
8151,"`` but you ca n't sing , '' megan protested ."
8152,aidan shrugged .
8153,`` it does n't matter to her . ''
8154,megan laughed .
8155,"`` she has a mother with a killer voice , yet she likes to listen to you ? ''"
8156,"flashing his signature cocky grin , aidan replied , `` what can i say ?"
8157,all women love me . ''
8158,"with a roll of her eyes , megan said , `` give me a break . ''"
8159,"glancing down at caroline , aidan said in a sing-song voice , `` do n't you have the sweetest , handsomest , and most wonderful daddy in the whole wide world ? ''"
8160,caroline cooed at his question and kicked her legs .
8161,`` she 's a smart girl because she knows how lucky she is . ''
8162,"`` you 're terrible , '' megan said , with a grin ."
8163,aidan looked from his daughter over to megan .
8164,`` you want to hold my most perfect little princess ? ''
8165,`` i would love to . ''
8166,she held out her arms as aidan passed caroline to her .
8167,"outfitted in a frilly purple dress and purple bow , caroline looked like she could be modeling baby wear ."
8168,"unlike noah 's strawberry blond hair , hers was a deep auburn ."
8169,she had also inherited her mother 's green eyes .
8170,"`` i have to agree that you 're a lucky girl because you look just like your mother , '' megan said ."
8171,aidan laughed .
8172,"`` yeah , she is a little mini-emma , is n't she ? ''"
8173,`` she is .
8174,"boy , she 's going to give you hell when she 's a teenager , '' megan teased ."
8175,`` i know .
8176,"trust me , i know . ''"
8177,"as caroline smiled up at her , megan could n't help sighing ."
8178,"`` you 're a bad influence , missy ."
8179,you make me want to have another baby . ''
8180,`` is that a bad thing ? ''
8181,aidan asked .
8182,"`` no , it 's just ... '' `` just what ? ''"
8183,`` i asked pesh to give me a year of marriage before we start trying .
8184,"i know he 's ready right now , but i just want this time with him ."
8185,"you know , just the two of us . ''"
8186,`` that 's understandable . ''
8187,`` but holding her ... '' megan shook her head .
8188,"`` you 're just bad for business , miss caroline . ''"
8189,aidan laughed .
8190,`` tell me about it .
8191,"whenever i hold her or noah , i think how much i 'm going to miss it when they 're not babies anymore ."
8192,it nags at me enough that i think i 'll be okay if we have more . ''
8193,`` no vasectomy on the horizon ? ''
8194,he grinned .
8195,`` no yet .
8196,still not ruling it out though .
8197,"and as far as you and more babies , you 'll know when the time is right ."
8198,"and if anyone is patient and understanding , it 's pesh . ''"
8199,"`` that 's true , '' megan murmured ."
8200,mason appeared in the doorway then .
8201,"`` 'mon , mommy ."
8202,want ice cweam ! ''
8203,megan laughed .
8204,"`` okay , let me give your little bad influence back to you , '' she said , handing caroline to aidan ."
8205,she then took mason 's hand and started out of the bedroom .
8206,`` daddy says i have ice cweam first . ''
8207,`` did he ? ''
8208,"megan said , as she planned to strangle pesh ."
8209,`` uh huh .
8210,'cause it 's my 'doption day . ''
8211,"when she met pesh 's eye , she raised her brows ."
8212,"immediately , his face flushed ."
8213,"`` spoiling him rotten already , are n't you ? ''"
8214,she questioned in a low voice .
8215,`` i could n't help it .
8216,it 's a special day . ''
8217,"`` mmm , hmm , and when this special day turns into an all nighter because he 's hyped on sugar , you 're going to deal with him . ''"
8218,pesh grinned .
8219,`` i will .
8220,i promise . ''
8221,megan leaned up to kiss him .
8222,`` you 're too sweet for your own good .
8223,you 're always going to have me playing bad cop when it comes to discipline . ''
8224,"`` but you love me anyway , right ? ''"
8225,he murmured against her lips .
8226,`` so much i was almost ready to reconsider our plan about when we 're starting a family . ''
8227,his eyes bulged at her response .
8228,it took him a few moments to speak .
8229,"`` that means a lot that you would do that , but deep down i know how you really feel ."
8230,"so , i 'm going to be good and patiently wait ten more months before confiscating your birth control . ''"
8231,"`` it 's a deal , '' she replied , before kissing him again ."
8232,"epilogue as soon as he finished with his last patient , pesh practically sprinted from the exam room ."
8233,"he hustled into the doctors ' lounge , trying hard to keep his head down and not call any attention to himself ."
8234,he wanted to be able to get out the door without anyone calling him back for a consult or to pull a longer shift .
8235,"once he had retrieved his things , he started for the parking lot ."
8236,`` dr .
8237,nadeen ! ''
8238,kristi called .
8239,"inwardly , he groaned ."
8240,`` yes ? ''
8241,"he questioned , as he turned around ."
8242,"`` you were n't leaving , were you ? ''"
8243,she asked .
8244,he exhaled a defeated breath .
8245,`` i was planning on it .
8246,does someone need me to cover for them ? ''
8247,kristi winked at him .
8248,"`` thought you were screwed there for a minute , did n't you ? ''"
8249,a relieved laugh escaped his lips .
8250,`` i did . ''
8251,she smiled .
8252,`` i have something for megan . ''
8253,"`` honestly kristi , you did n't need to do anything else for us . ''"
8254,"waving her hand dismissively , she handed a pink gift bag to him ."
8255,`` i wanted to do this . ''
8256,"after peeking inside , pesh smiled before he leaned down to hug kristi ."
8257,`` thank you .
8258,i 'm sure she 'll love it . ''
8259,`` you tell her we miss her around here . ''
8260,`` i will . ''
8261,she patted his back .
8262,`` now go on home to your girls . ''
8263,he nodded and then hurried out the door .
8264,today had been his first day back after taking both paternity leave and some of his many amassed sick days .
8265,"as he slid into the seat of his jaguar , he felt a rush of embarrassment at how he had actually gotten teary on the way to work that morning after leaving megan ."
8266,it had been the longest shift of his entire life .
8267,he thought he would never be through so he could get home to her .
8268,"even now , the usual ten-minute drive home seemed to take an eternity ."
8269,he anxiously drummed his fingers on the steering wheel .
8270,"he 'd tried not to pester megan with too many calls and texts , but after the tenth , `` how are you guys ? ''"
8271,"text , she 'd told him to lighten up and get his head in the game at work ."
8272,that 's why he did n't even bother telling her he was on his way home .
8273,"as he pulled into the driveway , he noticed emma 's suv ."
8274,he was glad to know that megan had n't been alone without him .
8275,"when he pushed through the garage door into the kitchen , emma was at the stove ."
8276,"`` hello , '' he called pleasantly ."
8277,"whirling around , she gave him a beaming smile ."
8278,"`` hello to you , too . ''"
8279,`` how are my girls ? ''
8280,`` good .
8281,they 've slept most of the day . ''
8282,pesh nodded .
8283,"noticing how quiet the house was , he asked , `` where 's mason ? ''"
8284,"`` patrick came by and got him , along with noah and caroline , a little while ago . ''"
8285,she cocked her head at pesh and grinned .
8286,"`` although he swore to me that he would n't ruin their dinner , i have a feeling they 're having ice cream right now . ''"
8287,pesh smiled at the mention of his son .
8288,"although he was n't mason 's biological father , the love he felt for him was just as strong as if he had been a part of his conception ."
8289,"from the moment he 'd been able to adopt him , he had felt an even stronger bond than before , especially whenever he saw `` mason nadeen '' written on his pre-school paperwork ."
8290,"more than anything , he relished being a father ."
8291,"he had been forced to wait so long , while desiring it so hard , that it made it all the more sweeter ."
8292,"because mason adored baseball , pesh had bought season tickets to the braves , rather than the opera ."
8293,"even though pesh had never been athletically inclined , he signed up to help coach mason 's little league team as well ."
8294,"every time he heard mason say `` daddy , '' it warmed his heart the same as it did to hear megan say `` i love you . ''"
8295,pesh eyed the dishes on the stove .
8296,`` it 's awfully kind of you to come stay with megan on my first day back .
8297,but we certainly did n't expect for you to cook . ''
8298,`` it 's my pleasure .
8299,"besides , it kills two birds with one stone-i can feed my family and yours ."
8300,aidan 's coming by after work . ''
8301,`` good .
8302,i 'll be glad to see him . ''
8303,"as his gaze swept toward the living room , emma laughed ."
8304,`` go on .
8305,you do n't have to stay here with me .
8306,i know you want to see your girls . ''
8307,he smiled .
8308,`` thank you .
8309,i have missed them terribly today . ''
8310,"after giving emma a quick kiss on the cheek , he made his way into the living room ."
8311,"at the sight of megan sleeping on the couch next to a frilly pink pack n play , his chest swelled with so much love and pride he felt like it might explode ."
8312,"peeking over the side of the pack n play , he eyed his dark-haired daughters ."
8313,"after waiting so long to become a father , he had been doubly blessed when they found out they were having twins ."
8314,"while aidan liked to claim that his fear of the twin gene in his family had bypassed him , and instead , it had found its way to megan , that was n't entirely true ."
8315,"his girls were identical twins , which had nothing to do with old wives ' tales ."
8316,the two of them looked so much alike that megan put different colored socks on them to tell them apart .
8317,"although it had freaked megan out a little at the prospect of two babies to care for along with mason , pesh was thrilled ."
8318,every aspect of the pregnancy and birth had been special to him .
8319,"thankfully , megan had been blessed with great health , although she had been advised to take early maternity leave to stay off her feet ."
8320,"after her clinicals , she had accepted a job in the er at wellstar , where they sometimes were on similar shifts ."
8321,the girls arrived only a few weeks short of their due date and were both healthy five pounders .
8322,"six weeks later , they were thriving and were the greatest joy in his life ."
8323,"sucking relentlessly on her pacifier , maya 's wide eyes took in her surroundings ."
8324,she stretched and flailed her arms .
8325,"if she was n't careful , she was going to hit her sister ."
8326,"since sara remained sleeping soundly , pesh bent over and picked maya up ."
8327,he kissed her cheek before drawing her close to his chest .
8328,"as he stared into her tiny face , he could n't help the surge of love that overtook him ."
8329,"for all the years of struggle and heartache he had endured , it was moments like these that made him feel as though he was finally complete ."
8330,"his heart was full , and he was so thankful ."
8331,"once they learned they were having girls , he and megan had decided to give them both indian and irish names to represent their combined heritages ."
8332,"maya , which meant princess and honorable in indian , was coupled with katherine , to honor emma , whose middle name was katherine ."
8333,"without emma , he and megan never would have met ."
8334,"sara , which meant 'soul ' , was given her mother 's real name , margaret , as her middle name ."
8335,"at the sound of megan 's gentle snores , he smiled ."
8336,`` did you wear your mommy out today ? ''
8337,he asked maya .
8338,she opened her tiny mouth like she wished she could respond to him .
8339,`` let 's wake her up . ''
8340,"after he swept a strand of megan 's long blonde hair out of her face , pesh leaned down to kiss her cheek ."
8341,she stirred as her eyes fluttered opened .
8342,"`` hey , '' she said with a lazy smile ."
8343,"`` hello , my love , '' he replied ."
8344,`` how was your first day back ? ''
8345,"she asked , as she stretched her arms over her head ."
8346,he grimaced .
8347,`` absolutely miserable without you and the girls . ''
8348,megan smiled .
8349,"`` we missed you , too . ''"
8350,she jerked her chin up at maya .
8351,`` she cried for thirty minutes straight after you left .
8352,i think we have a serious daddy 's girl on our hands . ''
8353,`` really ? ''
8354,"he asked , gazing down at maya ."
8355,he could n't help the warm glow that spread through his chest at megan 's words .
8356,"at just six weeks old , his girls were already showing distinct and different personalities ."
8357,maya was inquisitive and fought sleep to be awake to see what all was going on .
8358,he 'd ended up holding her more than sara simply because maya often exhausted megan by not going to sleep .
8359,"sara , on the other hand , was already very sweet tempered and a natural snuggler ."
8360,"she probably represented his more laid-back , quiet personality where maya was likely to be a little firecracker , just like her mom ."
8361,"maya stared up at him , her dark eyes peering intently at him ."
8362,"`` did you miss me , my little princess ? ''"
8363,a fleeting smile appeared on her face .
8364,"`` oh my god , she smiled at you ! ''"
8365,megan cried .
8366,`` but babies do n't respond with smiling until later .
8367,"it must be gas or something , '' he argued ."
8368,megan nudged his leg with her knee .
8369,"`` she most definitely smiled at you , pesh . ''"
8370,she rose off the couch to rub maya 's cheek .
8371,"`` you smiled at your daddy , did n't you ? ''"
8372,"without taking her eyes off of pesh , maya flashed another smile and waved her fist ."
8373,the sight caused tears to sting his eyes .
8374,"he blinked fast , trying to clear them ."
8375,he did n't like feeling emotionally weak in front of megan .
8376,"but he knew he was busted the moment megan murmured , `` oh baby . ''"
8377,"she slid her arm around his waist , leaning up on her tiptoes to burrow her face in his neck ."
8378,`` do you know how much my love for you grows because you just got teary over your daughter ? ''
8379,he glanced down at her in surprise .
8380,`` really ? ''
8381,"`` mmm , hmm . ''"
8382,she gave him a brief kiss .
8383,"`` after davis , all i ever wanted was for my children to have a father who loved and adored them . ''"
8384,she smiled .
8385,`` you make that dream come true every day . ''
8386,he brought his lips to hers .
8387,his mouth worked frantically to illustrate all that he was feeling inside-the intense love that he felt would burst from him .
8388,"`` i love you , '' he murmured against her lips ."
8389,"`` i love you , too . ''"
8390,"just as he started to kiss her again , a loud commotion in the kitchen drew them apart ."
8391,megan rubbed his cheek tenderly before bestowing a kiss on maya 's head .
8392,"she then jerked her chin towards the kitchen , and he followed her ."
8393,patrick had just burst through the backdoor with all the kids in tow .
8394,`` we 're back ! ''
8395,"mason called , as he bobbed around the kitchen ."
8396,"three-year-old noah and his two-year-old sister , caroline , made a beeline for their mother ."
8397,they began chattering non-stop to emma while their bodies shook with unspent energy .
8398,pesh watched with amusement as emma 's hand came to her hip and she pointed her stirring spoon at patrick .
8399,"`` you gave them ice cream , did n't you ? ''"
8400,patrick shrugged .
8401,`` i 'm a grandfather .
8402,spoiling them is what i 'm supposed to do . ''
8403,emma rolled her eyes .
8404,"`` yeah , and then you bring them home to detox on my watch . ''"
8405,"`` mommy , i hungwy ! ''"
8406,"caroline protested , stomping her foot ."
8407,"with her auburn hair swept back in pigtails and her emerald eyes narrowing in determination , she looked just like her mother ."
8408,"well , her expression was pure aidan ."
8409,"`` caroline fitzgerald , you get one ice cream cone in you , and you start acting like you have no manners ."
8410,we do not stomp our feet to get what we want . ''
8411,"she appeared thoughtful for a moment before saying , `` pwease mommy , i vewy hungwy . ''"
8412,emma grinned .
8413,`` go wash up and then have a seat at the table in the dining room . ''
8414,"`` come on guys , '' mason said ."
8415,"at almost four-and-a-half , he was always the caretaker of his younger cousins ."
8416,noah and caroline followed him into the half bathroom off the kitchen .
8417,"cradling maya in his arms , pesh joined emma at the stove ."
8418,`` something sure smells good . ''
8419,`` thank you .
8420,it 's megan 's favorite chicken casserole .
8421,"then there 's broccoli and cheese casserole , green beans , and some cornbread , extra crispy on the edges just like megan loves it . ''"
8422,the corners of her mouth turned down in a frown .
8423,`` i 'm sorry it 's not indian food . ''
8424,he grinned .
8425,`` i would have been very surprised if it had been considering how much you did n't appreciate it many years ago . ''
8426,patrick nodded in agreement .
8427,`` that 's quite a spread you 've fixed for us . ''
8428,emma smiled .
8429,`` i was happy to do it . ''
8430,`` are you feeling all right ? ''
8431,"pesh asked , motioning to her expanding belly ."
8432,emma patted her bump lovingly before responding .
8433,`` i think i 've felt the best this pregnancy out of all the others .
8434,"you would think with a three and two-year-old , i would be exhausted all the time , but it 's amazing how good i 've felt . ''"
8435,patrick gave a beaming smile .
8436,`` i ca n't tell you how thrilled i am to be having yet another grandson to carry on the family name . ''
8437,"with a wink , he added , `` not to mention the fact he 's been given fine irish names . ''"
8438,"aidan and emma had found out the sex of their third , and final child , the week before ."
8439,"they had decided on the name connor liam , which was a double representation of irish names ."
8440,"while emma 's best friend , connor , was thrilled at the namesake , he also wanted them to call the baby connor as well ."
8441,"in the end , it would be liam fitzgerald joining the rest of the crew in four and a half months ."
8442,`` and is aidan still feeling okay ? ''
8443,pesh asked .
8444,"emma opened her mouth to answer him , but aidan chose that moment to walk in the door ."
8445,"`` me and my soon to be non-swimmers are just fine , '' he replied , with a grin ."
8446,a week before he had gone under the laser for a vasectomy .
8447,"while caroline had been a surprise , liam had not ."
8448,"with emma nearing thirty-four , they thought it best to finish out their family while they were still young ."
8449,"and while emma was pregnant and there were no worries about conception , aidan thought it was the best time to get his vasectomy and let it take effect ."
8450,`` daddy ! ''
8451,"caroline squealed , as she came bounding around the corner ."
8452,aidan 's grin grew wider as he took his daughter in his arms .
8453,`` hi sweet pea . ''
8454,"she kissed both of his cheeks before she started wiggling , wanting down ."
8455,"noah ran to him next , and he got to hold his son a little longer as noah told him all about his day helping out with the babies ."
8456,a cry from the living room snapped pesh 's attention away from aidan and emma .
8457,"megan was bending over the pack n play , picking up sara ."
8458,"`` aw , what 's wrong , sweetheart ? ''"
8459,"she cooed , as she took sara into her arms ."
8460,"as megan rocked her back and forth , sara continued wailing , which caused maya 's face to crumple up as well ."
8461,`` you must be hungry . ''
8462,"`` i 'll get their bottles , '' pesh called , over the twin 's loud cries ."
8463,`` thank you . ''
8464,"as emma worked to gather the kids , along with patrick and aidan , around the dining room table , pesh got busy heating up the formula ."
8465,"once he had the two bottles fixed , he grabbed them and then went to the dining room ."
8466,megan was already seated with mason trying to entertain sara to stop crying her crying .
8467,he passed a bottle to megan before sitting down himself .
8468,he 'd barely gotten the bottle in her mouth before maya started sucking greedily at the formula .
8469,"as aidan reached to start spooning some chicken casserole onto his plate , patrick shot him a disapproving look ."
8470,"with a sigh , aidan dropped the serving spoon ."
8471,"`` you gon na say grace even though it 's not your house , pop ? ''"
8472,"`` why yes , i am ."
8473,"it 's good for all these children to learn , '' he replied , motioning to noah and caroline who sat between their parents , and then over to mason ."
8474,"`` it should be up to pesh and megan whether it 's said or not , '' aidan grumbled ."
8475,pesh held up his free hand that was n't holding maya .
8476,`` it 's fine .
8477,"truly , i do n't mind . ''"
8478,aidan mouthed `` suck up '' at him before grinning .
8479,pesh merely shook his head at aidan 's antics .
8480,"`` then let 's return thanks , '' patrick said ."
8481,"with maya still taking long pulls at her bottle , pesh bowed his head ."
8482,"as patrick recited the blessing , pesh could n't help feeling so very blessed himself ."
8483,"three years ago , the dining room would have been empty ."
8484,"most likely , he would have been grabbing something on the way home or finishing some leftover takeout ."
8485,"but now , he had a beautiful , loving wife by his side-one he fell a little more in love with each and every day ."
8486,"across from him , he had a son who was strong and healthy ."
8487,"in his arms and his wife 's , he had two daughters who he could n't wait to see what the future held for them ."
8488,he also had the love and support of good friends and family .
8489,"at the end of the day , true love in its many forms was all you could really hope for and cling to ."
8490,chapter 1 that 's it .
8491,"i 'm spanking her ass as soon as we get back to the house , right before i f**k her little ass into submission ."
8492,i watched with the other couple hundred thousand spectators as she gyrated her ass and flaunted what belonged to me for all to see .
8493,"yes , i know it 's her job as the newest and hottest pop sensation on the scene today , but we talked about this shit ."
8494,"i have no problem with her performing , but there 's such a thing as going too far ."
8495,she 'd come out on the stage dressed conservatively enough in the floor length dress with the split up the middle to her crotch .
8496,"even that was a bit risque for my taste , but i could n't expect her to change everything overnight ."
8497,"what i did n't expect , and what was now driving me insane , is the two piece bikini number she was now wearing after dropping the dress , or more to the point , after one of the male dancers had undressed her on stage ."
8498,no one sitting near me could tell that i was seething with rage .
8499,i kept my face at ease and my slouch in the chair in the front row of the awards show was that of a man with nothing on his mind but enjoying the show .
8500,"by now everyone knew we were an item , the thirty-five year old business mogul , and the twenty -three year old pop sensation ."
8501,we 'd been able to keep our affair hidden for all of two months and that only because of my high security .
8502,but now the cat was out of the bag and everyone was in our f**king business .
8503,"i was n't too worried about it , i just do n't like my personal life splashed across the headlines , but i guess it came with the territory ."
8504,i 'd seen her for the first time three months ago .
8505,it was at a lingerie show of all things .
8506,"not my usual milieu , but my sister had dragged me along since her husband was away on business , and she did n't want to go it alone ."
8507,i 'd sat there prepared to be bored out of my mind for the next two hours or so .
8508,"i 've seen and had my fair share of models over the years , and they no longer appealed ."
8509,so imagine my surprise when she came on stage .
8510,"i had no idea who she was , but from the crowd 's reaction she was someone of note ; before she even opened her mouth to sing the place had gone insane ."
8511,"it was her voice that caught my attention first , sultry and hot , with an old world flavor to it ."
8512,"when i finally looked up at the stage , my breath had got caught in my lungs ."
8513,she was f**king magnificent .
8514,i wondered how many of the men in the audience were focused on her instead of the scantily clad models as they made their way down the runway .
8515,"i know i spent the next three minutes or however long the song was , totally captivated by her ."
8516,i pulled my phone and cancelled my dinner date and essentially ended the six-month relationship i 'd been barely having with another woman .
8517,"i 'm a man of action , i 've learned in the cutthroat world of high finance that there 's no other way to be ."
8518,"when i see something that i want , i go after it ."
8519,consequences be damned .
8520,they had her name highlighted behind her on the stage so i used my phone to google her .
8521,i needed to find out what moves i had to make to acquire her .
8522,"if she were married , i 'd step back ."
8523,that 's not my style .
8524,"anything else , she was fair game ."
8525,shiane ; she was twenty-three years old and had been heating up the charts for the last two with hit after hit since her debut .
8526,she 'd only been linked with one guy in the past two years .
8527,"some on again , off again deal with a kid who was not much older than she ."
8528,they were having an off period ; perfect .
8529,"if i had anything to say about that , it would be a permanent thing , or until i 'd had my fill at least ."
8530,i 'm not one for long relationships .
8531,i stay as long as they run their course and leave when they 've grown stale .
8532,i have yet to find a woman who could hold my interest for more than a few months at a time .
8533,and i always let them know up front what the deal is .
8534,though it seemed women were always saying they were fine with it until the end came .
8535,"like cynthia , that night when i 'd called to tell her it was over ."
8536,it was n't the most conventional way to do things .
8537,"usually , i sent over one of tiffany 's little blue boxes to ease the blow , but there was no time , so i 'd have to do it the next day ."
8538,she started to get upset on the phone and i had to remind her of the words i 'd spoken on our first date .
8539,"she was n't too happy , but it will have to suffice ."
8540,"as much of a bastard as i am , the thought of pursuing one woman while embroiled with another , just did n't suit me ."
8541,"after the phone call , i 'd sat there and watched the anorexic looking clothe-horses as they pranced up and down the stage ."
8542,"there was still a buzz about the hot little starlet who 'd just left the stage , and i smiled quietly to myself when i heard some ass behind me tell his friends that he was going to make his move ."
8543,"the program said she had one more performance near the end of the show , so i sat patiently and waited ."
8544,"when she came out the second time , i actually sat up in my seat ."
8545,my back was n't the only thing that went ramrod straight .
8546,"though i did n't appreciate the comments from the other men around me that night , i had to admit that she was f**king hot , as one of them had claimed ."
8547,she was dressed pretty much like one of the models ; only she 'd covered the panty and bra set with a see-through silk robe that did n't leave much to the imagination .
8548,she outshone everyone there and it helped that she actually had a body .
8549,"she was all smooth curves , and her legs , i could already imagine being held between them as i f**ked her ."
8550,"whether by providence , or fate , whatever you wan na call it , our eyes met , and in that split second i saw all i needed to know ."
8551,"i do n't think anyone else caught the faltering misstep in her routine , or heard the catch in her voice , but so in tuned was i , that i did n't miss a thing ."
8552,"chapter 2 i waited until her number was over and the last call for the models came through the pa. then i made my excuses to my sister , who thankfully , was involved in a conversation with the woman on her other side so was n't paying too much attention , and therefore was n't in my business ."
8553,"`` i 'll be right back sis , there 's something i need to take care of ."
8554,i made my way backstage the way i do most things ; like i owned the place .
8555,"bypassing scantily clad women and harassed assistants , i avoided their hungry gazes as i kept my gaze peeled for that waterfall of cascading curls ."
8556,she was off to the side surrounded by a bevy of people who were trying to hustle her through a door to the back .
8557,i made my way towards them and grabbed her elbow .
8558,she looked back and up and in her eyes i saw acceptance .
8559,she turned to the pushy woman next to her and whispered something before following me .
8560,she did n't really have a choice as i had no intentions on releasing my hold on her .
8561,"as soon as i found an empty room , which turned out to be some sort of storage space , i did something i do n't recall having ever done before , but had been dying to for that last hour or so ."
8562,"crowding her back against the door to keep it closed , i held her eyes as i lowered my head to hers ."
8563,"licking across her lips , i found the taste of strawberries suddenly intoxicating ."
8564,i pushed one leg between hers and pulled her body in close as i fed her my tongue .
8565,`` fuck you 're sweet . ''
8566,i nibbled from her lips to her ear .
8567,`` you 're coming home with me . ''
8568,"`` i ca n't i ... '' i buried my hands in her hair , pulling her head back ."
8569,`` whatever it is that you 're about to say wo n't make a difference .
8570,feel this . ''
8571,i pressed her hand against her own racing heart .
8572,`` now feel this . ''
8573,lifting her i pushed my c**k into the junction of her thighs where i could feel her hot pu**y through the silk of her clothing .
8574,`` do you feel that ?
8575,that means that no one and nothing is going to stand in the way of me having you .
8576,"we do n't have to f**k tonight , but you 're sleeping in my bed . ''"
8577,she seemed overwhelmed by my approach and rested her head against my chest .
8578,i took the opportunity to call my sister and make my excuses .
8579,"`` sis , i 'm sending a car for you , something came up and i have to leave . ''"
8580,we said our goodbyes and i called my driver who was having an evening off since i 'd driven my sister here tonight .
8581,he had no problem with the last minute call since he knew he 'd be handsomely compensated for the inconvenience .
8582,`` let 's get out of here . ''
8583,"i do n't know how we escaped the glare of flashing cameras that night , but somehow we did ."
8584,i 'd covered her scantily clad body with my suit jacket and held her under my arm as we made our way to the valet parking where they 'd brought my bugatti around in less then five minutes .
8585,i held her hand all the way to my home in the car .
8586,there were no words spoken between us in the ten minutes or so it had taken for us to get there .
8587,i could feel the racing of her pulse and see the apprehension in her eyes .
8588,"when i helped her out of the car in the underground garage , i pressed her up against the door and swallowed her tongue again ."
8589,she was young and fresh and so f**king sweet she made me ache .
8590,"i loved the way she rubbed herself against my cock , almost as if she could n't help herself ."
8591,`` i 'm going to enjoy having you under me shiane . ''
8592,"i took her hand and led her into the building , bypassing the bank of elevators to my own personal lift in the corner ."
8593,"she kept her head down , maybe because she did n't want to be recognized by the doorman and security , or maybe because she was shy , i was inclined to believe it was the latter ."
8594,"once we got to my penthouse , she seemed shy and unsure of herself ."
8595,i 'm not one to buy into preconceived notions .
8596,"there 's been plenty written about me in the tabloids over the years that bears no resemblance to the truth , and though i had n't come across anything inflammatory about her in my little impromptu search , i was sure she dealt with her fair share of bullshit ."
8597,i also had to take into consideration her age .
8598,"she was young yet , for all that she was world travelled and famous , sometimes those things could hide a multitude of things ."
8599,like the fact that her shyness and hesitance was not contrived .
8600,my first order of business was to put her at ease .
8601,"walking over to where she stood in front of the door as if ready to escape at a moment 's notice , i took my jacket from around her shoulders ."
8602,i kept my eyes on her bent head until i threw the jacket in the general direction of the chair in the corner .
8603,"then lifting her chin with the tip of my finger , i looked into her eyes ."
8604,"`` you have nothing to fear here ; it 's like i said , we do n't have to f**k each other tonight ."
8605,"i can maybe hold off until tomorrow , but i want you in my bed , in my arms ."
8606,"what i saw tonight , i would be a fool to waste any time . ''"
8607,"`` um , what 's your name ? ''"
8608,i threw my head back and laughed uproariously .
8609,i 'm such a beast .
8610,i had n't even introduced myself .
8611,it 's a wonder she had n't run away screaming bloody murder .
8612,`` i 'm trace mckenzie . ''
8613,her eyes widened a bit at my name and led me to my next question .
8614,`` you know my name ? ''
8615,"`` everybody knows who you are , do n't they ? ''"
8616,"`` i do n't know about everyone , but maybe a good few do ."
8617,can i get you something to drink ?
8618,"what do you usually do after a performance , which was magnificent by the way . ''"
8619,`` i usually have warmed lemon and honey with a glass of water .
8620,"it helps keep my throat soothed , but i do n't expect you to have that stuff here , so it 's okay . ''"
8621,she bit her lip and looked down at her feet even more shy now .
8622,very endearing .
8623,i walked over to the in house phone and called down to have them go pick me up what she needed from the all-night market a few blocks over .
8624,`` that 's taken care of .
8625,it should be here in a few .
8626,why do n't we go out onto the patio and relax until they get here ? ''
8627,i took her elbow and led her outside where the stars were putting on a show in the night sky .
8628,"i was amazed at my control , everything in me wanted in her now ."
8629,"but somehow , i knew this , whatever it was between us would n't be rushed ."
8630,i quirked my brow at my thoughts .
8631,i 'm not one for patience and i 'd be the first to admit it .
8632,"she moved to sit in the chair next to mine , but i had other ideas ."
8633,"pulling her down into my lap , i did n't give her time to protest before my lips were covering hers again ."
8634,i could n't seem to get enough of her taste .
8635,she was wearing the same silk robe and underwear she 'd worn on stage and her body 's heat seared me .
8636,"by the time the bell chimed announcing the arrival of her delivery , my hands were buried in her beautiful hair and my c**k was digging into her hip ."
8637,i sat her in the seat a little dazed and went to answer the door .
8638,in the kitchen i prepared the concoction for her and had a weird sense that i was going to be doing that a lot in the future .
8639,"that 's something else i never pay too much attention to , the future ."
8640,i usually let the chips fall where they may .
8641,"`` here love , i hope it 's the way you like it . ''"
8642,she took the tumbler from me and sipped .
8643,"`` umm , perfect thanks trace . ''"
8644,i hunkered down in front of her and she stopped with the glass halfway to her lips .
8645,i held her eyes as i tried to form the words in my head .
8646,`` do you have any upcoming engagements planned ? ''
8647,"`` i have three weeks until my next show , i do n't go on tour for another couple of months and i just wrapped up in the studio a few days ago . ''"
8648,`` then the next three weeks are mine .
8649,let 's go to bed tomorrow is going to be a long day . ''
8650,i took the empty glass from her and led her inside .
8651,she was back to being nervous which was totally understandable .
8652,`` the bedroom 's through there with an en suite bath if you 'd like .
8653,i 'll find you something to sleep in . ''
8654,she walked on in the direction i 'd pointed out while i turned for the kitchen .
8655,when i made it back to the bedroom she was in the shower .
8656,it took everything i had in me not to go after her .
8657,the night sure was turning into one for the books .
8658,i 've never brought a woman home for the sole purpose of just having here there .
8659,she came out fifteen minutes later and i fought the kick in my heart .
8660,she looked like a teenager with her hair brushed out around her shoulders and her face bare of makeup .
8661,i walked over and unwrapped the towel she had clutched in her fist .
8662,"`` fuck me , it 's gon na be a long f**king night . ''"
8663,she was perfection .
8664,"her tits , which for some reason had been hidden in the robe were magnificent , i would say a dd or close , with pale pink ni**les that almost blended into the rest of her flesh ."
8665,"her waist was tiny , i could easily span it with my hands and her hips had a nice flare to them ."
8666,all woman and now all mine .
8667,it was topped off with a homegrown beauty that you never see these days .
8668,"pink flesh with a hint of a tan on her cheeks , and the cutest sprinkling of freckles across her perfectly upturned nose ."
8669,`` i see you 're a real blonde . ''
8670,her whole body lit up with her blush at my mention of the strip of hair over her pu**y mound .
8671,i kissed the top of her head as i passed her the tee shirt i 'd chosen for her to sleep in .
8672,"another first , i usually avoided too much familiarity with the women i dealt with ."
8673,"having her sleep in my favorite old college shirt was very telling in deed , but we 'll see how this plays out ."
8674,"`` i 'll be right out sweetie , you can watch tv until i 'm done or if you 're tired go to sleep . ''"
8675,i left her standing there and went to my own shower before i went back on my word and threw her to the ground and f**ked her the way i imagined .
8676,"i barely avoided rubbing one out in the shower ; just let the water beat down on me as cold as i could stand it , cooling me down a little ."
8677,when my felt the slight ping in my heart i held my hands out to wall and hung my head as the water cascaded down on me .
8678,"i knew what was happening to me , knew it down to my bones , should i fight it or let it take its natural course ?"
8679,"i 'd never felt threatened before , in all my years of playing the filed , there was never a time when my bachelorhood was in danger ."
8680,"it was too early yet , or at least that was the crutch i held onto as i turned the water off and stepped out of the marble shower stall ."
8681,wrapping a towel around my hips and grabbing another i walked into the bedroom to find her asleep .
8682,my new baby was tired .
8683,"i stood over her , taking in the softness of her beauty in sleep ."
8684,i wonder how many people had ever seen this side of her .
8685,i had a brief stab of jealousy at the thought of the boy she 'd been linked with .
8686,"i ran my fingers gently through her hair , going softly so i did n't awaken her ."
8687,i shook my head at myself after i leaned over and kissed her hair .
8688,`` so f**king beautiful . ''
8689,i whispered the words in her ear before heading to the closet for some boxer shorts .
8690,"no sleeping in the buff tonight , i 'd changed the game plan somewhere between seeing her on that stage and handing her that tee shirt ."
8691,"i was treading unchartered waters here , so we 'll play it by ear , but there 's always been one constant with me throughout my lifetime ."
8692,i always play to win .
8693,i could n't help drawing her into my arms when i finally crawled into bed .
8694,"she just cuddled into my chest and settled , just like this kitten i once had as a child ."
8695,what the f**k ?
8696,i have n't thought of my f**ked up childhood or anything to do with it in a long time .
8697,"i looked down at the head on my chest and felt fear for the first time in my life , or at least for the first time in forever ."
8698,what was i to do with this new thing that was growing inside of me ?
8699,i have no notion of how to deal with love and all its trappings .
8700,"i 'm man enough to own my feelings , but logical enough , grounded enough not to believe in love at first sight ."
8701,"but this whatever it was that had hit me from out of left field , was a close second ."
8702,i fell asleep with the thought of what tomorrow might bring for us .
8703,"first time in thirteen years , that i did n't close my eyes with a spreadsheet running through my head ."
8704,chapter 3 in the morning my eyes popped open to land on hers as she looked up at me from her place on my chest .
8705,`` morning beautiful girl . ''
8706,i drew her in for a cuddle and to sniff the morning scent of her skin .
8707,"she felt right in my arms , in my bed ."
8708,when i pulled back she was looking at me askance .
8709,"`` this is so weird , i hope you do n't think i 'm in the habit of going home with strange men ... '' `` whatever you did or did not do before we met last night is in the past ."
8710,"besides , i do n't remember giving you much of a choice . ''"
8711,"`` i 'm gon na kiss you now sweet shiane , do n't worry about my hard cock , it ca n't seem to help doing that around you . ''"
8712,i turned her onto her back and covered her body with mine .
8713,starting at her ear i kissed my way down her jawline to the corner of her mouth before taking soft nibbles of her lips .
8714,"i did n't force my way in this time , but made her want my tongue so much that she was the one who came in search of it ."
8715,she was the one who took my face in her hands and forced my lips open with her tongue .
8716,i told myself to go easy even as i pressed my aching c**k into her heat .
8717,her shirt had ridden up so that all that stood between us were a few scraps of silk .
8718,"my control lasted for all of ten seconds before i was eating at her lips , my hands roaming all over her body ."
8719,"`` fuck , f**k , f**k ... shiane . ''"
8720,"i buried my face in her neck and prayed for the strength to leave it there , not to push her panties aside and slip into her heat that i knew was going to own my ass ."
8721,"when she nuzzled my head and squeezed me between her legs , i knew the jig was up ."
8722,`` baby we got ta get up ; i 'm trying to keep my word here but you 're not making it easy . ''
8723,"i sucked the skin of her neck between my teeth and rocked my c**k back and forth into her , my c**k ring hitting her clit with each stroke and driving me insane ."
8724,she hissed and shook beneath me .
8725,`` fuck baby do n't do that . ''
8726,i gritted my teeth and rolled away with my arm thrown over my eyes .
8727,`` fuck !
8728,get off the bed baby ... please . ''
8729,she hesitated for a minute before i felt her leave the bed .
8730,this was not f**king happening to me .
8731,how the f**k was this happening to me ?
8732,"when i felt my breathing calm enough and my dick was down to a slow throb instead of a raging pulse , i lifted my hand and looked at her ."
8733,"she looked so f**king young and innocent standing there , unsure of the crazy man who 'd dragged her off to his lair in the middle of the night and was now acting like an ass ."
8734,`` i 'm sorry baby if you 'd stayed here one second more i would 've f**ked you .
8735,since i kinda gave my word i do n't want to go back on it .
8736,that 's no way to start thins off .
8737,"it 's saturday morning , you said you do n't really have anything pressing on the calendar so i 'll tell you what we 're gon na do . ''"
8738,`` i 'm pretty sure if we went anywhere in this city you 'd be recognized in five minutes flat am i right ? ''
8739,`` yeah pretty much . ''
8740,"`` and you did n't bring any clothes with you obviously , so going out to breakfast was pretty much out anyway , for now at least ."
8741,so ... i 'm gon na go downstairs and make us some breakfast sounds good ? ''
8742,"`` yeah , okay . ''"
8743,"i studied her as she stood there with her hair all mussed from my fingers , my mark forming on her neck and the shirt hanging off her shoulder ."
8744,it was the sexiest f**king thing i 'd ever seen .
8745,`` i changed my mind come 'ere . ''
8746,"she made a running leap for the bed and landed on top of me , causing my eyes to open in surprise ."
8747,"the smile that broke out across my face was another shared first as i pulled her head down and clasping her there , took her lips in another wild kiss ."
8748,she kissed like an innocent and i found it thrilling to teach her my showing her how to chase my tongue with hers .
8749,"my c**k was leaking profusely at this point as i enjoyed running my tongue around the inside of her mouth , over her teeth , and lips before diving back in ."
8750,"it was a long time since i 'd dry humped anyone , but f**k if that is n't what i found myself doing ."
8751,"with one hand clasped behind her head and the other holding her ass in place , i moved her body over mine , while my c**k started leaking even more into my shorts ."
8752,"i wanted to turn her over onto her back and just take her , but i did n't ."
8753,instead i pressed her cunt harder into my aching c**k and ground our pelvises together .
8754,she moaned into my mouth and quivered as i felt the first burst of cum leave my spewing cock .
8755,we laid still until our breathing went back to normal .
8756,`` i think a shower is in order do n't you ? ''
8757,"i sat up with her still in my lap and rolled out of bed , headed for the shower ."
8758,shiane i ca n't believe i 'm doing this .
8759,"nothing like this has ever happened to me before , but when i 'd looked into his eyes last night while on stage , there was something there that called to me , what that was i still was n't sure , but somehow i knew i would be a fool to let it pass ."
8760,"i would 've gone on as usual if he had n't approached me , i 'm not bold enough to have sought him out ."
8761,but now that i was here i was n't sure of my moves .
8762,"i 've only ever been with one guy , someone i met when i first started my music career ."
8763,"i 'd saved myself all through high school , holding out for that special someone ."
8764,"and then after i 'd been discovered , i 'd been too busy in the studio and with other engagements to think about a relationship ."
8765,"i 've never been into the casual scene , so when i met donnie , i 'd thought i 'd found my soul mate ."
8766,someone i could spend my life with .
8767,that was before i 'd overheard him making plans to hook up with someone else .
8768,that day was the lowest point of my life .
8769,"when i 'd confronted him after coming out of the bathroom unexpectedly and overheard him , he 'd grown angry ."
8770,angry enough to hit me for questioning him ; then he 'd filled me in on the truth .
8771,he 'd only been with me because it was good for his career .
8772,"he thought that being linked to the hottest new number on the music scene would open doors for him , which it did ."
8773,he called me a stupid little farm girl with rose-colored glasses .
8774,"as he put it , everyone was doing it ; it was known part of the business ."
8775,people f**ked one another to get ahead .
8776,when i 'd stupidly told him i thought we would get married like we 'd talked about he 'd laughed in my face .
8777,it was then that my love had started to die .
8778,"it did n't die completely until news of our split got out and i learned that this was n't the first time he 'd cheated , and that everyone thought i knew ."
8779,apparently they thought i was doing the same .
8780,"i was never so humiliated in my life , all our friends , if you can call them that ; had known ."
8781,i 'd slipped out of the spotlight for a while until my management told me i had to appear with the snake for publicity sake because of prior agreements and the album we 'd collaborated on together .
8782,so for a few months the world thought we were an item again .
8783,"it was hard , especially when he cornered me one day after rehearsal and said we could just pick up where we left off , i was an okay f**k after all ."
8784,i did n't even know this person .
8785,all i could do was walk away in disgust .
8786,"since then he 'd called me a few times , he knew i was n't seeing anyone and since he 'd been my first somehow this little farm girl should just overlook his infidelity and turn a blind eye , because according to him i was never going to find better , because everybody in the business cheats ."
8787,"now here i am , not even a month later doing something i never thought in a million years i would ever do ."
8788,"when i opened my eyes this morning and saw him there , his face relaxed in sleep , so perfectly handsome ."
8789,the first thing that caught my attention was the tattoos on his chest and arms .
8790,"the business suit sure had n't prepared me for that , or for what i was sure was a piercing in his cock ."
8791,"of course i knew who he was , everyone did , the self-made billionaire who 'd come from nothing ."
8792,his story was told far and wide in all circles .
8793,a male cinderella story if you will .
8794,"from what i remember his parents had been poor , from some place in the midwest ."
8795,he 'd boxed in high school and gained a scholarship to an ivy league university where he 'd continued his boxing career but had focused more on his studies .
8796,then he 'd invented some game software and used the money from that to start his own securities firm .
8797,they called him the wonder kid of wall street .
8798,though kid was n't exactly accurate .
8799,he put me down in the bathroom long enough to start the shower before he turned back to me and lifted the worn tee shirt over my head .
8800,"i was embarrassed as he pulled my panties down my thighs and when i stepped out of them and he picked them up and brought them up to his face , i thought my body would go up in flames ."
8801,his eyes held mine as he lowered them and then he was pulling me back into that hard chest of his again and our mouths mated .
8802,he dropped his shorts while our tongues were playing tag and turned me towards the huge marble stall .
8803,no words were spoken as he soaped up his hands and washed by body .
8804,"his hands glided over me , slowly , taking his time as he touched my body , as though he were paying homage ."
8805,"`` i love your body baby , so f**king much . ''"
8806,"he seemed hypnotized with by my chest , which until the look in his eyes , had always been a source of embarrassment for me ."
8807,they were just too ... everything .
8808,but that way he touched them made me feel beautiful .
8809,`` get up here . ''
8810,he picked me up so that my legs went around his waist and his mouth covered mine once more as my now slippery body slid all over his chest .
8811,i feel the hardness of his c**k pressing into my ass up to the small of my back .
8812,i had a moment 's pause at the length of him .
8813,there was no way that thing would ever fit inside me .
8814,`` we have to stop baby . ''
8815,he took a few more nibbles of my lips before letting me slip down his body .
8816,we finished our shower after he 'd passed me the soap to return the favor .
8817,my heart all but flew out of my chest as i ran my hands over his beautiful chest .
8818,my face heated up as i leaned over and kissed his chest and i felt a sense of power when his body shook .
8819,he turned off the water and led me out of the shower .
8820,grabbing a towel he dried me before going to a door in the bathroom that led to a closet of sorts .
8821,"he came back with a long silk robe that obviously belonged to him , and one for himself ."
8822,downstairs in the kitchen he kissed me once more before seating me on a stool at the island and turning to the fridge .
8823,`` an omelet okay princess ? ''
8824,"`` yes , sounds great . ''"
8825,"princess , how did he know that i 've always wanted someone to call me that ?"
8826,"he could n't have , so that was just another sign that there was something going on here that went beyond the obvious ."
8827,he plated the omelets and sat down across from me after pouring us both cups of coffee from his state of the art coffee maker .
8828,i studied the kitchen for something to so instead of staring at his chest that was exposed by the gap in his robe .
8829,"i could stare at it all , or his beautiful face with those cerulean blue eyes that seemed to darken whenever he looked at me ."
8830,"`` today is saturday , monday morning we 're going to my private doctor to have tests done ."
8831,"not that i think you 're unsafe , this is for both of us ."
8832,when i take you there will be nothing between us and i want you to be comfortable with the fact that i 'm clean as well . ''
8833,"`` i see from the gossip rags that you 've only had one serious relationship since you came onto the music scene , tell me about that . ''"
8834,i laid my fork down and folded my arms around my middle .
8835,`` what do you want to know ? ''
8836,`` everything . ''
8837,it almost sounded like a growl .
8838,i kept my head down ; surely this was a bit personal for two people who 'd only just met ; more personal than cumming all over him and he you you ninny ?
8839,i blushed at the memory and felt my body shudder .
8840,i almost jumped out of my skin when his finger lifted my chin .
8841,"`` now 's not the time to think about what i can and will do to you sweetie , we need to clear some things up first ; eat your breakfast . ''"
8842,"i told him about meeting donnie , about my childhood in the southwest and the life i 'd left behind to follow my dream of becoming a singer , the years of hard work before the payoff ."
8843,the supportive family who was still very much a part of my life and whom i stayed in contact with by weekly phone calls and skype chats .
8844,of course i left out the most embarrassing details of my messy break-up with donnie .
8845,"no one outside our circle knew the real reason behind the break , but i knew it was only a matter of time before that was no longer a secret ."
8846,"but somehow i could n't find it in me to tell this virile man who looked at me like i was the hottest sex object on the planet , that i had been such an abject failure ; or that i had been such a gullible , green fool ."
8847,`` did you love him ? ''
8848,"i looked up at him then , there was something in his voice , something i could n't quite place but it sounded menacing somehow ."
8849,i swallowed hard before i answered him .
8850,"`` i thought i did , but now i 'm not sure what i was feeling ."
8851,"maybe i was caught up in the excitement of my new life and he was the first interesting guy to ever pay me any attention , or the first one that i noticed anyway . ''"
8852,`` do you two still stay in touch ? ''
8853,"`` no , only if we 're working on one of our songs or something that calls for us to work together in a professional capacity . ''"
8854,`` and how often does that happen ? ''
8855,`` we just did an album together .
8856,it was finished just before we broke up .
8857,"we might have to perform the songs together at awards shows and things like that in the future , i 'm not sure of anything right now though . ''"
8858,"`` that 's something we 'll have to deal with , something you should know before we go any farther ."
8859,i 'm a very territorial about my possessions .
8860,"i do n't share shiane , not ever . ''"
8861,"`` i find myself in new territory here though , because i 've never cared about a woman 's past before , never cared how many partners she had before me ."
8862,with you i find that i hate this boy for having had you .
8863,"it 's silly i know , since you know of me , then you know that i 've not been a monk myself ."
8864,"i do n't know why i should feel this way , it just is . ''"
8865,"i did n't say anything to that , what was there to say ?"
8866,like he said i 'd read of his exploits along with the rest of america .
8867,he was a known lady 's man .
8868,"not necessarily a skirt chaser , it seems they were usually the ones doing the chasing ."
8869,none of his encounters if i remember correctly had ever lasted more than a few months at the most .
8870,is that what he was after now ?
8871,"because if it was , as much as i felt that strong pull for him , i do n't think i was ready for a fling ."
8872,something of my inner thoughts must 've shown on my face because he brought my attention back to him with his next words .
8873,"`` stop worrying , like i told you , whatever was in the past is just that , the past . ''"
8874,"could i ask him outright what his intentions were , or would he find the question gauche and immature ?"
8875,that as something else donnie had accused me of .
8876,he 'd said that my ideals were old and outdated .
8877,apparently it was against the new social norm to actually want to have a meaningful relationship that lasted longer than the time it took to scratch an itch .
8878,"`` you said there were some things that we needed to clear up before we went any farther , well i think you should know i 'm not into casual flings , i ... '' `` i think i got that princess . ''"
8879,"he did n't say anything else for the longest while , just studied me over his coffee mug ."
8880,"`` i do n't know where this is going , not exactly , but i do know there is n't going to be anything casual about it ."
8881,chapter 4 trace i did n't take her home until later that evening .
8882,i 'd turned her phone off at about noon after it had rung for the tenth time in half an hour .
8883,i had her send off a quick text to her assistant so that they knew she was alive and that was it .
8884,"she seemed a bit panicked at first and i knew the feeling , since i 'd once been synced with my phone and any form of communication , until i 'd learned to compartmentalize ."
8885,"we spent the time getting to know each other , when i was n't kissing her ."
8886,"i did n't risk getting too hot and heavy with her again , because i did n't trust myself to stop ."
8887,when i take her i want to feel her pu**y around my cock .
8888,i have never in my life f**ked a woman without some kind of protection and definitely not without a condom .
8889,i did n't look too deeply at my reasons for wanting to do it with her .
8890,"all i know is that the memory of her on that stage the night before , the jolt that had gone through me when our eyes connected , was something that i was n't willing to brush aside ."
8891,"i 've spent my life following my gut and hunches that others had scoffed at , only to come out on top ."
8892,this just might be the biggest f**king hunch i ever play in my life .
8893,"if the beautiful girl that was sitting on my lap in my living room , dressed only in one of my robes , knew the thoughts that were going through my head i 'm not sure she would n't have been looking for the nearest exit ."
8894,"everything about her called to something in me , something i had n't known was there ."
8895,by the time i took her home to her apartment on the other side of the park i was second guessing myself .
8896,outside her apartment i looked for a parking spot .
8897,"`` you do n't have to walk me up you know , i 'm perfectly safe here . ''"
8898,"`` no deal princess , i 'm contemplating turning around and taking you back home , the only reason i 'm not is because you do n't have anything to wear and i 'm sure you have stuff to take care of ."
8899,but i 'm coming up with you .
8900,i 'm not ready for our first date to be over just yet .
8901,she blushed and smiled and reached over to kiss me but then seemed to think better of it .
8902,so i was the one who held her head and pulled her the rest of the way .
8903,if there were any cameras around i did n't care in that moment .
8904,"though i understood her concerns , she 'd explained about how precious her privacy had become since she 'd found stardom , how the simplest thing like running out for a carton of milk had now become a monumental task ."
8905,that was something else i was going to have to take care of .
8906,"i was n't sure from what she 'd said , what kind of security detail she had on a daily basis ."
8907,i mean look how easy it had been for me to get to her and literally take her out of their hands .
8908,"on top of her own star status , being linked with me might put her even more in the spotlight , so i was gon na have to take care of that first thing ."
8909,i helped her out of the car and through the doors .
8910,"she was wearing a pair of my jeans rolled at the ankles and around the waist , but of course she 'd made it look like a fashion statement ."
8911,we made it up to her apartment with no interruptions and i was still holding her hand .
8912,"i loved the look of her place , it was open space and airy with windows all around with a view of the park and a bit of the city skyline ."
8913,"it was nothing like mine , but it was n't shabby either ."
8914,"i saw little touches of her here , in the bright colors and soft throw pillows that she seemed to have a fondness for ."
8915,she was back to being shy again but at lease it seemed to stem more from what i thought of her place this time .
8916,"we 'd spent the day practically locked together in every way but one , so most of her reticence had melted away somewhat ."
8917,`` i like it .
8918,grab some stuff you 're coming back with me . ''
8919,`` you ... i thought you said you were brining me home to take care of stuff and you 'll see me on monday ? ''
8920,i looked down at her as she turned that little innocent face up to me .
8921,"`` i did say that baby , but i changed my mind ."
8922,i 'm not ready for us to be apart . ''
8923,"i had the fleeting thought that i may never be ready for that again , but squashed it ."
8924,`` do you need help packing ? ''
8925,i thought i saw a bit of a smile touch the corners of her lips before she shook her head no .
8926,`` can i at least check my messages first ? ''
8927,`` sure . ''
8928,she walked over to the machine and hit play as she dropped into a chair .
8929,i walked over to the bank of windows with my hands stuffed in my pockets .
8930,"the first few messages were just business as usual , but then coming onto the end there was some guy , maybe her manager who seemed very irate that he could n't get ahold of her ."
8931,`` i thought you said you did n't have anything plan for the next little while ? ''
8932,"`` i do n't that 's just carl 's way , he likes to know where i am at all times . ''"
8933,`` hmm . ''
8934,"it sounded like a bit more than that to me , but i let it got for now ."
8935,"i 'm a grown man , so that means when she 's with me this carl person could go f**k himself , because i did n't need anyone keeping tabs on me ."
8936,"there was nothing else worrying on there and she headed into her bedroom to pack after offering me a drink , which i turned down ."
8937,i just wanted out of there and back home as soon as possible .
8938,"somehow i felt easier with her in my bed , behind my walls ."
8939,she came back out with an overnight bag and dressed in a pair of her own jeans and a pullover .
8940,i took the bag and with her hand in mine headed for the door .
8941,"monday morning i had to go in early to the office , so i eased her out of my arms and went to the shower ."
8942,she was still out by the time i was dressed and ready to go so i leaned over the bed and kissed her awake .
8943,`` hmmm . ''
8944,she sighed into my mouth as she awakened with my tongue in hers .
8945,i ended up sitting on the side of the bed and pulling her into my lap for a longer kiss .
8946,truth is i hated the thought of leaving her .
8947,the last two days had been like none i 'd ever shared and we had n't even left the house except to go to her place .
8948,"we 'd spent all day sunday lazing around in bed reading the paper , talking or making out ."
8949,i 'd already called my doctor and made the appointments adding pressure for him to rush the results which he assured me can be done .
8950,"`` i 'll see you in a couple hours princess , the car will come and get you around ten thirty , okay ? ''"
8951,i kissed her nose when she nodded against my chest and got up to leave .
8952,"i did n't look back at her there in my bed in my old ratty tee shirt , i was sure i would n't want to leave her if i did ."
8953,when it was time to send the car for her i changed my plans and instead of meeting her there i went after her myself .
8954,"she was putting on her shoes when i came through the door and when she saw me standing there , f**k me if her whole face did n't light up and she made a running leap and jumped into the arms i had opened for her ."
8955,"`` hey beautiful , you missed me ? ''"
8956,she sniffed my neck and nodded before i pulled her head around for my lips to find hers .
8957,"`` we 'd better go , john promised me that if we did this early he could possibly get us the results by end of day today and i 'm afraid if we do n't i 'm gon na f**king explode . ''"
8958,i pulled her down just enough for her to feel the evidence of my need .
8959,"i had no doubts that she was clean and i was sure that i was , but somehow i wanted this , wanted us to start things off on the right foot ."
8960,i ignored the little voice in my head that told me there was an ulterior motive behind my actions .
8961,"there was no way i was thinking along those lines , no way in hell ."
8962,"shiane i wondered if he was always this attentive , or if as with all things new , this would change once he got what he wanted ."
8963,will he start taking advantage of me as time went on ?
8964,"he was like no other man i 'd ever known , except for maybe one ."
8965,i 'd seen my dad treat my mom like a precious gem my whole life .
8966,it 's where i 'd got my dream of a prince charming .
8967,"not from any storybook , but from the way i 'd seen my dad look at mom when he thought no one else was looking ."
8968,or the way she was always looking to him when things went south .
8969,"they 'd taught me to want that bond , to hold out for that and nothing less ."
8970,"trace seemed to have that in him , but i 'd been burnt once and my heart was a little gun shy ."
8971,it had only been a few weeks since it was shattered after all .
8972,but here i was with sweaty palms and weak knees over this guy that i barely knew .
8973,the weekend had been the best one i 'd had in a long time .
8974,in fact i have n't felt that relaxed since the last time i 'd taken a trip home .
8975,neither of us seemed ready for the intrusion of the world just yet .
8976,we wanted to enjoy getting to know each other without all the speculation and other nonsense that came with stardom .
8977,downstairs there were two men in suits who looked like they 'd never smiled a day in their lives .
8978,"`` this is your security , i 'm sure you have some already for business purposes , but these two are from me ."
8979,they 'll shadow everywhere when i 'm not with you .
8980,my eyes widened at that .
8981,`` is that really necessary ?
8982,i 'm not that big of a star yet i do n't think . ''
8983,i tried laughing it off as he introduced me to the two and pulled me out the doors behind him .
8984,"`` this has nothing to do with your status , it 's for my peace of mind . ''"
8985,i started to wonder if this was something he 'd done for all the women in his past and why that should make me jealous .
8986,he squeezed my hand and looked down at me .
8987,"`` no , you 're the first . ''"
8988,`` how did you know what i was thinking ? ''
8989,"`` i told you , the weekend was about getting to know each other , i picked up a few things . ''"
8990,he smirked as he helped me into the back of the town car .
8991,"i 'd told him of my fear of needles so he held my hand and talked to me while the doctor and the nurse did their thing , before having his taken care of ."
8992,it did n't take that long and soon we were back in the car .
8993,`` i 'm taking you to the office for a quick tour and then it 's lunch .
8994,"we 'll go somewhere that i 'm sure we 'd be left alone , i 'm not quite ready to share us yet . ''"
8995,i rested my head on his shoulder and squeezed his hand that was still holding onto mine .
8996,"i think he must 've planned this and warned everyone in the building not to give me the star treatment because i saw a lot of interested looks from his employees , but no one said anything more than a friendly hello ."
8997,it was great .
8998,lunch was in a private room in one of the city 's more upscale restaurants where there were more a list stars than i 'd ever seen in one place at once except maybe an awards show .
8999,i was the one star-struck .
9000,`` is that ... ? ''
9001,`` yes it is . ''
9002,i must 've said that a hundred times before we were seated .
9003,i craned my neck to see into the other room and he laughed at me .
9004,`` you 're so cute .
9005,they 're looking at you and you 're in awe of them . ''
9006,"`` i 'm pretty sure they 're all wondering who i am , it 's you they 're looking at . ''"
9007,"i was n't sure i was too far off the mark , most of them were starlets and they might 've given me the once over , but their attention was definitely on him ."
9008,i could n't blame them .
9009,what he did for a suit should be illegal .
9010,and to think that what was underneath was even more mouth wateringly spectacular .
9011,"chapter 5 trace i sent her home in the car and went back to work , my mind on the results and how soon i can have them in my hands ."
9012,i almost called john when the hours had drifted by and still no phone call .
9013,"by the end of day when it was almost time to call it quits , the messenger showed up with the envelopes ."
9014,i had no compunction about tearing into hers and reading the results .
9015,as soon as i got the all clear my body reacted .
9016,`` thank f**k ! ''
9017,i left my office almost at a run .
9018,my assistant called out to me as i was heading for the elevators .
9019,`` is it a matter of life or death susan ? ''
9020,`` uh no sir . ''
9021,`` then it 'll keep until tomorrow . ''
9022,i stepped in and pressed the down button .
9023,i would 've called her and let her know i was on the way but even that was too much right now .
9024,if i heard that sultry voice of hers on the phone i might embarrass myself again .
9025,"i was on a hair trigger , the slightest thing would set me off , and the next time i cum , i want to be inside her ."
9026,she came running when i cleared the door .
9027,`` hey you 're home i made din ... '' i threw the envelopes on the little side table near the entry and grabbed her up in my arms .
9028,`` later . ''
9029,my mouth came down on hers as i walked us blindly towards the bedroom .
9030,i did n't even stop kissing her long enough to take off the little summery top and shorts she wore .
9031,`` undress me . ''
9032,her hands shook a little as she went after my tie and then the buttons of my shirt while i dropped my jacket on the floor and kicked off my shoes .
9033,"she seemed fascinated with the ink on my torso , and could n't help running her tongue over it , so i took care of my belt and the zipper on my pants before she stopped me ."
9034,"`` no , i wan na do it . ''"
9035,i released it and left her to it .
9036,"she 'd learned my body in the last tow days , as much as i would let her ."
9037,i 'd refused to let her take my c**k in her mouth so she 'd spent what felt like hours measuring me in her hands and teasing the shit out of me while i sucked her ni**les and finger f**ked her .
9038,now she got to her knees and removed my socks .
9039,"i watched her through half slitted eyes as she looked up at me with a mischievous twinkle in her eye , right before her tongue came out and licked the pr**cum from my cockhead ."
9040,"my body jerked and my hands fell to her hair , holding her in place as she licked and nibbled her way down my shaft , biting into my c**k ring , before taking half of me into her mouth ."
9041,`` fuck ! ''
9042,i threw my head back as she massaged my c**k with her throat muscles and she had great control from all the voice exercises she 'd done over the years .
9043,i was almost ready to pop when she took my balls in her hand and caressed them with the lightest touch .
9044,"`` that 's enough , i do n't want to cum in your mouth , not this first time . ''"
9045,"picking her up , i headed for the bed and laid her back with her legs splayed open ."
9046,i had n't allowed myself the pleasure of studying her pu**y ; i was waiting for this moment .
9047,kneeling on the floor i ran my nose over her wet heat before pulling back and opening her up with my fingers .
9048,she was pink and soft and wet .
9049,"i teased her with the tip of my tongue , before licking deep into her pu**y ."
9050,her back bowed off the bed and she looked down at me in wonder .
9051,i got the idea from her reaction that this was a first for her .
9052,"holding her ass in my hands i lifted her to my mouth and tongue f**ked her while she mewled and writhed , her fingers digging into my scalp ."
9053,"her taste was unlike anything i 'd ever savored before , salty sweet and fresh ."
9054,she came on my tongue and filled my mouth with her sweet nectar .
9055,"i had visions of eating her sweet pu**y for hours , just burying my face in her cunt until they carted me away ."
9056,my c**k was n't on board for that one though .
9057,i had to release one of her ass cheeks so i could squeeze him to get some relief .
9058,"`` sorry baby , this is gon na be hard and rough , i ca n't wait any longer ."
9059,"climbing up her body i pulled her up higher on the bed and holding both her hands above her head , our eyes locked , i led my dick into her wet opening ."
9060,she was tight as f**k and my c**k almost buckled .
9061,she flinched a little when i pushed the fat head of my c**k past her pu**y lips .
9062,"`` fuck babe , you 're so f**king tight . ''"
9063,i had to raise her legs so i could sink more of my c**k home and even then i was only able to get eight of the twelve inches inside .
9064,"she hissed and clenched around me , her eyes widening in surprise as i tried to force more of my meat into her tight as f**k pu**y ."
9065,`` i 'll try to go slow . ''
9066,"lifting her ass i opened her pu**y more , screwing myself into her little by little until i was all in ."
9067,it felt like hours instead of mere minutes when i was finally buried to the hilt inside her .
9068,as soon as my balls hit the crack of her ass i took her mouth .
9069,she fought to release her arms but i held firm .
9070,"bending my head i sucked first one then the other nipple into my mouth , biting her in my lust crazed haze ."
9071,she f**king flooded my c**k and screamed .
9072,"i f**ked in and out of her like a beast , her pu**y 's tight grip driving me insane ."
9073,"her legs came up and around my waist , drawing me in deeper with every thrust ."
9074,"i finally released her arms so i could touch her body and she clutched at me , her nails digging into my back ."
9075,"i could n't seem to get deep enough in her , i wanted to imprint myself in her deeply , the thought moving me to lift her legs over my shoulders and bore into her ."
9076,"`` this is mine , no one else 's ever again ; only mine . ''"
9077,"i pushed my tongue into her mouth , not giving her a chance to answer ."
9078,it would n't have mattered anyway ; it was a done f**king deal .
9079,i felt the familiar tingle up my spine but fought off my orgasm .
9080,"i did n't want to leave her body so soon , wanted to stay enclosed in her wet heat for eternity ."
9081,"when the bed started knocking into the wall behind us , and her grunts became long drawn out moans , i knew she was close again ."
9082,`` cum for me baby . ''
9083,"i latched onto her neck with my teeth and sucked hard , leaving my mark there before moving to the flesh right above her left nipple and doing the same ."
9084,my sweet girl squeezed my c**k between her pu**y walls and i felt the heat of her pu**y juice as she bathed my c**k once more .
9085,`` yesssssss ... '' her long drawn out hiss only made the fever burn hotter .
9086,"i wanted to f**k her from behind , but did n't want to leave her body long enough to change positions ."
9087,instead i teased her little rosebud with my fingertip and felt the answering tightening around my cock ; she liked that .
9088,"i used the lubrication of her juices to coat my fingers and pushed one , then two into her ass up to the first knuckle ."
9089,she almost bit off my tongue that i 'd just shoved back in her mouth .
9090,the combination was too much for me and i roared into her mouth as i emptied my seed deep inside her .
9091,"i was n't done there though , i ground my pelvis into hers , flexing my still shooting c**k inside her ."
9092,her response had me pulling my mouth away from hers to look down into her eyes .
9093,"her eyes were glazed over and half closed , her mouth open in a silent scream ; but it had been the electrifying shaking of her body beneath me that had caught my attention ."
9094,"she was sight of wantonness as i took her in , and i was n't surprised to feel my c**k hardening once more inside her ."
9095,`` can you take me again ? ''
9096,i asked the question but i knew there was no way i was stopping now .
9097,i had three days build up to work off .
9098,the sheets were already drenched beneath us as i bent my knees and pulled her up into my chest so we could reverse positions .
9099,"i kept my knees bent behind her back as she sat up in the cradle of my lap , mu c**k going deeper up into her ."
9100,`` give me your nipple baby . ''
9101,she leaned over like she barely had the strength to do even that and i sucked her nipple in hard as i used my hands on her hips to help her f**k herself on my cock .
9102,"in the mirror across from the bed , i could see where we were joined , see the glistening length of my c**k as it slid in and out of her ."
9103,"her ass incited me to madness and i bit down on her nipple even as i sped up my thrusts , pounding up into her ."
9104,"she flooded my pelvis and lower stomach with more of her pu**y juice and i lost it , biting into her flesh as she rode out the storm with me ."
9105,`` arggghhhh . ''
9106,i pulled her down hard one last time as my c**k spat more sperm inside her .
9107,"she fell to the side limp , her hand cupping her pu**y as her body shook with after shocks ."
9108,"i was breathing like i 'd just run a marathon , but i had enough strength in me to reach over and touch her ."
9109,"her body was on fire , and the way she rolled around clutching herself led me to believe i 'd hurt her ."
9110,i got off the bed after kissing her shoulder and headed into the bathroom to run her a bath when i got back into the bedroom she was just laying there looking dazed .
9111,`` is your pu**y sore ? ''
9112,she blushed and buried her face in the pillow .
9113,i grinned and picked her up and she did her kitten curl into my chest and nuzzled me .
9114,i kissed her hair as i walked us into the bathroom .
9115,"i did n't trust myself to get into the tub with her , so instead i placed her inside and picked up the washcloth to bathe her ."
9116,she had n't said a word since i 'd finished f**king her so and i was beginning to think she was poleaxed .
9117,`` you okay princess ? ''
9118,she turned glazed eyes my way and gave me a little half smile .
9119,`` what was that ? ''
9120,`` what was what sweetie ? ''
9121,"i ran the washcloth over her tits , taking great care with her beautiful ni**les that were still semi erect , before working the cloth down her middle to her pu**y ."
9122,`` that just happened in there . ''
9123,her face heated up again and i could n't resist stealing a quick kiss .
9124,`` you were n't a virgin babe so i know you know what sex is . ''
9125,she started shaking her head before i was through speaking .
9126,"`` that was n't se trace , that was , wow , shit , wow ... '' she blushed and hid behind her hair ."
9127,`` oh yeah ? ''
9128,i grinned at her as i used the washcloth to rub against her clit .
9129,"she arched her back , pushing her cunt into my hand ."
9130,i could actually feel her heat beneath the cloth as i cupped her pu**y mound .
9131,i dropped the cloth in the water and teased her swollen clit with my fingers while sucking her tongue into my mouth .
9132,so much for giving her a break !
9133,water went all over the floor as i lifted her from the tub .
9134,my c**k was at full staff and leading the ay as i cradled her in my arms and took her back to the bed .
9135,i walked around to the other side since that one was wet .
9136,thank f**k for king sized beds .
9137,again i did n't want to give up her mouth or her tits to f**k her doggie style so i took her down to the mattress with my body covering hers .
9138,"reaching my hand between us , i used my c**k to rub up and down her slit , hitting her clit with each upward stroke and rubbing the sensitive underside of my c**k against her wet heat until i slipped into her in my last downward stroke ."
9139,"`` ohh ... '' her soft sigh broke the silence as i started f**king in and out of her , slowly this time ."
9140,"i told myself that i would go slow if it killed me , that i would n't hurt her ."
9141,it was tough but i held on .
9142,"with my face buried in her neck , i rode her nice and slow as she lifted up to meet my thrusts over and over again ."
9143,i alternated between deep stroking into her and grinding my c**k into her belly .
9144,her legs opened wider and i slipped even deeper into her .
9145,it was a long time before i felt the familiar stirrings in my nuts again .
9146,her mouth was red and swollen from me eating at her lips and her neck was a mess from the five or six hickeys i 'd given her .
9147,looking down at her my heart jumped in my chest with all the things i imagined doing to her .
9148,the last thought had me speeding up as i started pounding into her .
9149,`` you 're not on birth control . ''
9150,i bit her ear after reminding her of that fact but there was more yet to come .
9151,`` you 're ovulating . ''
9152,it 's amazing what they can find in those medical tests these days .
9153,"her breath caught as though she 'd just thought of it , but even more telling was the way her cunt tightened around my shaft ."
9154,"i roared out loud as i shot a heavy load inside her , my last thought being that i 'd lost my f**king mind ."
9155,"one look , it had taken one look at her to take me over ."
9156,how was that even possible ?
9157,for a man like me it was n't even worth thinking on .
9158,i would never have believed in a million years that something like this could ever happen to someone like me .
9159,"cynical , do n't give a f**k and a beast in the boardroom ; love and marriage was nowhere on my horizon ; until three nights ago when i 'd looked into her eyes across a stage ."
9160,i stayed buried inside her as we came down so it was a minute or two before i realized that she was out .
9161,"pulling out of her body , i drew her into my arms as i fell to my side beside her ."
9162,the cool air of the ac dried my nuts as i pulled the sheet up over us and dropped into sleep .
9163,we awakened a short time later and took a shower to clean up and then had to take another after i violated her up against the shower stall .
9164,"i had n't planned to , but seeing her with water dripping down between her amazing tits and pebbled on her ni**les , it was pretty hard to resist ."
9165,"i was careful as i lifted her with her back to the stall and surged up into her , dropping her down on my length ."
9166,"it had been years since i 'd f**ked anyone that long and that often , in fact i do n't think i 'd ever gone four times before and i still was n't done ."
9167,it was as if each time only whetted my appetite for more .
9168,"and the way she responded to me , accepting and ready each time i took her ."
9169,"`` if you want to get any rest tonight and maybe wan na walk anytime soon , you 'd better stop me . ''"
9170,i whispered in her ear as i nibbled my way down to her neck and back .
9171,my c**k was still hard inside her and i 'd just off loaded in her for the fourth time .
9172,her legs were still clasped around my hips as i kept her pinned against the shower .
9173,her answer was to pull my lips over to hers and smash her tits into my chest .
9174,"as the water beat down on us , i took her down to the hard floor and started f**king her again ."
9175,`` this is f**king insane . ''
9176,was it because i 'd slept with her in my arms for three whole nights and not taken her ?
9177,i could n't think of a reason for this hunger that would n't be assuaged .
9178,"the more i had her the more i wanted , but if we kept this shit up she 'd spend the next three weeks bed ridden ."
9179,already i had noticed the red puffiness to her labia and heard the slight sounds of discomfort she made even as she spurred me on to f**k her .
9180,"i was sure i was killing her against the marble floor , the grunts and groans she made were becoming almost animalistic , but she threw her hips up at me taking my c**k like a pro as i did my best to nail her into her ground beneath us ."
9181,this time when i came the roar was more like a grunt as i shook and thrust into her until i was dry .
9182,"`` that 's it , we 're getting out of here , please try to keep your greedy hands to yourself shiane , my poor man 's body can only take so much . ''"
9183,she threw herself into my arms and howled with laughter and i felt my heart give a little more .
9184,we finally made it out of the bathroom and both just threw on robes as we headed down to the kitchen .
9185,`` did you say you made dinner ? ''
9186,`` yep . ''
9187,she went to the pots and pans on the stove and i lifted my brow quizzically .
9188,"i guess i was guilty of stereo typing after all , i had n't expected the little pop sensation to know her way around the kitchen ."
9189,"she 'd made a dinner of grilled lamb chops of all things , with rice pilaf and creamed green peas ."
9190,`` i hope i did n't spoil it . ''
9191,yeah right .
9192,"`` nope , the lamb was n't grilled yet , it 's still sitting in the marinade it 'll take five minutes to cook and the rest of the stuff can be reheated no problem ."
9193,"you just sit and i 'll take care of everything , '' `` yes ma'am . ''"
9194,"i opened a bottle of wine and poured her a glass , taking one for myself as i sat at the island and watched her flit around my kitchen ."
9195,"she seemed , happy ."
9196,it was strange to look at this almost stranger and realize that already i 'd come to know her so well .
9197,did she even realize that she 'd started signing ?
9198,she had n't done that since she 'd been here .
9199,"i would 've thought that she spent every waking moment singing , but this was the first time since i 'd brought her home that i 'd heard her so much as hum ."
9200,"it was n't the song from the other night , this one was slow and dreamy , with a catchy little lilt to it that made me want to strain to hear the words since she was singing so low ."
9201,`` sing louder princess i wan na hear you . ''
9202,she turned wide eyes to me and looked down at her feet .
9203,`` i 'm not really good at that . ''
9204,`` come again . ''
9205,"`` i mean i 've learned how to control my fear somewhat before i go out on stage , but i ca n't really sing in front of anyone just like that . ''"
9206,`` so how do you do it ? ''
9207,'my manager gives me these pills ... '' i did n't like the sounds of that one bit .
9208,`` what kind of pills ? ''
9209,i lowered my glass and looked at her .
9210,"`` it 's nothing bad , just something to calm my anxiety . ''"
9211,`` is there a prescription ? ''
9212,"`` no nothing like that , i never even asked him where he gets them ... '' `` do you have them with you now ? ''"
9213,`` no why ? ''
9214,she looked at me quizzically . ''
9215,"`` i 'll just like to have a look at them that 's all , make sure they 're okay . ''"
9216,`` oh i 'm sure they 're fine doug would never do anything to hurt me . ''
9217,`` so you have the pills back at your place ? ''
9218,"`` no , doug keeps them with him , he gives me one before each performance or sometimes when i have to go on one of those talk shows ."
9219,looks like i was gon na have to have a talk with her manager .
9220,"she was so f**king green , i was sure it would never cross her mind to question anything the man did ."
9221,"though i did n't know him personally , i 'm a businessman and i know all about the bottom line ."
9222,"her voice is like liquid gold , i 'm sure dear old doug would do anything to see that nothing got in the way of her making them money ."
9223,that was something else i was gon na have to look into as well .
9224,"when i 'd made the decision to own her , everything that she is became my responsibility ."
9225,"there might be some friction because i 've noticed that she has a bit of an independent streak , but i had no intentions on letting that stop me ."
9226,"though i 'd save it for another time , nothing was going to mar the night for us ."
9227,"`` voila , dinner is ready . ''"
9228,"she seemed nervous as she served me , and then herself ."
9229,i closed my eyes with the first taste of the succulent lamb .
9230,"`` wow , where did you learn to cook like this ? ''"
9231,"`` my mom taught me and i love watching the cooking channel , you really like it ? ''"
9232,i took another bite and it was good as the first .
9233,nodding my head i leaned over and pecked her lips .
9234,"`` it 's amazing princess , wow . ''"
9235,"i kept the conversation light over dinner , asking her more about life on tour and what she enjoyed most about her fame ."
9236,as far as i could tell she was more interested in the singing than anything else .
9237,"`` um , trace , you were n't serious about that ovulating thing were you ? ''"
9238,"i 'd almost forgotten about that , still was n't quite sure what had possessed me to think of it much less say it ."
9239,but now that she 'd asked me outright ... `` as a matter of fact i am .
9240,"it 's crazy i know , and if one of my colleagues had come to me with this story i would tell him he 's crazy ."
9241,"i have no explanation for it , the reality is that from the moment i saw you up on that stage something inside me shifted . ''"
9242,"`` i find myself reverting back to childhood , to a time when i had to scrounge for every scrap i wanted or needed ."
9243,"when i became successful , i promised myself that i 'd never go hungry again , and not just for food , but for any of those things i 'd longed for as a child , or anything my heart may desire as an adult . ''"
9244,`` you 're the first thing my heart 's ever desired .
9245,"i 've known wants before do n't get me wrong , but this , this is different ."
9246,this goes beyond my own comprehension .
9247,"like i told you before , this past weekend was about getting to know each other and i 've gotten to know you ."
9248,you would n't have come home with me had you not felt some of what i was feeling .
9249,i also know that you 're more about hearth and home than the night life . ''
9250,i did n't tell her that i knew that 's why she 'd stayed with the ass**le who 'd ended up cheating on her .
9251,i 'd done some research after she was less than forthcoming about the reason for their split .
9252,it was n't a known fact as yet but i had my ways of finding out things .
9253,i wo n't tell her that i knew though ; it was her story to tell if and when she was ready .
9254,"i did know that if i ever ran into the little prick , i was gon na beat the crap out of him for putting his hands on her though ."
9255,"it did n't matter that i did n't even know her when it happened , it 's just the way i am , or at least it 's the way i seem to be where she 's concerned ."
9256,`` but a baby ?
9257,we hardly even know each other . ''
9258,`` i do n't think that whatever is going on here has anything to do with time and convention .
9259,"either way , it 's nothing to worry about now ."
9260,"what 's done is done , and if it is n't , i 'm gon na make damn sure that it is ."
9261,"the only problem is your upcoming tour , but i 'm sure people have performed while pregnant before . ''"
9262,`` do you know how crazy this all sounds ? ''
9263,i shrugged my shoulders at her .
9264,i thought it was crazy too in the beginning so i could n't fault her for having her own doubts .
9265,"it was crazy when you looked at it , but it 's what i felt and well ... `` i 'm sure there have been people who got married after only one day of meeting or maybe two ."
9266,i 'm even more sure that there are people who get pregnant after just one meeting .
9267,look at this way ; at least we both know where we stand .
9268,"if the last few hours are anything to go by , we want each other more than a little bit and the bottom line is princess ."
9269,"i want you , in my life , with me , no matter what ."
9270,"so baby or no baby , you 've met your future , so i suggest you get used to the idea . ''"
9271,`` what if i had other plans ? ''
9272,"`` like i said , i 've gotten to know you , and all that aside , this is what i want baby ."
9273,"as time goes on you 'll find that i never let anything stand in my way , nothing and no one ."
9274,dinner was delicious why do n't you go find us something to watch while i clean up ? ''
9275,chapter 6 shiane i guess the conversation was over and what a strange one at that .
9276,"i headed out of the kitchen on wobbly legs for the tv room to find something to watch , though i really did n't have much interest ."
9277,my mind was awhirl with all the new things that were going on in my life .
9278,"in the space of a few short days , it seems my life had been turned upside down ."
9279,i find myself doing things that were totally outside the box for me .
9280,"but this latest was a lot to take in , though the thought of it made me hot ."
9281,trace was right .
9282,i 've always only ever wanted to be a mother and a wife .
9283,"i 'd thought i would have that life with donnie , but was it possible to have it with this man that i 'd only just met ?"
9284,"what if he was just saying these things because like he 'd said , he 'd come to know me and knew that 's just what i wanted to hear ?"
9285,how was it possible that he could want me like that after a chance meeting ?
9286,i 'd spent some time today looking for any and everything i could find about him on the net .
9287,"the one thing that stood out except for his success as a businessman , was the fact that he had a different woman every couple of months ."
9288,had he used this same line on them ?
9289,"somehow , he did n't strike me as the type ."
9290,"still , i had another worry ."
9291,the things he 'd made me feel .
9292,how will i live without them if this was all just a game to him ?
9293,he 'd made me feel things i never knew were in me .
9294,"my body has never reacted this way before , and even though his size was a little uncomfortable , the pain was more a pleasure-pain than a real hurt ."
9295,i felt myself creaming just thinking about it .
9296,could a man really make love to a woman that much without some kind of feeling involved ?
9297,what if it was just lust ?
9298,"i 'd seen pictures of some of the women he 'd dated in the past and i have to say some of them were drop dead gorgeous , including the last one he 'd been seen with a couple weeks ago ."
9299,"the though caused me a moment 's doubt and i thought if ways to shield my heart this time , but i was afraid i might be too late ."
9300,"he 'd taken me over completely , something i had no experience with ."
9301,i had n't the faintest idea how to handle a man like trace mckenzie .
9302,he was way out of my league .
9303,i heard him coming and searched through the stack of movies he had for something to watch .
9304,`` what 's wrong ? ''
9305,he came up behind me and wrapped his arms around me from behind .
9306,`` what makes you think something 's wrong ? ''
9307,i looked over my shoulder at him trying to put a brave face on .
9308,`` i was n't sure when i first came in but now i 'm certain it 's all over your face . ''
9309,he pulled me towards the couch and down on his lap with his arms holding me close .
9310,"for some reason i wanted to cry ; he 's been so kind and attentive in the time that we 'd been together , what if it were all a farce ?"
9311,i had no idea that i 'd started to cry until i felt his fingers wiping my cheeks dry .
9312,`` tell me what 's bothering you sweetheart . ''
9313,i could only shake my head and cry harder as i buried my face in his chest .
9314,"`` please do n't play games with me trace , i ca n't stand it if you 're just using me for some sick game ... '' i broke off when he lifted my face to his ."
9315,`` baby !
9316,"i forgot you do n't know that much about men , only that boy you were messing around with ."
9317,let me show you something . ''
9318,"he stood up and took my hand in his , leading me out of the room and into the bedroom ."
9319,"standing me in front of the floor-length standing mirror , he removed my robe , dropping it to the floor , as i stood before him naked ."
9320,`` you see those marks all over your neck and tits ?
9321,do you know what those are called ? ''
9322,`` hickeys ? ''
9323,"`` that 's one word for it , they 're also known as passion marks ."
9324,i 've never given one to a woman before .
9325,not since i learned what they meant as a young man .
9326,they may mean different things to different people .
9327,"to me , they are a mark of ownership . ''"
9328,`` that 's my mark on you .
9329,"i put it there as a statement to you and anyone else who might see them , the ones on your neck anyway , anyone else sees the others , i 'll heat up your little ass . ''"
9330,his hand dropped to one in particular spot that was right at the tip of my pu**y .
9331,"`` another thing , i do n't think a man that 's not really interested in a woman can f**k her five times if he did n't really mean it . ''"
9332,`` five ? ''
9333,i started counting on my fingers and got to four before i was being carted off to the bed .
9334,i looked up into his eyes as he laid me back and spread my legs before dropping his robe .
9335,"his c**k was hard and red , with a string of pr**cum hanging from the end heading for the floor ."
9336,"trace i knew she had to be sore , but she also seemed to need reassuring and for now this was the best i could do ."
9337,only time will convince her that this was the real deal .
9338,"fuck i was just as confused as she was , but unlike her , i was n't about to let doubts get in the way of what i wanted ."
9339,"taking her soreness into consideration , i dropped to my knees between her spread thighs and opened her pu**y lips gently with my fingers ."
9340,"she was a little red and puffy from too much f**king , but she was also getting wet ."
9341,"i licked her clit with the tip of my tongue , staying away from her pu**y slit for now ."
9342,"`` ooh ... '' i love how f**king responsive she is , the way she lights up as soon as i put my hands on her ."
9343,i licked and sucked her clit until her juices started coming fast and furious .
9344,"then i dipped my tongue into her pu**y , going slow so i could soothe the ache in her overused cunt ."
9345,she gripped my hair and mashed her pu**y into my mouth before she filled my mouth with pu**y juice .
9346,"when she came down from her climax i helped her up from the bed and folding her in my arms kissed her long and deep , sharing her taste with her ."
9347,we tongue f**ked each others ' mouths like starving wolves and my c**k was poking into her navel as she rubbed herself against me .
9348,`` suck me off baby . ''
9349,she slid down to her knees and studied my c**k before sticking out her tongue and licking the pr**cum from my cockhead .
9350,"she 's an enigma , all shy and blushing one minute and my little vixen the next ."
9351,i had a moment of jealousy at the thought that she 'd done this with that ass**le but let it go for now .
9352,"i 'm a very territorial f**ker , i knew i had to live with the fact that he 'd had her but i needed to erase him from her memory ."
9353,she licked along my shaft before sucking the fat head of my c**k into her mouth and sliding her mouth down my length until she 'd taken me in as deeply as she could .
9354,"i fisted her hair and waited until i was in her throat before i started thrusting in and out of her mouth , going slow at first , until i picked up the pace ."
9355,pretty soon i was face f**king her and she was moaning around me cock .
9356,i looked down past her eyes that were staring up at me and saw that she had her fingers stuffed in her pu**y. i almost shot my load then and there .
9357,she did some kinda muscle spasm around my c**k and my toes curled .
9358,i pulled back so that i was no longer in her throat but on her tongue .
9359,"i did n't warn her that i was about to cum , why would i ?"
9360,"she was going to swallow unless i said otherwise , and the only time i 'll do that is when i was in the mood to paint her face , her tits or the small of her back ."
9361,she almost gagged on the first volley .
9362,"`` easy , breathe princess . ''"
9363,she soon got the hang of it and was swallowing fast enough in time to catch the next load .
9364,when my balls were empty and my knees were almost too weak to stand i helped her to her feet and took her to the bed .
9365,"`` forget the movie baby , you need me to hold you . ''"
9366,"i laid down behind her with her much tinier frame completely covered by my arms and legs , cocooning her as i whispered in her ear ."
9367,"`` everything 's going to be okay princess , i promise ."
9368,"if you 've learned anything about me so far , you should know i 'm not a man that plays games ."
9369,`` but you 've had girlfriends before ; did you feel the same way with them ? ''
9370,her voice had gone all soft there at the end and i felt her body tense as if expecting a blow .
9371,`` let me ask you this ; do you feel the same with me as you did with him ? ''
9372,now it was my turn to tense up as i awaited her answer .
9373,"when it came , it went a long way of easing the green-eyed beast that had been trying its best to rear its ugly head ."
9374,"`` no , i 've never ... but it 's not the same ."
9375,you 've had so much more experience and i 'm sure i do n't measure up to some of them . ''
9376,"`` that 's where you 're wrong sweetheart , first of all none of them ever came close and besides its about more than the physical ."
9377,"sometimes in life you find that one being that you ca n't live without , you may have sampled a lot along the way , but when you found the one , it 's a whole new ballgame . ''"
9378,"`` tell me , what did you feel that night when our eyes meet ? ''"
9379,she turned around in my arms and looked up into my eyes .
9380,"`` it was like being struck by lightning , or at least what i imagine that would feel like ."
9381,i felt a jolt to my system and i think i forgot how to breathe for a minute .
9382,i almost panicked because for a split second i forgot the words to the song . ''
9383,`` there you see ?
9384,have you ever felt that before with anyone ? ''
9385,she shook her head and bit her lip .
9386,i could see the soft sheen of tears in her eyes and pulled her close to kiss her forehead .
9387,"`` it was pretty much the same with me baby ; so the next time you start doubting what we have , just remember those few minutes ."
9388,"now go to sleep , you 've had a long day . ''"
9389,"i turned her back around intending to go to sleep , but by now my c**k was raging again ."
9390,`` lift your leg baby . ''
9391,she lifted her top leg and i scooted down far enough to line up my c**k with her pu**y. i slid in and held still pulling her back firmly against my front .
9392,"`` i 'm not going to f**k you again tonight , we 'll just stay like this until you fall asleep , you need your man to stay inside you to keep the doubts away . ''"
9393,"i was suddenly very tired , and it was n't long before i fell asleep to the sound of her breathing evenly in sleep ."
9394,"in the morning , i awakened to her pushing her ass back against me with my c**k still lodged inside her ."
9395,"with my hand on her hip , i controlled the pace ."
9396,`` can you take me hard or do you need me to go slow baby ? ''
9397,i nipped her ear as she flooded my cock .
9398,"`` harder , please harder . ''"
9399,`` please what harder ? ''
9400,she did n't answer so i reached around and pinched her nipple .
9401,`` tell me or i 'll stop . ''
9402,i held still and she tried to f**k herself on my cock .
9403,i pulled back as if i was going to leave her body .
9404,"`` noooo , please , harder ... fuck me harder . ''"
9405,"fuck , i think that shit backfired on my ass , because her sweet voice saying those words triggered something inside me ."
9406,leaning up on my elbow i reached my hand around and fingered her clit .
9407,`` put your arm behind my neck . ''
9408,she complied with my order and i bent my head to her nipple .
9409,"she screamed and went off like a rocket from the dual pleasure , or was it triple ?"
9410,i f**ked into her hard as i played with her clit and sucked her nipple .
9411,"i imagined my son or daughter nursing at her bountiful tits some day soon and the next time her pu**y clenched around me , i shot off inside her ."
9412,it was harder than i imagined it would be to leave her the next day .
9413,"chapter 7 for the next three weeks , we stayed hidden away in our lover 's paradise ."
9414,"each day , i went off to work and left her home ."
9415,"and each night , i came home and after dinner , f**ked her into the wee hours of the morning ."
9416,"when it was time for her to go back to work , i thought i would lose my f**king mind ."
9417,i did n't want to share her with anyone .
9418,"i knew it was selfish ; she had a life , a career that she loved ."
9419,`` i want you to move in here with me . ''
9420,"she did n't seem too certain , still fighting those doubts i guess ."
9421,"`` scratch that , i 'll send a service over to help you pack up , but when i get home this evening your little ass better be here . ''"
9422,i left before she could give me an argument .
9423,i was pissed off the whole day and did n't know why .
9424,"in the last three weeks , i could pick up the phone and call her whenever i wanted ."
9425,now she was busy doing her thing .
9426,i did n't like it one f**king bit .
9427,when had i become this person ?
9428,"i knew that what i felt for this girl was more than i 'd ever felt before , but still , this overpowering need to possess her completely , to dominate her life , was new to me ."
9429,her upcoming show was out of town and i would n't be able to make it because of the timing .
9430,i was going to be without her for two weeks while she travelled outside the country for a eight night show .
9431,"she 'd been going to the studio to rehearse the last couple of days coming onto the end of our time together , but she 'd been there in the evenings ."
9432,"she never said what if anything her handlers had said about the arrangement , but that could be because i 'd let her know one day when she tried to broach the subject that i really did n't give a f**k. i heard her as soon as i cleared the door that evening ."
9433,"good , that meant i did n't have to hunt her down and drag her ass back home ."
9434,i 'd half expected her to disobey my order to be here when i got home .
9435,there were boxes in the living room and i breathed a little easier .
9436,looks like i was getting my way after all .
9437,`` hey ! ''
9438,she was in the kitchen when i walked up on her .
9439,she had n't heard me because she had earphones on .
9440,"pulling them out , she looked up at me with her little shy smile ."
9441,i knew she was fretting again about where we were going .
9442,i imagine moving in here with me was a big step for her .
9443,"she 'd never lived with a man before , and i had to keep reminding myself that she was young yet ."
9444,`` did everything go okay with the move today ? ''
9445,"`` yeah , i still have some stuff to bring over and some will have to go into storage . ''"
9446,`` did they give you any trouble with the lease ? ''
9447,`` uh about that ... i 'm not sure that i wan na give up the place just yet . ''
9448,i just looked at her not saying anything .
9449,"`` when i asked you to move in here , did you think i meant for a few weeks or something ? ''"
9450,"`` no , i do n't know . ''"
9451,`` take care of the lease shiane .
9452,or i will .
9453,"do n't forget , i 'm a businessman ."
9454,it makes no sense whatsoever for you to keep that place and pay the exorbitant rent for an empty apartment .
9455,"i understand that you still have doubts and fears , but i 'm not about to let them get in the way of things ."
9456,"i 've spent the last three weeks trying to show you , but apparently that was n't enough so you 're just gon na have to decide if you want to take a chance at happiness or not ."
9457,a word to the wise : i wo n't pay for someone else 's short- comings .
9458,"so if that 's what this is about , you can kill that shit right f**king now . ''"
9459,"it seemed like we were about to have our first real argument there for a minute , but then she backed down ."
9460,she needed me to take charge and i had no problem with that .
9461,"she 'd gone from under her parents ' care , straight to this manager 's handling , so basically , she 's been told what to do her whole life ."
9462,"some people rebel against that , but with shiane , it was quite the opposite ."
9463,she needed it .
9464,she left two days later for europe and i spent the time gathering as much information as i could on her manager and the other people around her .
9465,"i did n't like that pill deal she 'd told me about , and from some of the things she 'd said , i was n't too sure that her best interest was being taken care of ."
9466,"as her man , it was up to me to see that no one was taking advantage of her ."
9467,"and though our relationship had been spared the spotlight thus far , it was only a matter of time before word leaked out ."
9468,and how would it look for wall street 's whiz kid to be letting others take advantage of his woman ?
9469,"we talked every night after her show no matter what time it was , that was a stipulation that i 'd made before she left ."
9470,"she could get away during the day because i knew she was busy with rehearsals , but at night i needed to know that she was safe ."
9471,"we did facetime until she fell asleep ; each night , i could see that my baby was exhausted but she seemed to be having fun ."
9472,there was a lot of buzz in the headlines about her shows but i did n't listen or read any of it .
9473,that was until two days before she was due back .
9474,my assistant was reading one of those crappy magazines that were filled with half-truths and innuendo .
9475,that 's how i 'd always seen them until i saw my woman walking out of some restaurant in italy with her ex .
9476,i did n't want to fly off the handle ; the caption said the picture had been snapped the night before which had to mean it was before we 'd spoken and she had n't mentioned it to me .
9477,"my first instinct was to get on a plane and got drag her ass home after dealing with both of them , but common sense and rationality won out ."
9478,i could n't go half way around the world to kill her .
9479,"no , i 'll wait 'til she gets back and strangle her ass in the privacy of our own home ."
9480,"that night when she called , she still did n't mention it and i played like nothing was wrong ."
9481,there was something in her voice but i was n't quite sure what it was .
9482,`` so you 've got your final show tomorrow night yes ? ''
9483,"`` yes , and then i 'll be home . ''"
9484,`` i 'll be waiting . ''
9485,"the next night when she called , i did n't answer ."
9486,i 'd spent the whole day in a contained rage and had pretty much locked myself away in my office .
9487,"i 'd come to terms with the fact that i did n't believe for a second that she 'd cheated on me , but whatever reason she had for being with him was not good enough ."
9488,"and the fact that she had n't mentioned it to me , only infuriated me more ."
9489,she was home when i got in the next day .
9490,when she ran to me and jumped into my arms i held her close but did n't kiss her .
9491,she knew something was wrong and her eyes followed me across the room .
9492,`` is something wrong ? ''
9493,`` is there something you want to tell me shiane ? ''
9494,she looked at me at sea .
9495,i pulled out the magazine i 'd had hidden in the drawer of the little side table and threw it at her .
9496,her eyes widened when she saw it and she looked up at me with fear in her eyes .
9497,`` it 's not what it looks like .
9498,i can explain . ''
9499,i walked away from her and into the bedroom to remove my jacket and tie where she followed me a few seconds later .
9500,`` trace ... '' `` were you the one that was afraid of me cheating on you ? ''
9501,"she 'd never seen me this way before , so she had no way of knowing that the precise movements and contained tone was a sure sign that her ass was in trouble ."
9502,"`` but i did n't cheat , he was on tour because we have a few duets together and ... '' `` and you did n't tell me this because ... '' `` i did n't want to cause any problems . ''"
9503,she looked down at the floor and rung her hands .
9504,`` and the restaurant ? ''
9505,`` everyone was there that night . ''
9506,`` did you talk to him ? ''
9507,`` i ... '' i saw the answer in the guilty look in her eyes .
9508,`` take off your clothes . ''
9509,`` what ? ''
9510,`` now . ''
9511,she jumped and reached for the buttons on her shirt .
9512,i was naked by now and walked around to my closet .
9513,i came back out with my leather strap and she took one look at it and tried to make a run for it .
9514,`` you do n't really want to make this any worst than it already is do you ? ''
9515,that stopped her in her tracks but she was still halfway out of the room .
9516,`` come here ... do n't make me have to tell you again shiane . ''
9517,i almost caved when she turned big tear filled eyes my way .
9518,she took a deep breath to fortify herself and then walked slowly towards me with her head down .
9519,i did n't turn her over my knee .
9520,i was too angry for that .
9521,"instead , i brought the belt down across her ass and thighs as she hopped from foot to foot pleading with me to stop ."
9522,`` please trace nothing happened . ''
9523,"`` i do n't want to hear it , you had your chance to tell me this shit before you left here . ''"
9524,i gave her a good twenty hard blows with the belt until she was a crying slobbering mess .
9525,still not satisfied i left her there crying and walked out of the room .
9526,"i went for a long drive to cool down but by the time i got back , i was still no better than when i left ."
9527,she was in the middle of our bed with her arm locked around her bent knees rocking back and forth .
9528,we looked at each other but i still was n't ready to talk to her .
9529,i felt betrayed ; it was a new feeling for me .
9530,it had been a long time since anyone had had the guts to cross me .
9531,i headed into the shower in the hopes that the water would help to soothe my ragged nerves but no luck .
9532,"she was wearing my old tee shirt , which she 'd taken with her when she 'd left ."
9533,`` lose the shirt . ''
9534,she hurried to comply though i noticed her eyes fell to my hands to make sure she was n't about to get another whipping .
9535,i climbed onto the bed and turned her around roughly .
9536,"in the three weeks we 'd bee together , as hard as i 'd been f**king her , i 'd always held something back , but not tonight , tonight i was going to give her the f**king i 've been dying to but did n't because her little pu**y was still having trouble taking my cock ."
9537,"i did n't take the time to prepare her , this was a punishment after all , i planned to use her body tonight for my own pleasure until i 'd freed myself of this burning rage ."
9538,"i had her bent over in the middle of the bed , her legs spread , head down and her pu**y in the air ."
9539,"licking my fingers i ran them roughly over her pu**y , dipping my middle finger into her wet heat before straddling her from behind ."
9540,"i did n't knee behind her , that would n't achieve my aim ."
9541,"i stood with my legs on either side of hers , slightly bent ."
9542,from this angle i could drill down into her .
9543,i 'm sure it would be a little harder for her to take me in this position but i really could give a f**k at this point .
9544,"i ran my c**k ring up and down her slit until she started to get wet , then i slammed into her only giving her about half my length ."
9545,she screamed into the mattress and her body shook but i did n't stop pounding until i was balls deep in her upturned pu**y .
9546,"grabbing a fistful of her hair , i pulled her head back until i could see down into her eyes ."
9547,"i saw pain , but there was lust there as well as i battered her pu**y with my cock ."
9548,"when i felt her clenching , i pulled out and left her panting ."
9549,she looked over her shoulder at me but she did n't have the nerve to say anything to me .
9550,"when i was sure she was n't about to cum , i screwed my c**k back into her , pulling her ass up higher to keep her at the angle i wanted ."
9551,"i kept pulling out to tease her with the piercing in the end of my c**k because i knew how much she loved that , but not giving her enough to get her off ."
9552,"the hoarse cries told me that i was hurting her , even as her pu**y got wetter and wetter ."
9553,`` please trace . ''
9554,`` not another f**king word . ''
9555,i tugged on her hair for emphasis and she bit her lip .
9556,"she could n't hide the f**k me noises that seemed to come from her gut , and her pu**y was on fire ."
9557,i love those noises she made as i f**ked into her my c**k ring was hitting her just right and she started pushing back trying to get more of my twelve inches inside her .
9558,"as pissed as i was i held off though , because i knew her tight little pu**y could n't handle too much in this position , not so soon , it was going to take lots of f**king before that could happen without me tearing her ."
9559,"i pulled out and licked into her pu**y , going deep , she screamed and came in my mouth before i climbed back onto my feet and fed her eight inches of my meat ."
9560,that 's as deep as i could go before bottoming out inside her with her ass high in the air .
9561,"`` as soon as i 've broken in your tight little pu**y , i 'm going to ass f**k you . ''"
9562,she clenched around me and came again .
9563,i was n't anywhere near cumming so i settled in for a nice long f**k. her body was still shaking and her cries were dying down to low moans .
9564,she tried getting her hand under her to touch her sore pu**y but a hard smack on her ass stopped her in her tracks .
9565,`` do n't do it . ''
9566,"finally , i lowered her ass just a little and dropped to my knees behind her and the movement sent me all the way into her ."
9567,it triggered another one of her magnificent climaxes and she squeezed my c**k like a vise .
9568,i bit into the flesh of her back to her neck before pulling her head back and to the side for my tongue .
9569,`` i love you trace . ''
9570,"that stopped me mid stroke , the shock of it , but that did n't last too long ."
9571,"`` i love you too , but this is n't about that ."
9572,you f**ked up .
9573,i 'm pissed as f**k at you . ''
9574,i brought her off three more times until i felt my balls draw up to my body in preparation to blast .
9575,`` you do n't deserve my seed . ''
9576,i pulled out and pushed her away from me .
9577,she turned around in time to watch me jerk my seed into the sheets .
9578,her cry of dismay cut through the air as i climbed off the bed and headed to the shower .
9579,i was only in there two minutes when i felt her come in and stand in front of me .
9580,i kept my head back and eyes closed as i ran the cloth over my chest .
9581,"`` trace , i 'm so sorry ."
9582,i was n't thinking .
9583,i wo n't do it again .
9584,i promise . ''
9585,she was crying as her hands came up to touch me tentatively .
9586,i finished my shower without saying a word to her and walked away .
9587,i stripped the bed after drying myself off and putting on a pair of boxers .
9588,she was coming out of the shower by the time i was finished remaking the bed she looked at me as i passed her and left the room .
9589,"in the kitchen , i ignored the dinner she 'd made and made myself a sandwich before shutting myself away in my private office ."
9590,it was hours before i felt human again .
9591,i 'd called the detail i 'd had following her unbeknownst to her and got the same story from them .
9592,that eased my anger some but there was still the issue of why she did n't tell me that her ex was going to be on this trip .
9593,"from what they 'd said , he 'd been hounding her the whole time she was there but she 'd seemed disinterested ."
9594,"like i said , i never thought she 'd cheated on me with him ; i still did n't want her having anything at all to do with him ."
9595,"along with that , the reports on her manager were n't looking too good ."
9596,"it was just as i 'd suspected , he was using the young girl for his own gains ."
9597,she had been robbed of a good three million dollars in the two years she 'd been signed .
9598,money from different venues that i 'm sure she was n't even aware of .
9599,"she was n't hurting for money , not by a long shot , but still it was n't for him or anyone else to rip her off ."
9600,"before i confronted him though , i was still waiting for the results of the in depth investigation of everyone that had anything to do with her career ."
9601,she was curled into a ball on my side of the bed when i finally upstairs hours later .
9602,i stood over her for the longest time until i felt my heart settle .
9603,"i would n't have chosen a moment of anger in which to tell her that i loved her , but she 'd chosen the time and place ."
9604,"now it was out there , i 'd shown her my heart , as well as giving it to her ."
9605,"we could never go back now , from here on out we were one and for me that meant a whole lot of shit ."
9606,"she 'd only gotten a taste of the man tonight , if she f**ked up in the future it could be worst ."
9607,"turning away , i walked to my side and climbed in with my back to her ."
9608,"she must 've gravitated to me in her sleep , because i woke before the sun the next day to find her curled into my back ."
9609,"lifting my arm , i turned and pulled her into my arms ."
9610,she was barely awake when i turned her to her back and slipped into her wet heat .
9611,she clutched at me in her sleep before she came fully awake .
9612,`` trace ... '' her voice was that of a little girl lost .
9613,"`` shh , it 's okay i 'm here . ''"
9614,i pushed her hair back so i could look into her eyes as i stroked my c**k in and out of her .
9615,`` wrap your legs around me princess . ''
9616,she lifted her legs around my waist pulling me in deeper .
9617,"i never took my eyes off of hers ; i wanted to see what was there , what words could never say because there were n't enough ."
9618,when i came i captured her lips with mine and accepted her moans into my lungs as she gave me her sweet nectar .
9619,`` i love you . ''
9620,she tightened around me and cried out at my admission .
9621,chapter 8 things settled down somewhat after that and we lived a life of peaceful bliss for the next month and a half .
9622,i took her away on my jet for long weekends .
9623,"we played , we laughed we enjoyed each other and the more time went by , the more in love with her i became ."
9624,"i no longer questioned the strangeness of our meeting , or why it had been so easy for me to make the decisions i had after so many years of living and thinking one way ."
9625,"she was my beautiful girl , the owner of my heart ."
9626,"her career was doing extremely well , her records were going platinum all over the place and she was in high demand ."
9627,she had another local show coming up this weekend .
9628,this time i was ready when she approached my hesitantly to let me know that her ex was going to be performing at the show .
9629,i had had time to prepare myself since i 'd already gotten a line-up of what was in store for that night .
9630,i 've been following her career since the day we met and now i have all the information i needed to send her manager and a couple lawyers to jail .
9631,i have n't told her what i 'd found as yet .
9632,did n't want to upset her this close to her performance and i 'd only just got the last of the result .
9633,it had taken this long because the lawyers had been very slick with their thievery .
9634,"too bad for them i know how to follow the money trail , all i need is the scent ."
9635,i planned to tell her this weekend after the show though and i already had my lawyers on standby to take care of shit .
9636,shiane trace has been so unbelievably amazing in the last month or so .
9637,it 's like everyday he goes out of his way to relieve my fears .
9638,"maybe it 's because we were able to keep our romance out of the public eye , but i was having more fun being in love with him than i 'd ever thought possible ."
9639,i decided to take a page out of his book and try to really get to know him .
9640,"i 'd watch him when he was n't looking , and paid attention to the little things , like how he shielded my body with his whenever we were going somewhere ."
9641,how he always seemed to have to touch me whenever we were together no matter where we were ; or the way he 'd run his hand through my hair absentmindedly while we sat together watching a movie .
9642,i especially loved the way he made love to me .
9643,"ever since that night when he 'd punished me , which now when i think back on it was hot as hell ; he 's been this super boyfriend though it seems kinda weird thinking of him in that way , he 's so much more than a boy ."
9644,"i 'd told my family about him and dad and him had had a few private conversations over the last few weeks that i was n't privy to , but my family seemed to love and accept him even with the age difference ."
9645,now i have a show coming up tonight and i 'm more nervous than usual .
9646,"not because of the show itself , no , trace had taken care of that as ell ."
9647,he 'd found this lady that specialized in curing people like me .
9648,she just put me through this series of exercises that helped to calm me down before each appearance .
9649,it was an ongoing process but so far it seemed to be working .
9650,i no longer had that sick fear of bombing on stage .
9651,no tonight 's fear stemmed from the fact that donnie was there and i knew form our last one sided conversation that he was going to try to get back with me again .
9652,"because trace and i had been able to keep our relationship hidden , he along most of the known world were under the impression that i was still pining for him ."
9653,then there were the rumors of us sneaking around together .
9654,one tabloid had gone so far as to print that very suggestion .
9655,i thought trace would lose his mind .
9656,he 'd gone on a tear even going so far as to call up someone to handle the retraction and fire the person responsible .
9657,"i guess it was n't just the speculation that had sent him over the edge , but the fact that there was a photo shopped picture from the year before of me and donnie , only this one was made to look like it was more recent and well , let 's just say it did n't sit well with trace to see his woman as he put it , lip locked with some other dick ."
9658,apparently whatever he 'd done had worked because the following week there had been a retraction and an apology .
9659,will wonders never cease ?
9660,of course now we were down to crunch time .
9661,he 'd said that he was fine with the whole show deal but as the time drew nearer i could see that tic in his jaw working overtime .
9662,all i could do was hope for the best .
9663,`` shiane baby come in here . ''
9664,trace her show was in a couple hours and she 'd have to leave soon for prep .
9665,i 'd made peace with the fact that she was going to be sharing the stage with the ass**le ex for part of tonight 's show .
9666,"although i 'd told her that i was fine , the truth is that i 'm not the kind of man who could ever be okay with such a thing , but the contracts had been signed long before i came on the scene and it was her career ."
9667,i was going to make sure that this was the last time though .
9668,"after this series of engagements were over , there will never be another occasion when she would be allowed even in the same room as the prick ."
9669,she came into room already dressed to leave .
9670,i did n't say anything to her as i pulled her into my arms and fed her my tongue .
9671,my hand went down to her pu**y and she opened her legs to give me easier access .
9672,i rubbed her through her clothes as her breathing sped up and she smashed her tits into my naked chest .
9673,wordlessly i started to strip her clothes away as my c**k grew and pr**cum started leaking from my tip .
9674,"i had her spread out on the bed with my head between her thighs as i ate her pu**y , making sure to sink my tongue as deep as i could as i fingered her ass ."
9675,over the past weeks i 've been preparing her ass for my cock .
9676,she moaned and pushed her pu**y harder against my mouth .
9677,her juices ran down to the crack of her ass lubricating her nicely .
9678,"standing from between her legs where her pink pu**y was on full display with her juices glistening and calling to me , i helped her onto her hands and knees in the middle of the bed ."
9679,i teased her pu**y slit with my c**k head until pushed her ass up higher and begged me to f**k her .
9680,`` please trace . ''
9681,i slapped her ass once hard and she looked over her shoulder at me .
9682,her eyes were already glazed over and i knew she was already far-gone .
9683,`` please what ? ''
9684,"`` fuck me , f**k my pu**y hard . ''"
9685,"yes , that 's something else i 'd taught her , to be less inhibited in bed ."
9686,"at first her shyness ruled her , but i soon had her saying and doing anything she loved ."
9687,"i 'd explained to her that since i was the only sexual partner she 'd ever have for the rest of her life , who better to know what pleased her ?"
9688,and how will i know if she did n't tell me ?
9689,"that had opened up a whole new world to her , and i 'd learned a lot about my princess ."
9690,"she had a bit of the submissive in her , she liked for her man to take charge , not just in the bedroom either ."
9691,it was perfect since i 'm a controlling bastard and make no bones about it .
9692,i teased her pu**y some more before sinking my c**k all the way home .
9693,she arched her back and came like she always does as soon as i enter her .
9694,she says it 's because i hit her cervix each time and it triggers her .
9695,"i f**ked into her nice and slow , using my hand in her hair and the other on her hip to control her movements ."
9696,looking down between us i enjoyed the sight of my c**k covered in her pu**y cream as it went in and out of her .
9697,"`` your pu**y 's still so tight baby , f**k. '' she lowered her head to the mattress which sent her ass even higher into the air and had my c**k going in deeper and at a different angle ."
9698,"getting to my feet , i released her hair so i could hold both her hips and pull her back hard on my c**k as her pu**y opened and closed around my cock ."
9699,"i could see where my c**k was bulging out around the lips of her pu**y , the way they pulled out when i came out and folded in when i f**ked back in ."
9700,i knew she still could n't too much of a pounding in this position so it was slow going until she juiced all over my cock .
9701,i did n't want to cum in her pu**y just yet though i had other plans for tonight .
9702,"pulling out after she 'd come down , i licked her pu**y deep while using my fingers to rub our mixed juices into her tight ass**le ."
9703,she flinched and moaned as she pushed back against my fingers trying to get me to go deeper .
9704,"i probably should 've used a little sex toy on her ass to prepare her for my twelve inch cock , but i did n't want even a fake dick anywhere near her ."
9705,reaching off to the side i got the lube and oiled up my cock .
9706,she looked over her shoulder to see what i was doing and her eyes widened .
9707,`` trace ? ''
9708,"`` shh , it 's okay . ''"
9709,i ran my hands up and down her back around to her tits where i pulled and pinched them the way she likes .
9710,"i kept letting my c**k tap into her pu**y lips and her clit , which kept her preoccupied ."
9711,"when i was sure she was ready , i leaned over her back , then i had a thought ."
9712,`` did he f**k you in the ass ? ''
9713,"i had wrapped my hand around her throat unknowingly , it was only when she shook her head no that i realized what i 'd done ."
9714,"i did n't think she 'd ever anal before but i wanted to be sure , it was the reason i 'd chosen tonight after all ."
9715,"satisfied with her answer , i guided my c**k as gently as i could to her ass ."
9716,she was tight as was to be expected so i had to take me time and work my c**k into her ass in one-inch increments .
9717,"she tensed and her body tried to expel me but i soothed her with soft kisses around her ear and down her neck , whispering how beautiful she was and how much i loved her ."
9718,her ass relaxed enough for me to get a few inches in her and then i started the f**king motion in and out of her .
9719,"i 'm not really big on anal sex , but it was enjoyable on some occasions ."
9720,"the more she relaxed , the more dick i fed her until i was balls deep in her ass ."
9721,she was really getting into it now pushing her ass back hard against me until i was lying flat on her back pressing her into the bed .
9722,"her ass was the tightest f**king thing i 'd ever felt around my cock , and that was saying something because my baby has a tight cunt ."
9723,"`` when you 're on stage with him , i want you to remember who you belong to . ''"
9724,i slammed into her ass and her mouth opened in a soundless scream .
9725,i f**ked her to two orgasms but i myself did n't want to cum in her ass .
9726,"instead i pulled out and with a stern 'stay as you are ' , went into the bathroom to clean off my rock hard cock ."
9727,"coming back to the bed , i rolled her over onto her back and climbed between her legs pushing them farther apart with my hips ."
9728,i looked down at what i was doing as i led my c**k into her pu**y again .
9729,i did n't hurry ; i knew i was f**king with her because she should 've been gone half an hour ago .
9730,i did n't care ; this was my way of showing her who was in charge .
9731,"`` trace , we have to hurry i have to ... '' i caught her neck in my hand and surged into her hard ."
9732,"`` do n't rush me , we 're through when i say we are . ''"
9733,"i kissed her then , sending my tongue deep into her as i f**ked her nice and slow making her forget that she was way late ."
9734,she f**ked back at me her hips going wild as i kept teasing her with small strokes instead of the pounding she needed .
9735,"`` if he touches you , i 'll kill him . ''"
9736,she looked into my eyes before hers rolled back in her head and she came .
9737,"it was soon too much for me and though i did n't pound away at her like i always want to , i f**ked her to another climax as my balls unloaded in her womb ."
9738,i bit into her neck just as the last of my sperm was spilling into her .
9739,i smirked down at my handy work .
9740,let the little f**k think about that .
9741,chapter 9 she sat practically in my lap in the car on the way to the venue .
9742,her manager was not pleased to say the least and started in screaming until i told him to get f**ked .
9743,`` who are you ?
9744,hey are n't you ... '' i did n't bother to answer the f**ker as he stared from me to her and back .
9745,"she headed off to do her thing and i walked away from him , i was n't ready to deal with him right now ."
9746,i stood around backstage until it was almost time for the show to begin then went out and took my seat in the front row .
9747,"i 'd debated on whether or not this was a good idea , watching her perform with him , but in the end she 'd pleaded with me to come ."
9748,i guess it was best if i were here in the flesh to see what the hell the performance was like than reading about it second hand in some rag .
9749,"the buzz was that they were dy***ite on the stage , that they had great chemistry and all that other bullshit ."
9750,i settled in for a long night .
9751,i felt a huge sense of pride when she came out the first time and the crowd went wild .
9752,this was a much larger crowd than the one from the night we met and the whole place was on their feet .
9753,you would never know that less than two hours ago i had her bent over .
9754,she did n't look at all nervous and in fact seemed to be glowing .
9755,"it was halfway through , when i 'd finally felt the tension leave me and had relaxed and start to enjoy the show that he joined her on stage ."
9756,"the song was one of those dual tone numbers , slow in parts and fast in others ."
9757,i felt my fist fold the first time he had to get real close to her as they faced each other across the microphones .
9758,then ensued a sort of cat and mouse dance .
9759,he kept trying to put his arms around her waist or on her hip .
9760,"i was n't sure if that was part of the actual dance routine or just him being an ass , but the first time she threw a panicked look my way i knew it was a bit of both ."
9761,"the crowd seemed to read something else into it , as it appeared that she was playing hard to get , evading his roving hands and prancing away as she continued singing , only to be followed by him time and again ."
9762,"each time our eyes met i kept my face neutral , i did n't want to spoil her performance and like i said if this was part of her job then so be it ."
9763,but what i did n't like was the way he tried to manhandle her on the stage when it had nothing to do with their routine .
9764,do n't ask me how i knew those times so well .
9765,"i was reading her body language sure , but each time it happened she 'd send me a look and it would tip me off ."
9766,"i was n't mad at her though , not really , but him i 'd like to stomp into the f**king mud ."
9767,i left my seat and headed backstage just before the last number ended .
9768,i cold hear the roar of the crowd as she bid them goodnight for the second time after giving them the encore they 'd asked for .
9769,"i was in the shadows sort of , behind this huge potted plant , when she came back followed by the rest of the band , and the ass**le. ``"
9770,hey i 'm talking to you . ''
9771,he reached out to grab her arm and she pulled it out of his reach .
9772,`` the show is over donnie we have nothing more to say to each other for the rest of the night . ''
9773,`` that 's what you think .
9774,where did you get this ? ''
9775,he tried touching the mark i 'd left on her neck .
9776,she slapped her hand over it and backed up .
9777,`` that 's none of your business . ''
9778,`` it is my business when my woman is sporting a hickey from some other dude . ''
9779,"`` your woman , are you insane ?"
9780,we 've been over for months now would you please get out of my way ? ''
9781,she tried going around him and by this point i 'd seen all i needed to .
9782,i started forward but before i could reach them he 'd reached out and grabbed her and was trying to kiss her .
9783,the amazing this was that there were others heading backstage and no one seemed to witness the almost assault that was taking place right in front of them .
9784,that could be because their voices had been kept low throughout this whole exchange .
9785,as soon as his hand fisted in her blouse i was on him .
9786,`` get the f**k off her ass**le . ''
9787,i flung his hand away and got between the two of them .
9788,you could say i was pissed but trying to contain it .
9789,"i was no longer angry about the display on stage , i knew that was all him and though the world might see a very well coordinated dance routine , that 's all that it was ."
9790,"but this was something more , this was personal and this i would not allow ."
9791,"`` who the f**k are you , shiane who 's this ass**le ?"
9792,is he new security ?
9793,tell him who i am before i sue his ass . ''
9794,"`` listen you little shit , if you come anywhere near her again i 'll break every bone in your f**king body . ''"
9795,he looked at her wide eyed when he realized i meant every word .
9796,"then he stupidly reached out for her again , grabbing her hand this time and i saw red ."
9797,i punched him in the face until blood spurted from his mouth .
9798,"only the fact that he was so much younger than i , kept me from following through ."
9799,i grabbed her hand and pulled her out behind me mad as hell .
9800,i did n't have a jacket to give her this time but thankfully she was more covered up .
9801,`` did you leave anything back there that you needed ? ''
9802,i asked her after we were in the back of the car on the way home .
9803,she called one of her assistants to gather her shit .
9804,"that night i f**ked her like a beast , there was n't any part of her body that i did n't lick bite or kiss ."
9805,at one point she 'd cried because it was too much .
9806,i ate her little pu**y until the sting was eased and then slid back into her .
9807,we were both sore by the time i rolled away from her as the sun was rising .
9808,dragging her into my arms i cuddled her as we slept .
9809,"the next day i was all over the f**king front page , just what i needed ."
9810,some hack had been there taking pictures of the whole thing and the story broke .
9811,that 's how we were found out and since that night we could n't leave the house for weeks without a camera in our face .
9812,things cooled down when they realized they were n't gon na get anything more from us and my security was very good at evading their asses .
9813,they had no access to my private underground parking garage and since i had a whole fleet of cars to choose from they never knew which one we were in if i felt like taking my woman out for dinner .
9814,"since i did n't frequent the kind of establishments that catered to the paparazzi or that hired people who 'd tip them off to us being there , we were left relatively in peace after the hubbub had died down chapter 10 now it 's the night of the last show and she was pissing me off ."
9815,"we 'd had an argument of sorts that morning , well i would n't call it an argument exactly but there was definitely some tension ."
9816,"we were lazing around having breakfast doing our usual thing , which was something the therapist had told her was helpful for her anxiety ."
9817,i was reaching over to pour her some orange juice when she sideswiped me .
9818,`` trace are we gon na get married ? ''
9819,"she caught me off guard with that one , coming out of the blue like that and i guess i did n't handle the situation to her liking ."
9820,`` why do n't we talk about this later after you 're done with the show ? ''
9821,it was the best i could come up with on such short notice .
9822,for some reason my answer pissed her off .
9823,she 'd been showing her mettle a lot here lately once she realized i was n't the type to fold my fist and punch her in the face just for kicks .
9824,after she asked me that she got all quiet for the rest of the day and when she was n't slamming shit around the house she was ignoring me .
9825,i decided to leave her to her mad and do some work in my office .
9826,two hours before she was due to leave i cornered her in the shower and f**ked her against the stall although she 'd tried to give me shit at first .
9827,"`` mine , you do n't tell me no ever no matter how f**king pissed you are . ''"
9828,i had my hand covering her wet crotch when i said that and moved it away to enter her swiftly .
9829,"as much of a fuss as she 'd made by the time i had her pinned to the wall , her legs were wrapped around my waist and her fingers were digging into my scalp as i f**ked her to within an inch of her life ."
9830,she 'd cleaned my c**k off after i 'd off loaded inside her the second time and we 'd cleaned each other up after so i was under the impression that she was over her mad .
9831,now she pulled this f**king stunt .
9832,"we 'd had a few conversations about the way she dressed on stage and when she let it be known that she was n't too comfortable with some of the costumes either but her wardrobe people chose them , i 'd put my foot down ."
9833,her talent did n't need any gimmicks .
9834,"i did n't expect her to dress like a nun on stage but neither did i expect her to show her ass to the world , not when that ass was now the exclusive property of trace mckenzie ."
9835,i waited until the number was almost at an end and she would be headed backstage for a clothes change .
9836,i caught her as soon as she got off the stage and while her helpers were waiting to help her change i dragged her off to the dressing room and locked the door .
9837,"`` your next outfit had better be something more presentable shiane , or i swear to f**k , i will drag your ass off that f**king stage and take you home . ''"
9838,"`` do n't tell me how to do my job trace , i was doing this before we met and if you do n't like it ... '' my hand came up and went around her throat and i pulled her face close to mine ."
9839,"`` watch what the f**k you say to me little girl , i 'm holding onto my temper by a thread , so unless you want me to heat up your little ass when we get home you 'd better quit while you 're ahead . ''"
9840,`` maybe i wo n't be going home with you . ''
9841,she was pissed and obviously not thinking too clearly because of it or she would 've been more careful .
9842,i laughed in her face .
9843,"`` try it , there is n't a hole or rock big enough to hide your ass ."
9844,and if you get any one of these f**kers around here to help you hide from me i will destroy the f**k. '' i kissed her hard enough to bruise her lips before leaving her there .
9845,i knew what she wanted but she was just going to have to wait .
9846,i 'm a man and for a man there 's always the right way and a wrong way to do things .
9847,i headed back out my seat and that 's when she really did it .
9848,i thought i 'd made my point when i saw the long dress with the slit up the front .
9849,but then one of the male dancers came up behind her and wrapped his arm around her from behind while she sang to him and they did some sorta two- step dance .
9850,then he did something with his hand and the dress was at her feet .
9851,she kicked it out of the way as the crowd went wild .
9852,she had the nerve to dead at me was she sang and then and shook her ass at the crowd .
9853,i thought there was going to be a riot .
9854,i sat there for the rest of the set until she left the stage for the last time .
9855,by now my rage was a cool controlled anger simmering inside me .
9856,i said nothing as i went backstage where everyone was congratulating her on her performance .
9857,`` let 's go . ''
9858,i walked over and took her elbow . ''
9859,`` wait i have to ... '' one look at my face had her changing tact .
9860,she swallowed hard and i could see from her expression that she was finally getting that she 'd gone too far .
9861,all the way in the car i sat away from her while she kept shooting me furtive looks .
9862,i kept my face straight ahead and my fists clenched as they hung between my thighs .
9863,if i did anything else i 'm afraid i might strangle her ass .
9864,as soon as we got through the doors of home i grabbed her arm and headed for the bedroom and straight to where i kept the belt i used to wail her ass .
9865,`` stop trace you ca n't . ''
9866,she tried to pulling away from me which only enraged me more .
9867,"i grabbed the belt and was about to bring it down over her ass , not even waiting to get her undressed i was so pissed ."
9868,`` i 'm pregnant . ''
9869,"well f**k , that sure stopped me in my tracks ."
9870,`` what did you say ? ''
9871,"`` you ca n't spank me , i 'm pregnant . ''"
9872,i dropped the belt and stared down at her .
9873,there was something strange going on with my heart .
9874,"it was beating yes , but the rhythm was off somehow ."
9875,i felt a buzzing in my ears and i thin i lost sight there for a second .
9876,`` you 're pregnant ? ''
9877,i pulled her around to stand in front of me .
9878,she nodded and looked down at her feet .
9879,`` why did n't you tell me ? ''
9880,"`` i just found out , i was going to tell you , then i asked you that question this morning and you blew me off . ''"
9881,the memory seemed to renew her anger and she glared at me .
9882,"`` i was n't about to try to trap you with a baby , i do n't want to marry someone who does n't really want me for me , i 've had one ass**le in my life already . ''"
9883,i grabbed her neck and lifted her off her feet .
9884,`` i told you never to throw that f**ker in my face .
9885,just because you 're carrying my child do not think for one minute that i wo n't heat your little ass up .
9886,`` what the f**k ever gave you the idea that i did n't want to marry you ? ''
9887,`` you said ... '' she raised her voice and started to yell .
9888,"`` watch your f**king tone , you 're skating on thin f**king ice ."
9889,what the f**k ever gave you the idea that i 'm the kinda man who needs his woman to propose to him ?
9890,"that 's my place , not f**king yours no matter what some feminist new age f**k says . ''"
9891,"`` well it did n't look like you were gon na ask , now if you do , i 'll always know it was only because of your precious child . ''"
9892,i dragged her into the closet and over to the safe i kept hidden there .
9893,it took me a few tries to get the combination i was that f**king pissed .
9894,opening the safe i retrieved the little velvet box i 'd kept there for months .
9895,`` i bought this two days after we met .
9896,i was waiting for you to be finished with this before giving it to you .
9897,"`` trace i ... '' `` save it , i told you once i wo n't pay for what that ass**le did to you ."
9898,not that that 's clear let 's talk about that shit you pulled tonight . ''
9899,"`` i thought you did n't want me , i thought ... '' `` so you thought to get back at me by doing something that was sure to piss me off ."
9900,"just a warning for the future babe , you do not ever want to piss me off ."
9901,"i 'll be lenient with you when it comes to certain things , but outright disobedience will not be acceptable , not now not ever ."
9902,`` you want me to leave your ass you pull a stunt like this again .
9903,if i say no it means f**king no do you hear me ? ''
9904,`` yes . ''
9905,she mumbled .
9906,`` i 'm sorry . ''
9907,`` you 're too f**king spoilt for your own good .
9908,"i 'm not sure if i should let this slide , but i do n't want the news of my child 's conception to be marred by this f**kery , and since you 've spoiled my proposal you can live with that shit . ''"
9909,i took the box from her hand and put the five-carat diamond on her finger .
9910,this was not how i 'd wanted this to go .
9911,i 'd had everything planned out .
9912,i was going to take her to paris since that was her favorite place and propose to her there in one of their over priced swanky restaurants .
9913,that 's not my style but it 's hers so i was willing to do it to make the night special .
9914,i did n't make love to her that night .
9915,"not because of any punishment or anything like that , i think i was just overwhelmed a little if you wan na know the truth ."
9916,"i 'd gone from extremely pissed and ready to heat up her ass , to learning that i was going to be a daddy or a dad ."
9917,instead i helped her get ready for bed and held her as she gave into the fatigue of the long day and night .
9918,"once again i recalled my childhood , the always wanting , never having and never any hope of having ."
9919,"and the hunger , humiliation , all the things you can expect from a young boy whose parents neglected him ."
9920,"and then when lily came along , my beautiful little sister , i remembered the fear in my gut that i would n't be able to protect her ."
9921,"she was the one and only baby i 'd ever held in my arms , and the love i 'd felt then , could n't be compared to what i felt for the unborn child shiane now kept safe in her womb ."
9922,"i thought of her upcoming tour and knew there was no way i would let her go off on her own , not in her condition ."
9923,i came to the conclusion that it was time i delegated more at work .
9924,"i had men and women that i 'd hired , the best in their fields , sometimes straight out of college , but had yet to trust anyone to do what i did ."
9925,"it was an easy decision to make now , whereas before the thought gave me cold sweats ."
9926,"i took the hand with my ring on it and kissed her finger as i hoped and prayed that i would get this right , then being as gentle as i could and not awaken her ."
9927,i lowered my body until my lips were in line with her still flat stomach and made a promise to my son or daughter .
9928,"`` daddy will always be there little one , no matter what ; i ca n't wait to meet you . ''"
9929,"i felt the tears gather at the corner of my eyes , and though it had been years since i 'd shed one , i let them fall ."
9930,my heart had never been so full in my life .
9931,i held her until the dawn and that 's as long as i could hold out before taking her .
9932,"turning her silky soft body onto her back , i kissed my way down her body , stopping at her br**sts ."
9933,"i took the nipple of first one into my mouth , licking and sucking , pulling strong as i imagined one day my baby would , before going to the other ."
9934,"by the time i made my way down to her sweet cunt , she was writhing beneath me ."
9935,"i licked her clit until it was peeping out from under its hood , then spreading her pu**y lips open , i closed my eyes and feasted on her flesh , her taste bursting into my mouth as i dug deep with my tongue ."
9936,"sliding up her body , i slid into her going deep with one smooth thrust ."
9937,her eyes were sleep-warm as she looked up at me .
9938,"with my hands holding both sides of her head , i held it back so i could look into her eyes as i loved her ."
9939,`` i love knowing my child is inside you . ''
9940,i let one of my handles cover her stomach between us for a brief moment before gathering her in close .
9941,`` give me your mouth baby . ''
9942,"she lifted her lips to mine and we stayed like that , our lips locked together passionately as i worked my c**k in and out of her , her hips rising and falling with my thrusts ."
9943,"it was the most amazing experience of my life so far , and there was so much more to come ."
9944,i 'll make sure of it .
9945,epilogue he 's utterly unpredictable and totally insane my husband .
9946,i do n't think i 've ever known a more volatile person in my life .
9947,"my dad was an easy going mild mannered man , sure he and mom had their tiffs over the years when we were growing up , but i doubt he 's ever done or said half the things has done to me ."
9948,like spanking her ass with a belt .
9949,"since my announcement of my pregnancy , he 's added one other element , over protectiveness ."
9950,"do n't get me wrong , i love it , in fact i think i need it because my hormones have been out of whack from day one ; but i wondered how others would see him ."
9951,"it started with my management team of all things , and a couple of the lawyers that handled my contracts ."
9952,"the morning after our engagement , he 'd dropped the bombshell that they had been robbing me blind ."
9953,"i 'd sat there dumbfounded , not having the first clue as to what i was supposed to do next ."
9954,`` do n't worry princess i 've got it covered . ''
9955,'but how did they and why ? ''
9956,"`` the how is easy , you do n't know what you 're looking at when dealing with those things unless you 've done some kind of business class or you have someone reliable explain it to you . ''"
9957,"he was right i guess , as a small town girl , seeing all those zeros on my account balance was enough for me , i was just happy doing what i loved most and the fact that i was actually being paid , well ."
9958,`` the why is that they 're greedy f**ks and they saw you coming a mile off . ''
9959,i guess they never banked on trace mckenzie coming into my life and turning everything upside down .
9960,"i 'd wanted to do everything secretly after that , did n't want the brouhaha that would follow if the public got ahold of it ."
9961,trace wanted to burn them at the stake .
9962,in the end he convinced me that it was best to go public so that they would n't be free to do it to others .
9963,"turns out that was the right call , because after the story broke , others had come forward after realizing that they too had been victims of these unscrupulous men ."
9964,my tour started when i was five months along .
9965,trace somehow found the time to leave work for almost two months and accompany me .
9966,"i 'd had to do some rearranging which meant there were hardly any breaks in between cities , but i wanted to be done before i really started to show ."
9967,that 's when i saw the other side of him .
9968,he 'd hired all new management for me when i told him i was n't sure what to look for .
9969,he 'd threatened to fire my wardrobe staff until they had some kind of meeting and he got what he wanted .
9970,"in the end they 'd come up with more tasteful designs , though some of them were sexier than the ones i 'd worn before ."
9971,he was right you did n't have to be half naked on stage to get your point across .
9972,"one day we were sitting at the kitchen table , i was still sitting in his lap because we 'd just made love while our breakfast had grown cold ."
9973,"as he slipped out of my body i 'd said , 'you know we can do the proposal thing over ' ."
9974,he 'd given me one of his looks and that was that .
9975,i guess that ship had sailed .
9976,"i ca n't say that i felt deprived though , because in every way he was the perfect fiance and then husband ."
9977,our wedding was a very private affair in my hometown .
9978,he 'd moved heaven and earth to make it so and it was beautiful .
9979,"he was completely fascinated with my body these days , especially after i started to show ."
9980,there was n't a day that went by that he did n't spend at least an hour playing with my tummy and having these long drawn out conversations with whoever was in there .
9981,"now though , i think he 'd reached his limit ."
9982,`` trace it hurts . ''
9983,he leaned over me as he held my hand in his and brushed my hair back with the other .
9984,"`` i know baby , i know it will be better soon ."
9985,do something . ''
9986,that last was said to the doctor and nurses that were there in the delivery room .
9987,he had n't shouted the words that they carried more force than if he had .
9988,the way he seethed them through clenched teeth and glared at the room 's occupants .
9989,if i were n't in so much pain i would 've found it funny .
9990,`` she 's coming along just fine mr. mckenzie .
9991,"just one more push shiane , that 's a good girl . ''"
9992,i bore down with all my might as trace held my hand and whispered in my ear how proud he was of me and how beautiful i was .
9993,i think it was his voice more so than anything urging from the doctor that gave me the extra boost i needed to push my son out into the world .
9994,i laughed and cried as i heard his loud wails fill the room .
9995,trace never took his eyes off mine until the oh-oh from the doctor .
9996,`` oh-oh ?
9997,"no f**king oh-oh , what the f**k is oh-oh ? ''"
9998,he was ready to tear the poor woman 's head off before she explained .
9999,i was in too much of a daze from the new pain wracking my body to help .
